[
    {
        "model": "core.itemnamemaster",
        "pk": "0051a105-5feb-4525-925d-42f73cd2951f",
        "fields": {
            "name": "BROKEN DIAMONDS",
            "code": null,
            "company": null
        }
    },
    {
        "model": "core.itemnamemaster",
        "pk": "08a248f1-bbe6-4913-85e4-f820bfa78537",
        "fields": {
            "name": "HAND CUFF",
            "code": null,
            "company": null
        }
    },
    {
        "model": "core.itemnamemaster",
        "pk": "097c0807-6c73-4ea4-b8f1-fddcaca4149e",
        "fields": {
            "name": "BANGLE",
            "code": null,
            "company": null
        }
    },
    {
        "model": "core.itemnamemaster",
        "pk": "11739d14-2390-4db4-b5d1-f223dfd8a90d",
        "fields": {
            "name": "BRIOLETS",
            "code": null,
            "company": null
        }
    },
    {
        "model": "core.itemnamemaster",
        "pk": "1750b4da-1ea4-4056-95ff-83f60d4bd2c0",
        "fields": {
            "name": "POLKI EARRINGS",
            "code": null,
            "company": null
        }
    },
    {
        "model": "core.itemnamemaster",
        "pk": "17902149-ae37-4245-a6f7-cdde5fdac25c",
        "fields": {
            "name": "PENDANT SET",
            "code": null,
            "company": null
        }
    },
    {
        "model": "core.itemnamemaster",
        "pk": "18307bf6-ae46-4956-a59f-8766e80e9d37",
        "fields": {
            "name": "NOSEPIN",
            "code": null,
            "company": null
        }
    },
    {
        "model": "core.itemnamemaster",
        "pk": "1b574f56-1724-4adf-9854-f1daa34b4eac",
        "fields": {
            "name": "NS RING",
            "code": null,
            "company": null
        }
    },
    {
        "model": "core.itemnamemaster",
        "pk": "202de001-7159-4179-b232-446c236c5e39",
        "fields": {
            "name": "BLACK BEEDS",
            "code": null,
            "company": null
        }
    },
    {
        "model": "core.itemnamemaster",
        "pk": "203378f7-c258-4635-a379-3e5d659dcf7a",
        "fields": {
            "name": "EVIE EYE",
            "code": null,
            "company": null
        }
    },
    {
        "model": "core.itemnamemaster",
        "pk": "221dc127-518a-43a1-8e16-c63bf4cfe0af",
        "fields": {
            "name": "CUSTOMER CVD DIAMOND",
            "code": null,
            "company": null
        }
    },
    {
        "model": "core.itemnamemaster",
        "pk": "2344d8d4-d48a-4424-820e-93c6e8d603bf",
        "fields": {
            "name": "NATURAL DIAMOND POLKI",
            "code": null,
            "company": null
        }
    },
    {
        "model": "core.itemnamemaster",
        "pk": "240bf616-2ece-4226-8906-4a7736c4411b",
        "fields": {
            "name": "IMMITATION SAMPLE",
            "code": null,
            "company": null
        }
    },
    {
        "model": "core.itemnamemaster",
        "pk": "2437538c-e9e1-4d42-a630-0ca7f8499bb6",
        "fields": {
            "name": "PEAR CAB",
            "code": null,
            "company": null
        }
    },
    {
        "model": "core.itemnamemaster",
        "pk": "261865bd-f4f2-4bea-80d6-62a9820d4503",
        "fields": {
            "name": "MENS RINGS",
            "code": null,
            "company": null
        }
    },
    {
        "model": "core.itemnamemaster",
        "pk": "26b08736-2d88-4146-815f-8a80a3145de4",
        "fields": {
            "name": "AMYTHYST",
            "code": null,
            "company": null
        }
    },
    {
        "model": "core.itemnamemaster",
        "pk": "2b242bdb-89cd-4aeb-9442-387a7de0c2ec",
        "fields": {
            "name": "MOSSAN ITE POLKY",
            "code": null,
            "company": null
        }
    },
    {
        "model": "core.itemnamemaster",
        "pk": "30f9cbf6-6ed7-45a0-8779-eb0353746da9",
        "fields": {
            "name": "TJW - NECKLACE",
            "code": null,
            "company": null
        }
    },
    {
        "model": "core.itemnamemaster",
        "pk": "33c11b60-6360-4675-83fc-69cd3f44e934",
        "fields": {
            "name": "VCA FLOWER",
            "code": null,
            "company": null
        }
    },
    {
        "model": "core.itemnamemaster",
        "pk": "368343ac-3745-417d-9190-6afad9dec359",
        "fields": {
            "name": "CUSTOMER MOISSANITE",
            "code": null,
            "company": null
        }
    },
    {
        "model": "core.itemnamemaster",
        "pk": "38cddb74-0103-44e4-9bfe-300194598c68",
        "fields": {
            "name": "HALF BANGLE",
            "code": null,
            "company": null
        }
    },
    {
        "model": "core.itemnamemaster",
        "pk": "3bb2297d-1229-459d-8742-33084108dd0c",
        "fields": {
            "name": "NECKLACE SET EARRINGS",
            "code": null,
            "company": null
        }
    },
    {
        "model": "core.itemnamemaster",
        "pk": "3bdad72b-42ff-4cf8-875e-c15844c849b9",
        "fields": {
            "name": "MEN'S EARRINGS",
            "code": null,
            "company": null
        }
    },
    {
        "model": "core.itemnamemaster",
        "pk": "3da34685-a487-4552-add8-52ab355cc7c8",
        "fields": {
            "name": "GIA",
            "code": null,
            "company": null
        }
    },
    {
        "model": "core.itemnamemaster",
        "pk": "44b2e43c-99f2-4a67-81ae-32149b557a64",
        "fields": {
            "name": "MOISSANITE",
            "code": null,
            "company": null
        }
    },
    {
        "model": "core.itemnamemaster",
        "pk": "46443389-9ec7-4474-b986-9ca393fe98d3",
        "fields": {
            "name": "MANGALSUTRA",
            "code": null,
            "company": null
        }
    },
    {
        "model": "core.itemnamemaster",
        "pk": "4cdffccf-b861-4469-aa9a-45f4872add97",
        "fields": {
            "name": "ASV LADIES RING",
            "code": null,
            "company": null
        }
    },
    {
        "model": "core.itemnamemaster",
        "pk": "4ce4c426-b899-4d2f-96a3-4177a6600b6a",
        "fields": {
            "name": "PENDANT",
            "code": null,
            "company": null
        }
    },
    {
        "model": "core.itemnamemaster",
        "pk": "4de0d617-f5eb-4054-b21e-b8391114497d",
        "fields": {
            "name": "PARTY DIAMOND",
            "code": null,
            "company": null
        }
    },
    {
        "model": "core.itemnamemaster",
        "pk": "58de6e08-295e-4f13-a1e7-c78ed7471254",
        "fields": {
            "name": "BALI (EARRRINGS)",
            "code": null,
            "company": null
        }
    },
    {
        "model": "core.itemnamemaster",
        "pk": "5a2db45b-67f9-4fce-ba8f-43dc19feda5b",
        "fields": {
            "name": "GOLD CHAKI ( SCREW)",
            "code": null,
            "company": null
        }
    },
    {
        "model": "core.itemnamemaster",
        "pk": "5aac0e3b-423f-418d-a618-5afdee778d1b",
        "fields": {
            "name": "CHAIN 18K",
            "code": null,
            "company": null
        }
    },
    {
        "model": "core.itemnamemaster",
        "pk": "5c483f68-31af-441f-a603-2d1702244cd1",
        "fields": {
            "name": "TJW TENNIS BRACELETS",
            "code": null,
            "company": null
        }
    },
    {
        "model": "core.itemnamemaster",
        "pk": "5eb647fe-313c-4a8e-bba3-c623df626d50",
        "fields": {
            "name": "SHRUTIKA - NECKLACE",
            "code": null,
            "company": null
        }
    },
    {
        "model": "core.itemnamemaster",
        "pk": "62d5e689-5888-455d-9767-c359bb87ddcd",
        "fields": {
            "name": "ASV EARRINGS",
            "code": null,
            "company": null
        }
    },
    {
        "model": "core.itemnamemaster",
        "pk": "635dd753-07f2-4cb9-93ea-2535062e9dea",
        "fields": {
            "name": "HRDIGI",
            "code": null,
            "company": null
        }
    },
    {
        "model": "core.itemnamemaster",
        "pk": "638b9a24-a699-42c6-887e-1e8b934e2d47",
        "fields": {
            "name": "POLKI NK",
            "code": null,
            "company": null
        }
    },
    {
        "model": "core.itemnamemaster",
        "pk": "661602d0-9282-4c8c-b3ba-51c1ffe5418d",
        "fields": {
            "name": "CUSTOMER CHAIN",
            "code": null,
            "company": null
        }
    },
    {
        "model": "core.itemnamemaster",
        "pk": "67448166-31fd-4e4a-bf73-546018fa8419",
        "fields": {
            "name": "VAN CLEEF BRACELET",
            "code": null,
            "company": null
        }
    },
    {
        "model": "core.itemnamemaster",
        "pk": "67cfb098-7fc8-443a-9704-e8812c73527f",
        "fields": {
            "name": "A D DIAMONDS",
            "code": null,
            "company": null
        }
    },
    {
        "model": "core.itemnamemaster",
        "pk": "6a002f13-8e61-4e6c-8494-b2311f8debc9",
        "fields": {
            "name": "TJW - EARRINGS",
            "code": null,
            "company": null
        }
    },
    {
        "model": "core.itemnamemaster",
        "pk": "6bfc1080-dc2a-4bd7-b546-eaee1d128ebf",
        "fields": {
            "name": "TJW-PENDANT",
            "code": null,
            "company": null
        }
    },
    {
        "model": "core.itemnamemaster",
        "pk": "6c365ed7-7e66-4835-bf48-81c9591c9679",
        "fields": {
            "name": "GOLD CHAIN 18K/ 14K",
            "code": null,
            "company": null
        }
    },
    {
        "model": "core.itemnamemaster",
        "pk": "6e0d6741-88ed-438c-bd04-b22e9b3ca479",
        "fields": {
            "name": "RUBY",
            "code": null,
            "company": null
        }
    },
    {
        "model": "core.itemnamemaster",
        "pk": "6e9b9cf6-129e-4f35-a34c-c0e85ab9b9fc",
        "fields": {
            "name": "TENNIS BRACELET",
            "code": null,
            "company": null
        }
    },
    {
        "model": "core.itemnamemaster",
        "pk": "6eeff338-24d8-47d3-819f-2822d8dc09e0",
        "fields": {
            "name": "NECKLACE SET",
            "code": null,
            "company": null
        }
    },
    {
        "model": "core.itemnamemaster",
        "pk": "72970e47-1af9-4156-9187-26bcbdc160a9",
        "fields": {
            "name": "CHAIN 14K",
            "code": null,
            "company": null
        }
    },
    {
        "model": "core.itemnamemaster",
        "pk": "73d2df16-4190-455e-8407-dee98d0c2e28",
        "fields": {
            "name": "EARRINGS",
            "code": null,
            "company": null
        }
    },
    {
        "model": "core.itemnamemaster",
        "pk": "7a9fa58f-a7a1-458c-b4be-b2935507de14",
        "fields": {
            "name": "14K GOLD MISC.",
            "code": null,
            "company": null
        }
    },
    {
        "model": "core.itemnamemaster",
        "pk": "7b4a25a6-830b-48f1-9dbd-bee2746f1ba9",
        "fields": {
            "name": "MAANG TIKKA",
            "code": null,
            "company": null
        }
    },
    {
        "model": "core.itemnamemaster",
        "pk": "80284feb-817b-43b0-8a1c-3375090d31f7",
        "fields": {
            "name": "PEARL",
            "code": null,
            "company": null
        }
    },
    {
        "model": "core.itemnamemaster",
        "pk": "809cd0aa-0227-4dd0-a562-213d492819ee",
        "fields": {
            "name": "SOLITAIRE",
            "code": null,
            "company": null
        }
    },
    {
        "model": "core.itemnamemaster",
        "pk": "81e5942d-1052-4612-a8d9-c38a9dbb58a4",
        "fields": {
            "name": "MOTHER OF PEARL",
            "code": null,
            "company": null
        }
    },
    {
        "model": "core.itemnamemaster",
        "pk": "8251b06d-4359-4727-8216-15a13c8873c7",
        "fields": {
            "name": "CHAIN KADI",
            "code": null,
            "company": null
        }
    },
    {
        "model": "core.itemnamemaster",
        "pk": "825bd094-7b15-4535-80a2-dee812086aaf",
        "fields": {
            "name": "MALACHITE",
            "code": null,
            "company": null
        }
    },
    {
        "model": "core.itemnamemaster",
        "pk": "82e4682e-d93d-4656-ba87-2bd82547eeaf",
        "fields": {
            "name": "BROACH",
            "code": null,
            "company": null
        }
    },
    {
        "model": "core.itemnamemaster",
        "pk": "8874563d-832a-4d93-a0c7-de483b233a9c",
        "fields": {
            "name": "RHODIUM",
            "code": null,
            "company": null
        }
    },
    {
        "model": "core.itemnamemaster",
        "pk": "89cd756d-6f90-4e20-a819-47e929a6dd9c",
        "fields": {
            "name": "ring3",
            "code": null,
            "company": "0d1fac01-4068-42b0-a8f6-f2c47375185d"
        }
    },
    {
        "model": "core.itemnamemaster",
        "pk": "89f43e39-746e-4cc4-9f5a-1bf120b655da",
        "fields": {
            "name": "WATCH",
            "code": null,
            "company": null
        }
    },
    {
        "model": "core.itemnamemaster",
        "pk": "8a2f01f6-7681-4463-ad22-0b70c34da177",
        "fields": {
            "name": "OLD GOLD",
            "code": null,
            "company": null
        }
    },
    {
        "model": "core.itemnamemaster",
        "pk": "8ad14acb-abf8-4384-be72-4de22fcce996",
        "fields": {
            "name": "SOLITARE CHAIN",
            "code": null,
            "company": null
        }
    },
    {
        "model": "core.itemnamemaster",
        "pk": "8da2d7c4-0af1-4844-b2e0-e456ce694395",
        "fields": {
            "name": "PURE GOLD",
            "code": null,
            "company": null
        }
    },
    {
        "model": "core.itemnamemaster",
        "pk": "8e8d813e-3f24-4602-b2e1-7b3634801a85",
        "fields": {
            "name": "LADIES RING",
            "code": null,
            "company": null
        }
    },
    {
        "model": "core.itemnamemaster",
        "pk": "92195f3f-7682-44b2-956e-f399eb17a3a0",
        "fields": {
            "name": "SHRUTIKA EAARRINGS",
            "code": null,
            "company": null
        }
    },
    {
        "model": "core.itemnamemaster",
        "pk": "9229a1fd-516f-48fb-8468-9e31ea0a0e9c",
        "fields": {
            "name": "NECKLACE",
            "code": null,
            "company": null
        }
    },
    {
        "model": "core.itemnamemaster",
        "pk": "92b83465-0386-4dfd-873a-e95d87814bce",
        "fields": {
            "name": "DIAMOND",
            "code": null,
            "company": null
        }
    },
    {
        "model": "core.itemnamemaster",
        "pk": "935833f6-424e-4bb2-9b4e-4413c2c3acb5",
        "fields": {
            "name": "NOSERING",
            "code": null,
            "company": null
        }
    },
    {
        "model": "core.itemnamemaster",
        "pk": "94f06b34-c901-4068-8b92-1993011e08f8",
        "fields": {
            "name": "POLKI RING",
            "code": null,
            "company": null
        }
    },
    {
        "model": "core.itemnamemaster",
        "pk": "9630ef41-9453-4c7a-a161-fb9d5d39c17b",
        "fields": {
            "name": "MEENA",
            "code": null,
            "company": null
        }
    },
    {
        "model": "core.itemnamemaster",
        "pk": "9bab1cc5-442a-43e9-8e32-dedda9f3b1a2",
        "fields": {
            "name": "CUSTOMER GEM STONE",
            "code": null,
            "company": null
        }
    },
    {
        "model": "core.itemnamemaster",
        "pk": "9cc65fa6-8754-418d-b04c-78ed8ab71167",
        "fields": {
            "name": "FISH LOCK",
            "code": null,
            "company": null
        }
    },
    {
        "model": "core.itemnamemaster",
        "pk": "9f27efec-76d6-4cef-b67a-de6e8dc51f23",
        "fields": {
            "name": "MENS BRACELETS",
            "code": null,
            "company": null
        }
    },
    {
        "model": "core.itemnamemaster",
        "pk": "a2784b9b-fb84-4bac-ab8e-a60c786daa8e",
        "fields": {
            "name": "TOURMALINE",
            "code": null,
            "company": null
        }
    },
    {
        "model": "core.itemnamemaster",
        "pk": "a47563d1-4a8b-4960-883b-848c7ef488f8",
        "fields": {
            "name": "PUKHRAJ",
            "code": null,
            "company": null
        }
    },
    {
        "model": "core.itemnamemaster",
        "pk": "ae101bcc-fd1b-4e44-91e2-f0d982b66c1d",
        "fields": {
            "name": "CUSHION",
            "code": null,
            "company": null
        }
    },
    {
        "model": "core.itemnamemaster",
        "pk": "af7e3dcc-2bcb-4fab-a7d3-74bec60dcfc4",
        "fields": {
            "name": "POLISH AND RHODIUM &SOLDER",
            "code": null,
            "company": null
        }
    },
    {
        "model": "core.itemnamemaster",
        "pk": "b2c544b0-5ec4-4343-9c3e-5442241d6d20",
        "fields": {
            "name": "ILLUSION SQ.CUSHION",
            "code": null,
            "company": null
        }
    },
    {
        "model": "core.itemnamemaster",
        "pk": "b44ec07a-de15-4b71-90aa-04f168d7dd9c",
        "fields": {
            "name": "POLKI",
            "code": null,
            "company": null
        }
    },
    {
        "model": "core.itemnamemaster",
        "pk": "b4892ed1-2f6b-4853-837b-65ba37cb6a05",
        "fields": {
            "name": "GOLD CHAIN",
            "code": null,
            "company": null
        }
    },
    {
        "model": "core.itemnamemaster",
        "pk": "b515ebb8-317b-496d-ba48-645016374bda",
        "fields": {
            "name": "FRESHWATER PEARLS",
            "code": null,
            "company": null
        }
    },
    {
        "model": "core.itemnamemaster",
        "pk": "b7356c79-cd47-4810-9175-35ca97fc624c",
        "fields": {
            "name": "MOISSANITE POLKY",
            "code": null,
            "company": null
        }
    },
    {
        "model": "core.itemnamemaster",
        "pk": "b8068274-090a-4086-97bb-28e07ecef645",
        "fields": {
            "name": "TJW -BRACELETS",
            "code": null,
            "company": null
        }
    },
    {
        "model": "core.itemnamemaster",
        "pk": "b91bfcfa-c3ef-42cf-be1e-37fc06f8ab7b",
        "fields": {
            "name": "SHRUTIKA RING",
            "code": null,
            "company": null
        }
    },
    {
        "model": "core.itemnamemaster",
        "pk": "bb723120-5c93-4997-b936-911dd64f43cb",
        "fields": {
            "name": "PLATINUM MENS RING",
            "code": null,
            "company": null
        }
    },
    {
        "model": "core.itemnamemaster",
        "pk": "bed66ccd-dbd3-4e9a-a2a0-7c011d21f115",
        "fields": {
            "name": "NECKLACE SOKTI",
            "code": null,
            "company": null
        }
    },
    {
        "model": "core.itemnamemaster",
        "pk": "bf74deed-4dd8-402f-9023-eb9af006e043",
        "fields": {
            "name": "PENDANT SET EARRINGS",
            "code": null,
            "company": null
        }
    },
    {
        "model": "core.itemnamemaster",
        "pk": "c2c22e42-f65d-4935-ae5e-9adb6d2562c1",
        "fields": {
            "name": "MISC",
            "code": null,
            "company": null
        }
    },
    {
        "model": "core.itemnamemaster",
        "pk": "c641ae94-a755-4f74-86f8-af639d9fb355",
        "fields": {
            "name": "TJW - NECKLACE SET EARRINGS",
            "code": null,
            "company": null
        }
    },
    {
        "model": "core.itemnamemaster",
        "pk": "c75064cd-3cf8-42a1-b4a4-fb6243008fc9",
        "fields": {
            "name": "POLKI BANGLE",
            "code": null,
            "company": null
        }
    },
    {
        "model": "core.itemnamemaster",
        "pk": "c9d2a5b0-3633-4966-829c-16904f2ae8ec",
        "fields": {
            "name": "EMERALD",
            "code": null,
            "company": null
        }
    },
    {
        "model": "core.itemnamemaster",
        "pk": "ccd8de8f-e8e0-411e-80b8-93250fbc83a2",
        "fields": {
            "name": "CVD DIAMOND",
            "code": null,
            "company": null
        }
    },
    {
        "model": "core.itemnamemaster",
        "pk": "d145a643-3fb6-406c-9615-923fd1e9b018",
        "fields": {
            "name": "COLOUR STONES",
            "code": null,
            "company": null
        }
    },
    {
        "model": "core.itemnamemaster",
        "pk": "d195b6a7-608f-43b1-8860-96e880234f6c",
        "fields": {
            "name": "PEARL BEEDS",
            "code": null,
            "company": null
        }
    },
    {
        "model": "core.itemnamemaster",
        "pk": "d60865b2-0858-45f3-acf3-f80577d80f12",
        "fields": {
            "name": "CUSTOMER COLOUR STONE",
            "code": null,
            "company": null
        }
    },
    {
        "model": "core.itemnamemaster",
        "pk": "d647029e-aef1-46b4-bc69-3e0cf4f444e7",
        "fields": {
            "name": "HK PEARLS",
            "code": null,
            "company": null
        }
    },
    {
        "model": "core.itemnamemaster",
        "pk": "d784583c-5ec5-4d74-9120-812f62425a45",
        "fields": {
            "name": "NAYNA STOCK",
            "code": null,
            "company": null
        }
    },
    {
        "model": "core.itemnamemaster",
        "pk": "dee71477-501b-45ad-9e2c-3b54db554313",
        "fields": {
            "name": "BRACELET",
            "code": null,
            "company": null
        }
    },
    {
        "model": "core.itemnamemaster",
        "pk": "df8b988d-e576-442f-a466-c007e43e393d",
        "fields": {
            "name": "TENNIS BRACELETS",
            "code": null,
            "company": null
        }
    },
    {
        "model": "core.itemnamemaster",
        "pk": "dffe65f9-e73d-4e37-9c44-3f8fcecada4d",
        "fields": {
            "name": "DIAMOND CHAIN",
            "code": null,
            "company": null
        }
    },
    {
        "model": "core.itemnamemaster",
        "pk": "e3f1482b-8e73-4d3d-b733-0c0fd9230caa",
        "fields": {
            "name": "POLKI NK + ER",
            "code": null,
            "company": null
        }
    },
    {
        "model": "core.itemnamemaster",
        "pk": "e4933553-ce4c-4342-9950-a3ad222e48ee",
        "fields": {
            "name": "OLD DIAMOND",
            "code": null,
            "company": null
        }
    },
    {
        "model": "core.itemnamemaster",
        "pk": "e5845118-28bc-468c-a5f1-c761b82aa642",
        "fields": {
            "name": "Tanzania",
            "code": null,
            "company": null
        }
    },
    {
        "model": "core.itemnamemaster",
        "pk": "e585ab1c-1e26-4a79-8719-0b3da9813d38",
        "fields": {
            "name": "GOLD CHAIN 22K",
            "code": null,
            "company": null
        }
    },
    {
        "model": "core.itemnamemaster",
        "pk": "e84c119b-22ae-40cf-9be9-c9261bf872cd",
        "fields": {
            "name": "TJW - RING",
            "code": null,
            "company": null
        }
    },
    {
        "model": "core.itemnamemaster",
        "pk": "ec2848fe-237f-4c8b-afda-eafe43fe66cd",
        "fields": {
            "name": "DOSSIER",
            "code": null,
            "company": null
        }
    },
    {
        "model": "core.itemnamemaster",
        "pk": "ec90dd7d-b59c-4116-a567-5cf1f41c501f",
        "fields": {
            "name": "BELT BUCKAL",
            "code": null,
            "company": null
        }
    },
    {
        "model": "core.itemnamemaster",
        "pk": "f3e205c8-0b43-453f-bfd2-1a0f70d2d399",
        "fields": {
            "name": "CHANGEABLE COLOUR STONE",
            "code": null,
            "company": null
        }
    },
    {
        "model": "core.itemnamemaster",
        "pk": "f51db2fb-c7f3-411a-8ad7-32dc95bd6a61",
        "fields": {
            "name": "OMEGA CLIP",
            "code": null,
            "company": null
        }
    },
    {
        "model": "core.itemnamemaster",
        "pk": "f61313ec-1abf-4ca0-9781-6ccf84f765ef",
        "fields": {
            "name": "BLUE PHIROZA",
            "code": null,
            "company": null
        }
    },
    {
        "model": "core.itemnamemaster",
        "pk": "f969e69f-d516-479b-8e97-ee28e545642b",
        "fields": {
            "name": "GEM STONE",
            "code": null,
            "company": null
        }
    },
    {
        "model": "core.itemnamemaster",
        "pk": "f9a4dd62-5a8b-4e38-bca0-2e5c85132f8d",
        "fields": {
            "name": "CUSTOMER DIAMOND",
            "code": null,
            "company": null
        }
    },
    {
        "model": "core.itemnamemaster",
        "pk": "fa58a093-93e8-4cae-8780-3c05b6b42e10",
        "fields": {
            "name": "OLD SILVER",
            "code": null,
            "company": null
        }
    },
    {
        "model": "core.itemnamemaster",
        "pk": "fb21ea33-b9a5-4c0f-8005-c2e8494541ed",
        "fields": {
            "name": "BROKEN DIAMOND",
            "code": null,
            "company": null
        }
    },
    {
        "model": "core.itemnamemaster",
        "pk": "fe54ac7b-eb30-4b33-8512-b0be250200e6",
        "fields": {
            "name": "GOLD BRACELET",
            "code": null,
            "company": null
        }
    },
    {
        "model": "core.shapemaster",
        "pk": "1c2bae4a-b364-42ec-a661-1f96c88565f0",
        "fields": {
            "name": "Asscher",
            "code": null,
            "company": null
        }
    },
    {
        "model": "core.shapemaster",
        "pk": "231a21ad-6dc9-4335-be37-6334091c8b0c",
        "fields": {
            "name": "Cushion",
            "code": null,
            "company": null
        }
    },
    {
        "model": "core.shapemaster",
        "pk": "235f4c36-d2c9-4b1f-a4bb-f1c1a7b25e46",
        "fields": {
            "name": "Radiant",
            "code": null,
            "company": null
        }
    },
    {
        "model": "core.shapemaster",
        "pk": "268f5ec5-2f44-4924-a232-ddfb0026e013",
        "fields": {
            "name": "Pear",
            "code": null,
            "company": null
        }
    },
    {
        "model": "core.shapemaster",
        "pk": "43457f15-d3d2-4d68-96c1-1aaa8c51ec37",
        "fields": {
            "name": "Round",
            "code": null,
            "company": null
        }
    },
    {
        "model": "core.shapemaster",
        "pk": "60e519dc-11ef-42a7-9e1b-6e34d37ab208",
        "fields": {
            "name": "Oval",
            "code": null,
            "company": null
        }
    },
    {
        "model": "core.shapemaster",
        "pk": "8534b3b3-d194-43fe-add0-50678afa1eb7",
        "fields": {
            "name": "Baguette",
            "code": null,
            "company": null
        }
    },
    {
        "model": "core.shapemaster",
        "pk": "85eb7dd9-1c06-4b11-b1b0-d6bfb1d76701",
        "fields": {
            "name": "Heart",
            "code": null,
            "company": null
        }
    },
    {
        "model": "core.shapemaster",
        "pk": "93dd0d5e-1b43-4075-8c28-5008713df511",
        "fields": {
            "name": "Emerald",
            "code": null,
            "company": null
        }
    },
    {
        "model": "core.shapemaster",
        "pk": "ba7d2717-3200-4ef2-829a-32df71907bfd",
        "fields": {
            "name": "Marquise",
            "code": null,
            "company": null
        }
    },
    {
        "model": "core.shapemaster",
        "pk": "c6e0e23e-a5bb-464e-983f-6b1af0716e81",
        "fields": {
            "name": "Princess",
            "code": null,
            "company": null
        }
    },
    {
        "model": "core.goldcaratmaster",
        "pk": "9fc362d3-9c02-401b-b9ec-39f7da3d9db9",
        "fields": {
            "name": "18K",
            "value": 18,
            "company": null,
            "is_standard": true,
            "created_at": "2026-01-09T18:23:53.898Z",
            "updated_at": "2026-01-09T18:23:53.898Z"
        }
    },
    {
        "model": "core.goldcaratmaster",
        "pk": "b4727896-d9ff-48d5-9ce0-63ff328c2ca9",
        "fields": {
            "name": "24K",
            "value": 24,
            "company": null,
            "is_standard": true,
            "created_at": "2026-01-09T18:23:53.889Z",
            "updated_at": "2026-01-09T18:23:53.889Z"
        }
    },
    {
        "model": "core.goldcaratmaster",
        "pk": "d2ea966c-b5d4-40a5-9fda-f9b1a70b4deb",
        "fields": {
            "name": "14K",
            "value": 14,
            "company": null,
            "is_standard": true,
            "created_at": "2026-01-09T18:23:53.901Z",
            "updated_at": "2026-01-09T18:23:53.901Z"
        }
    },
    {
        "model": "core.goldcaratmaster",
        "pk": "da32f8f9-2700-4db3-abb6-207a5f8092d4",
        "fields": {
            "name": "22K",
            "value": 22,
            "company": null,
            "is_standard": true,
            "created_at": "2026-01-09T18:23:53.894Z",
            "updated_at": "2026-01-09T18:23:53.894Z"
        }
    },
    {
        "model": "core.goldcaratmaster",
        "pk": "f11fe376-ea1e-442e-878a-dcacc076c724",
        "fields": {
            "name": "20K",
            "value": 20,
            "company": null,
            "is_standard": false,
            "created_at": "2026-01-09T18:23:53.896Z",
            "updated_at": "2026-01-09T18:23:53.896Z"
        }
    },
    {
        "model": "core.goldcaratmaster",
        "pk": "f2a84a95-d942-47a2-ab46-0d50c3b0f3b3",
        "fields": {
            "name": "10K",
            "value": 10,
            "company": null,
            "is_standard": true,
            "created_at": "2026-01-09T18:23:53.903Z",
            "updated_at": "2026-01-09T18:23:53.903Z"
        }
    },
    {
        "model": "core.metaltypemaster",
        "pk": "1847d908-c166-42e0-8e72-5e7d7ba3284e",
        "fields": {
            "name": "Silver",
            "company": null,
            "created_at": "2026-01-09T18:23:53.908Z",
            "updated_at": "2026-01-09T18:23:53.908Z"
        }
    },
    {
        "model": "core.metaltypemaster",
        "pk": "30ac5782-aabc-4012-a531-e12d7fb98219",
        "fields": {
            "name": "Diamond",
            "company": null,
            "created_at": "2026-01-29T15:42:53.236Z",
            "updated_at": "2026-01-29T15:42:53.236Z"
        }
    },
    {
        "model": "core.metaltypemaster",
        "pk": "3f9464f2-e89f-4665-9ab3-9be0b01de421",
        "fields": {
            "name": "Gemstone",
            "company": null,
            "created_at": "2026-01-29T15:42:53.237Z",
            "updated_at": "2026-01-29T15:42:53.237Z"
        }
    },
    {
        "model": "core.metaltypemaster",
        "pk": "cd80974a-180d-47af-89b3-476a9ef428ab",
        "fields": {
            "name": "Gold",
            "company": null,
            "created_at": "2026-01-09T18:23:53.905Z",
            "updated_at": "2026-01-09T18:23:53.905Z"
        }
    },
    {
        "model": "core.metaltypemaster",
        "pk": "dadc7e62-dab1-497c-a055-04b38492bfaa",
        "fields": {
            "name": "Platinum",
            "company": null,
            "created_at": "2026-01-09T18:23:53.911Z",
            "updated_at": "2026-01-09T18:23:53.911Z"
        }
    },
    {
        "model": "core.metalcolormaster",
        "pk": "5bc1c5f1-ee2a-4c17-b1c2-57fdf8954074",
        "fields": {
            "name": "White Gold",
            "metal_type": "cd80974a-180d-47af-89b3-476a9ef428ab",
            "company": null,
            "created_at": "2026-01-09T18:23:53.918Z",
            "updated_at": "2026-01-09T18:23:53.918Z"
        }
    },
    {
        "model": "core.metalcolormaster",
        "pk": "62b9a858-4091-4d20-a0a8-4f312b8d88fa",
        "fields": {
            "name": "Rose Gold",
            "metal_type": "cd80974a-180d-47af-89b3-476a9ef428ab",
            "company": null,
            "created_at": "2026-01-09T18:23:53.916Z",
            "updated_at": "2026-01-09T18:23:53.916Z"
        }
    },
    {
        "model": "core.metalcolormaster",
        "pk": "681776ac-6867-4b8b-b5f9-fadd20066ee7",
        "fields": {
            "name": "Yellow Gold",
            "metal_type": "cd80974a-180d-47af-89b3-476a9ef428ab",
            "company": null,
            "created_at": "2026-01-09T18:23:53.920Z",
            "updated_at": "2026-01-09T18:23:53.920Z"
        }
    },
    {
        "model": "core.itemgroupmaster",
        "pk": "18519694-cbd2-4705-b041-b3036bd541f4",
        "fields": {
            "name": "DIAMOND",
            "company": null,
            "created_at": "2026-01-10T09:39:33.492Z",
            "updated_at": "2026-01-10T09:39:33.492Z"
        }
    },
    {
        "model": "core.itemgroupmaster",
        "pk": "1e9d045f-29df-4e25-930c-7f48a4651082",
        "fields": {
            "name": "GOLD JEWELLERY",
            "company": null,
            "created_at": "2026-01-10T09:39:33.497Z",
            "updated_at": "2026-01-10T09:39:33.497Z"
        }
    },
    {
        "model": "core.itemgroupmaster",
        "pk": "39a5ee59-27c5-4954-96ab-693322bf780e",
        "fields": {
            "name": "BRANDED JEWELLERY",
            "company": null,
            "created_at": "2026-01-10T09:39:33.499Z",
            "updated_at": "2026-01-10T09:39:33.499Z"
        }
    },
    {
        "model": "core.itemgroupmaster",
        "pk": "57f508e3-cfab-4b05-b162-929572316cc6",
        "fields": {
            "name": "GEMS/STONES",
            "company": null,
            "created_at": "2026-01-10T09:39:33.492Z",
            "updated_at": "2026-01-10T09:39:33.492Z"
        }
    },
    {
        "model": "core.itemgroupmaster",
        "pk": "6762498c-fe96-44bc-92cd-618bffc0c115",
        "fields": {
            "name": "PC RATE JEWELLERY",
            "company": null,
            "created_at": "2026-01-10T09:39:33.510Z",
            "updated_at": "2026-01-10T09:39:33.510Z"
        }
    },
    {
        "model": "core.itemgroupmaster",
        "pk": "871b485b-ed69-4dfc-97f4-c763034332ff",
        "fields": {
            "name": "DIAMOND JEWELLERY",
            "company": null,
            "created_at": "2026-01-10T09:39:33.488Z",
            "updated_at": "2026-01-10T09:39:33.488Z"
        }
    },
    {
        "model": "core.itemgroupmaster",
        "pk": "c134b5a3-b585-4db1-9b0e-b06666f6ed06",
        "fields": {
            "name": "SILVER JEWELLERY",
            "company": null,
            "created_at": "2026-01-10T09:39:33.502Z",
            "updated_at": "2026-01-10T09:39:33.502Z"
        }
    },
    {
        "model": "core.itemgroupmaster",
        "pk": "c8807fed-6713-40dd-ba4d-718cca8360be",
        "fields": {
            "name": "OTHERS",
            "company": null,
            "created_at": "2026-01-10T09:39:33.508Z",
            "updated_at": "2026-01-10T09:39:33.508Z"
        }
    },
    {
        "model": "core.itemgroupmaster",
        "pk": "f67ea96f-198d-4c57-9e3e-85e21359d8b1",
        "fields": {
            "name": "KUNDAN JEWELLERY",
            "company": null,
            "created_at": "2026-01-10T09:39:33.504Z",
            "updated_at": "2026-01-10T09:39:33.504Z"
        }
    },
    {
        "model": "core.itemgroupmaster",
        "pk": "febb336b-2b10-45e6-a247-dcdd666b67b9",
        "fields": {
            "name": "GOLD METAL",
            "company": null,
            "created_at": "2026-01-10T09:39:33.486Z",
            "updated_at": "2026-01-10T09:39:33.486Z"
        }
    },
    {
        "model": "core.company",
        "pk": "0d1fac01-4068-42b0-a8f6-f2c47375185d",
        "fields": {
            "name": "NSJ Main",
            "display_name": "NSJ Main",
            "registration_number": null,
            "gstin": null,
            "is_active": true,
            "created_at": "2025-11-27T10:59:49.936Z",
            "updated_at": "2025-11-27T10:59:49.936Z"
        }
    },
    {
        "model": "core.department",
        "pk": "27471303-6e6b-46cf-8ae1-cda9cb26a8d8",
        "fields": {
            "company": null,
            "name": "Accounts",
            "code": "ACCOUNTS",
            "description": "Accounting and Finance Department",
            "features": [
                "gold_price",
                "invoices",
                "payments",
                "tally"
            ],
            "can_edit_gold_price": true,
            "can_view_accounting": true,
            "can_view_production": false,
            "created_at": "2026-02-01T20:16:45.826Z",
            "updated_at": "2026-02-01T20:16:45.826Z"
        }
    },
    {
        "model": "core.department",
        "pk": "33c256e9-561e-4cc3-9d75-f99166427fde",
        "fields": {
            "company": null,
            "name": "Sales/Query",
            "code": "SALES",
            "description": "Sales and Customer Query Management",
            "features": [
                "tasks",
                "queries",
                "estimates"
            ],
            "can_edit_gold_price": false,
            "can_view_accounting": false,
            "can_view_production": false,
            "created_at": "2026-02-01T20:16:45.834Z",
            "updated_at": "2026-02-01T20:16:45.834Z"
        }
    },
    {
        "model": "core.department",
        "pk": "6ab3f378-c034-4429-8bd8-6d54cc5c7beb",
        "fields": {
            "company": null,
            "name": "Raw Material Inventory",
            "code": "RAW_MATERIAL",
            "description": "Raw Material Inventory Management",
            "features": [
                "tasks",
                "inventory",
                "purchases"
            ],
            "can_edit_gold_price": false,
            "can_view_accounting": false,
            "can_view_production": false,
            "created_at": "2026-02-01T20:16:45.826Z",
            "updated_at": "2026-02-01T20:16:45.826Z"
        }
    },
    {
        "model": "core.department",
        "pk": "a73889c0-3389-4cd6-b9c5-4248c1f26e01",
        "fields": {
            "company": null,
            "name": "Administration",
            "code": "ADMINISTRATION",
            "description": "Administration and ERP Management",
            "features": [
                "tasks",
                "staff",
                "documents"
            ],
            "can_edit_gold_price": false,
            "can_view_accounting": false,
            "can_view_production": false,
            "created_at": "2026-02-01T20:16:45.826Z",
            "updated_at": "2026-02-01T20:16:45.826Z"
        }
    },
    {
        "model": "core.department",
        "pk": "b2a807fa-4281-4381-b22c-84cd97929885",
        "fields": {
            "company": null,
            "name": "Production",
            "code": "PRODUCTION",
            "description": "Production and Manufacturing Department",
            "features": [
                "tasks",
                "workflow",
                "material_tracking"
            ],
            "can_edit_gold_price": false,
            "can_view_accounting": false,
            "can_view_production": true,
            "created_at": "2026-02-01T20:16:45.826Z",
            "updated_at": "2026-02-01T20:16:45.826Z"
        }
    },
    {
        "model": "core.department",
        "pk": "e8b3db05-f534-48e7-93cd-c3c5dd9f9bef",
        "fields": {
            "company": null,
            "name": "Logistics",
            "code": "LOGISTICS",
            "description": "Logistics and Shipping Department",
            "features": [
                "tasks",
                "shipments",
                "delivery"
            ],
            "can_edit_gold_price": false,
            "can_view_accounting": false,
            "can_view_production": false,
            "created_at": "2026-02-01T20:16:45.834Z",
            "updated_at": "2026-02-01T20:16:45.834Z"
        }
    },
    {
        "model": "core.dashboardconfiguration",
        "pk": "5f2d51fb-be6f-4535-a983-99733df1196b",
        "fields": {
            "department": "6ab3f378-c034-4429-8bd8-6d54cc5c7beb",
            "widgets": [
                {
                    "type": "pending_tasks",
                    "position": 1,
                    "size": "large"
                },
                {
                    "type": "inventory_summary",
                    "position": 2,
                    "size": "medium"
                },
                {
                    "type": "purchase_orders",
                    "position": 3,
                    "size": "medium"
                }
            ],
            "layout_type": "GRID",
            "created_at": "2026-02-01T20:16:45.826Z",
            "updated_at": "2026-02-01T20:16:45.826Z"
        }
    },
    {
        "model": "core.dashboardconfiguration",
        "pk": "68b854ae-48dc-4cef-a0c1-38a51ca0ca1d",
        "fields": {
            "department": "33c256e9-561e-4cc3-9d75-f99166427fde",
            "widgets": [
                {
                    "type": "pending_tasks",
                    "position": 1,
                    "size": "large"
                },
                {
                    "type": "active_queries",
                    "position": 2,
                    "size": "medium"
                },
                {
                    "type": "pending_estimates",
                    "position": 3,
                    "size": "medium"
                }
            ],
            "layout_type": "GRID",
            "created_at": "2026-02-01T20:16:45.834Z",
            "updated_at": "2026-02-01T20:16:45.834Z"
        }
    },
    {
        "model": "core.dashboardconfiguration",
        "pk": "a66480f7-5c0f-4dd5-abed-e59eee50232c",
        "fields": {
            "department": "b2a807fa-4281-4381-b22c-84cd97929885",
            "widgets": [
                {
                    "type": "pending_tasks",
                    "position": 1,
                    "size": "large"
                },
                {
                    "type": "production_workflow",
                    "position": 2,
                    "size": "large"
                },
                {
                    "type": "gold_price_readonly",
                    "position": 3,
                    "size": "small"
                }
            ],
            "layout_type": "GRID",
            "created_at": "2026-02-01T20:16:45.826Z",
            "updated_at": "2026-02-01T20:16:45.826Z"
        }
    },
    {
        "model": "core.dashboardconfiguration",
        "pk": "ab9d32c7-c740-4b4e-886d-6e28ca660ecc",
        "fields": {
            "department": "27471303-6e6b-46cf-8ae1-cda9cb26a8d8",
            "widgets": [
                {
                    "type": "gold_price",
                    "position": 1,
                    "size": "large"
                },
                {
                    "type": "pending_tasks",
                    "position": 2,
                    "size": "large"
                },
                {
                    "type": "pending_invoices",
                    "position": 3,
                    "size": "medium"
                },
                {
                    "type": "advance_payments",
                    "position": 4,
                    "size": "medium"
                }
            ],
            "layout_type": "GRID",
            "created_at": "2026-02-01T20:16:45.826Z",
            "updated_at": "2026-02-01T20:16:45.826Z"
        }
    },
    {
        "model": "core.dashboardconfiguration",
        "pk": "cbfbaadb-af85-4798-b4ea-6ee047d75101",
        "fields": {
            "department": "a73889c0-3389-4cd6-b9c5-4248c1f26e01",
            "widgets": [
                {
                    "type": "pending_tasks",
                    "position": 1,
                    "size": "large"
                },
                {
                    "type": "staff_management",
                    "position": 2,
                    "size": "medium"
                }
            ],
            "layout_type": "GRID",
            "created_at": "2026-02-01T20:16:45.826Z",
            "updated_at": "2026-02-01T20:16:45.826Z"
        }
    },
    {
        "model": "core.dashboardconfiguration",
        "pk": "f879736c-c4cb-47a5-960f-b0c1f5dec7d1",
        "fields": {
            "department": "e8b3db05-f534-48e7-93cd-c3c5dd9f9bef",
            "widgets": [
                {
                    "type": "pending_tasks",
                    "position": 1,
                    "size": "large"
                },
                {
                    "type": "shipment_tracking",
                    "position": 2,
                    "size": "medium"
                }
            ],
            "layout_type": "GRID",
            "created_at": "2026-02-01T20:16:45.834Z",
            "updated_at": "2026-02-01T20:16:45.834Z"
        }
    },
    {
        "model": "users.user",
        "fields": {
            "password": "pbkdf2_sha256$1000000$dqw0u6XawtHPo7rieEk0Cu$CAw3EDGogQMRagnaGqs0qqQt/3qF9nrkJxwmN9crWU8=",
            "company": "0d1fac01-4068-42b0-a8f6-f2c47375185d",
            "branch": null,
            "name": "Sanjana",
            "email": "sanjana@nsj.com",
            "username": "sanjana",
            "role": "EMPLOYEE",
            "task_role": "DEPT_HEAD",
            "department": "PRODUCTION",
            "sub_department": null,
            "current_active_department": "b2a807fa-4281-4381-b22c-84cd97929885",
            "is_active": true,
            "is_staff": false,
            "is_superuser": false,
            "created_at": "2025-12-22T15:02:33.767Z",
            "updated_at": "2026-02-02T14:27:12.055Z",
            "last_login": "2026-01-15T11:17:37.015Z",
            "groups": [],
            "user_permissions": [],
            "departments": [
                "b2a807fa-4281-4381-b22c-84cd97929885"
            ]
        }
    },
    {
        "model": "users.user",
        "fields": {
            "password": "pbkdf2_sha256$1000000$I8XzESYALEQy6geXkVjoVn$lavw5Erc0L8lnK9vQo1h/zRLhucf8xKZzlR/5BqCOCI=",
            "company": "0d1fac01-4068-42b0-a8f6-f2c47375185d",
            "branch": null,
            "name": "Admin1",
            "email": "admin123@gmail.com",
            "username": "admin33",
            "role": "EMPLOYEE",
            "task_role": "INDIVIDUAL",
            "department": null,
            "sub_department": null,
            "current_active_department": null,
            "is_active": true,
            "is_staff": true,
            "is_superuser": true,
            "created_at": "2025-12-08T11:31:57.956Z",
            "updated_at": "2025-12-08T11:31:57.956Z",
            "last_login": "2025-12-19T17:56:37.486Z",
            "groups": [],
            "user_permissions": [],
            "departments": []
        }
    },
    {
        "model": "users.user",
        "fields": {
            "password": "pbkdf2_sha256$1000000$FSsxP6Rpmef6vcOx6hh0uU$FwZjZkOq0q8WhGt+5WiqWByFjm/6NRFhuH3gjQ1K7ms=",
            "company": "0d1fac01-4068-42b0-a8f6-f2c47375185d",
            "branch": null,
            "name": "Pradip Bhai",
            "email": "pradip@nsj.com",
            "username": "pradip",
            "role": "EMPLOYEE",
            "task_role": "DEPT_HEAD",
            "department": "LOGISTICS",
            "sub_department": null,
            "current_active_department": "e8b3db05-f534-48e7-93cd-c3c5dd9f9bef",
            "is_active": true,
            "is_staff": false,
            "is_superuser": false,
            "created_at": "2025-12-22T15:02:34.066Z",
            "updated_at": "2026-02-02T14:27:12.065Z",
            "last_login": "2026-01-13T10:48:23.784Z",
            "groups": [],
            "user_permissions": [],
            "departments": [
                "e8b3db05-f534-48e7-93cd-c3c5dd9f9bef"
            ]
        }
    },
    {
        "model": "users.user",
        "fields": {
            "password": "pbkdf2_sha256$720000$nFHj6GXz246vMD9div0tqR$jLJfL4Ys4F++9CMEzx+1d2XqKGqkUXC++/cXV8qDceI=",
            "company": "0d1fac01-4068-42b0-a8f6-f2c47375185d",
            "branch": null,
            "name": "Niti",
            "email": "niti@nsj.com",
            "username": "niti",
            "role": "ADMIN",
            "task_role": "FOUNDER",
            "department": "FOUNDER",
            "sub_department": null,
            "current_active_department": "6ab3f378-c034-4429-8bd8-6d54cc5c7beb",
            "is_active": true,
            "is_staff": true,
            "is_superuser": false,
            "created_at": "2025-12-22T15:02:32.546Z",
            "updated_at": "2026-02-04T17:36:57.575Z",
            "last_login": "2026-02-13T09:51:13.851Z",
            "groups": [],
            "user_permissions": [],
            "departments": [
                "27471303-6e6b-46cf-8ae1-cda9cb26a8d8",
                "a73889c0-3389-4cd6-b9c5-4248c1f26e01",
                "e8b3db05-f534-48e7-93cd-c3c5dd9f9bef",
                "b2a807fa-4281-4381-b22c-84cd97929885",
                "6ab3f378-c034-4429-8bd8-6d54cc5c7beb",
                "33c256e9-561e-4cc3-9d75-f99166427fde"
            ]
        }
    },
    {
        "model": "users.user",
        "fields": {
            "password": "pbkdf2_sha256$720000$if57kf3NR9fU0cHFylsUlh$+crBURI7QFpXupIw+F2+MNSK/7khZCF1ZZ2vNoJ4+t0=",
            "company": "0d1fac01-4068-42b0-a8f6-f2c47375185d",
            "branch": null,
            "name": "Sales Department",
            "email": "sales@nsj.com",
            "username": "sales",
            "role": "EMPLOYEE",
            "task_role": "INDIVIDUAL",
            "department": null,
            "sub_department": null,
            "current_active_department": null,
            "is_active": true,
            "is_staff": false,
            "is_superuser": false,
            "created_at": "2026-01-10T09:41:53.683Z",
            "updated_at": "2026-01-10T09:41:53.683Z",
            "last_login": "2026-02-13T09:42:11.814Z",
            "groups": [],
            "user_permissions": [],
            "departments": []
        }
    },
    {
        "model": "users.user",
        "fields": {
            "password": "pbkdf2_sha256$1000000$AuAYm9Nz1tolcMDko6C6HS$yh/P7a819efp293wvAVWMueaxQPpCEOaPrTdR9+QueQ=",
            "company": "0d1fac01-4068-42b0-a8f6-f2c47375185d",
            "branch": null,
            "name": "Aryan",
            "email": "admin27@gmail.com",
            "username": "admin777",
            "role": "EMPLOYEE",
            "task_role": "INDIVIDUAL",
            "department": null,
            "sub_department": null,
            "current_active_department": null,
            "is_active": true,
            "is_staff": true,
            "is_superuser": true,
            "created_at": "2025-11-27T10:59:50.240Z",
            "updated_at": "2025-12-03T09:51:21.979Z",
            "last_login": "2025-12-03T09:51:34.860Z",
            "groups": [],
            "user_permissions": [],
            "departments": []
        }
    },
    {
        "model": "users.user",
        "fields": {
            "password": "pbkdf2_sha256$720000$QaXWMbVdAYs2tENIaWAOTA$pkwPnnuMMY9E1liaRURezBykB+Dmm94fYbD4i0hSMus=",
            "company": "0d1fac01-4068-42b0-a8f6-f2c47375185d",
            "branch": null,
            "name": "Jinu Bhai",
            "email": "jinu@nsj.com",
            "username": "jinu",
            "role": "EMPLOYEE",
            "task_role": "DEPT_HEAD",
            "department": "RAW_MATERIAL_INVENTORY",
            "sub_department": null,
            "current_active_department": "6ab3f378-c034-4429-8bd8-6d54cc5c7beb",
            "is_active": true,
            "is_staff": false,
            "is_superuser": false,
            "created_at": "2025-12-22T15:02:33.151Z",
            "updated_at": "2026-02-02T14:27:12.041Z",
            "last_login": "2026-02-13T09:44:47.547Z",
            "groups": [],
            "user_permissions": [],
            "departments": [
                "6ab3f378-c034-4429-8bd8-6d54cc5c7beb"
            ]
        }
    },
    {
        "model": "users.user",
        "fields": {
            "password": "pbkdf2_sha256$1000000$XNQ49IN67A1jSlivNjxBS3$Q7BlgaiGnue7XDMR5q/gP8JCHIvuwCSA/XFJNO4Ewm0=",
            "company": "0d1fac01-4068-42b0-a8f6-f2c47375185d",
            "branch": null,
            "name": "Sandhya",
            "email": "sandhya@nsj.com",
            "username": "sandhya",
            "role": "EMPLOYEE",
            "task_role": "DEPT_HEAD",
            "department": "ADMINISTRATION",
            "sub_department": null,
            "current_active_department": "a73889c0-3389-4cd6-b9c5-4248c1f26e01",
            "is_active": true,
            "is_staff": false,
            "is_superuser": false,
            "created_at": "2025-12-22T15:02:33.451Z",
            "updated_at": "2026-02-02T14:27:12.049Z",
            "last_login": "2025-12-23T20:19:06.529Z",
            "groups": [],
            "user_permissions": [],
            "departments": [
                "a73889c0-3389-4cd6-b9c5-4248c1f26e01"
            ]
        }
    },
    {
        "model": "users.user",
        "fields": {
            "password": "pbkdf2_sha256$720000$zISvgKjdaopMdrVpAzi6ik$LWYIh3EI1fPAtMwJRUrkckwone2zgWUEgAjkGfhkuDA=",
            "company": "0d1fac01-4068-42b0-a8f6-f2c47375185d",
            "branch": null,
            "name": "Mehul",
            "email": "mehul@nsj.com",
            "username": "mehul",
            "role": "EMPLOYEE",
            "task_role": "DEPT_HEAD",
            "department": "ACCOUNTS",
            "sub_department": null,
            "current_active_department": "27471303-6e6b-46cf-8ae1-cda9cb26a8d8",
            "is_active": true,
            "is_staff": false,
            "is_superuser": false,
            "created_at": "2025-12-22T15:02:32.859Z",
            "updated_at": "2026-02-02T14:27:12.035Z",
            "last_login": "2026-02-02T14:40:11.182Z",
            "groups": [],
            "user_permissions": [],
            "departments": [
                "27471303-6e6b-46cf-8ae1-cda9cb26a8d8"
            ]
        }
    },
    {
        "model": "accounts.account",
        "pk": "00ca0ba8-657a-42eb-9e43-e6e5a4ba0733",
        "fields": {
            "company": "0d1fac01-4068-42b0-a8f6-f2c47375185d",
            "branch": null,
            "account_no": "2",
            "account_name": "abc",
            "group_code": "CUSTOMER",
            "location": null,
            "remarks": null,
            "status": "ACTIVE",
            "created_by": [
                "admin27@gmail.com"
            ],
            "created_at": "2025-12-02T18:47:00.591Z",
            "updated_at": "2025-12-02T18:47:00.591Z"
        }
    },
    {
        "model": "accounts.account",
        "pk": "01cd52f4-e7b3-4038-8344-b7dede78fbf5",
        "fields": {
            "company": "0d1fac01-4068-42b0-a8f6-f2c47375185d",
            "branch": null,
            "account_no": "6",
            "account_name": "aryan33",
            "group_code": "CUSTOMER",
            "location": null,
            "remarks": null,
            "status": "ACTIVE",
            "created_by": [
                "admin123@gmail.com"
            ],
            "created_at": "2025-12-11T11:54:37.654Z",
            "updated_at": "2025-12-11T11:54:37.654Z"
        }
    },
    {
        "model": "accounts.account",
        "pk": "29adc30c-1668-449e-9be3-5239bc112e2f",
        "fields": {
            "company": "0d1fac01-4068-42b0-a8f6-f2c47375185d",
            "branch": null,
            "account_no": "4",
            "account_name": "aryan",
            "group_code": "CUSTOMER",
            "location": null,
            "remarks": null,
            "status": "ACTIVE",
            "created_by": [
                "admin123@gmail.com"
            ],
            "created_at": "2025-12-10T13:16:02.529Z",
            "updated_at": "2025-12-10T13:16:02.529Z"
        }
    },
    {
        "model": "accounts.account",
        "pk": "8153d7ce-64d1-43aa-87b4-629d4f9143da",
        "fields": {
            "company": "0d1fac01-4068-42b0-a8f6-f2c47375185d",
            "branch": null,
            "account_no": "1",
            "account_name": "abc",
            "group_code": "CUSTOMER",
            "location": null,
            "remarks": null,
            "status": "ACTIVE",
            "created_by": [
                "admin27@gmail.com"
            ],
            "created_at": "2025-11-27T11:17:14.476Z",
            "updated_at": "2025-11-27T11:17:14.476Z"
        }
    },
    {
        "model": "accounts.account",
        "pk": "9b437b31-45ac-43a5-b4df-a9ac06fa5ea5",
        "fields": {
            "company": "0d1fac01-4068-42b0-a8f6-f2c47375185d",
            "branch": null,
            "account_no": "7",
            "account_name": "temp",
            "group_code": "CUSTOMER",
            "location": null,
            "remarks": null,
            "status": "ACTIVE",
            "created_by": [
                "admin27@gmail.com"
            ],
            "created_at": "2025-12-17T15:01:34.894Z",
            "updated_at": "2025-12-17T15:01:34.894Z"
        }
    },
    {
        "model": "accounts.account",
        "pk": "9f35ad7e-abb0-4a9e-b8d4-d4461f764343",
        "fields": {
            "company": "0d1fac01-4068-42b0-a8f6-f2c47375185d",
            "branch": null,
            "account_no": "3",
            "account_name": "aryan",
            "group_code": "CUSTOMER",
            "location": null,
            "remarks": null,
            "status": "ACTIVE",
            "created_by": [
                "admin123@gmail.com"
            ],
            "created_at": "2025-12-09T17:48:38.397Z",
            "updated_at": "2025-12-09T17:48:38.397Z"
        }
    },
    {
        "model": "accounts.account",
        "pk": "ea34cf39-48f9-4bb6-91fc-425b585c6fc6",
        "fields": {
            "company": "0d1fac01-4068-42b0-a8f6-f2c47375185d",
            "branch": null,
            "account_no": "5",
            "account_name": "aryan27",
            "group_code": "CUSTOMER",
            "location": null,
            "remarks": null,
            "status": "ACTIVE",
            "created_by": [
                "admin123@gmail.com"
            ],
            "created_at": "2025-12-11T11:31:21.204Z",
            "updated_at": "2025-12-11T11:31:21.204Z"
        }
    },
    {
        "model": "accounts.accountcontact",
        "pk": "8153d7ce-64d1-43aa-87b4-629d4f9143da",
        "fields": {
            "address_line": "powai,mumbai",
            "city": null,
            "state": null,
            "country": null,
            "pin_code": "400076",
            "phone": "9876543299",
            "email": "abc27@gmail.com"
        }
    },
    {
        "model": "accounts.accountcontact",
        "pk": "00ca0ba8-657a-42eb-9e43-e6e5a4ba0733",
        "fields": {
            "address_line": "ads",
            "city": null,
            "state": null,
            "country": null,
            "pin_code": "312142",
            "phone": "1235343432",
            "email": "212@gmail.com"
        }
    },
    {
        "model": "accounts.accountcontact",
        "pk": "9f35ad7e-abb0-4a9e-b8d4-d4461f764343",
        "fields": {
            "address_line": "mumbai",
            "city": null,
            "state": null,
            "country": null,
            "pin_code": "123456",
            "phone": "9920272312",
            "email": "abc123@gmail.com"
        }
    },
    {
        "model": "accounts.accountcontact",
        "pk": "29adc30c-1668-449e-9be3-5239bc112e2f",
        "fields": {
            "address_line": "telecom staff quarters,powai",
            "city": "mumbai",
            "state": null,
            "country": null,
            "pin_code": "400072",
            "phone": "9920272312",
            "email": "admin27@gmail.com"
        }
    },
    {
        "model": "accounts.accountcontact",
        "pk": "ea34cf39-48f9-4bb6-91fc-425b585c6fc6",
        "fields": {
            "address_line": "rose villa,park street",
            "city": "mumbai",
            "state": null,
            "country": null,
            "pin_code": "123456",
            "phone": "9920272311",
            "email": "admin1232@gmail.com"
        }
    },
    {
        "model": "accounts.accountcontact",
        "pk": "01cd52f4-e7b3-4038-8344-b7dede78fbf5",
        "fields": {
            "address_line": "rose villa,park street,mumbai",
            "city": "mumbai",
            "state": null,
            "country": null,
            "pin_code": "123452",
            "phone": "9920272313",
            "email": "admin2712@gmail.com"
        }
    },
    {
        "model": "accounts.accountcontact",
        "pk": "9b437b31-45ac-43a5-b4df-a9ac06fa5ea5",
        "fields": {
            "address_line": "Adishankaracharya Marg,Powai",
            "city": "Mumbai",
            "state": "Maharashtra",
            "country": "India",
            "pin_code": "400076",
            "phone": "23432423",
            "email": "admin27@gmail.com"
        }
    },
    {
        "model": "accounts.accountopeningbalance",
        "pk": "8153d7ce-64d1-43aa-87b4-629d4f9143da",
        "fields": {
            "amount": "0.00",
            "amount_drcr": "Dr"
        }
    },
    {
        "model": "accounts.accountopeningbalance",
        "pk": "00ca0ba8-657a-42eb-9e43-e6e5a4ba0733",
        "fields": {
            "amount": "0.00",
            "amount_drcr": "Dr"
        }
    },
    {
        "model": "accounts.accountopeningbalance",
        "pk": "9f35ad7e-abb0-4a9e-b8d4-d4461f764343",
        "fields": {
            "amount": "0.00",
            "amount_drcr": "Dr"
        }
    },
    {
        "model": "accounts.accountopeningbalance",
        "pk": "29adc30c-1668-449e-9be3-5239bc112e2f",
        "fields": {
            "amount": "0.00",
            "amount_drcr": "Dr"
        }
    },
    {
        "model": "accounts.accountopeningbalance",
        "pk": "ea34cf39-48f9-4bb6-91fc-425b585c6fc6",
        "fields": {
            "amount": "0.00",
            "amount_drcr": "Dr"
        }
    },
    {
        "model": "accounts.accountopeningbalance",
        "pk": "01cd52f4-e7b3-4038-8344-b7dede78fbf5",
        "fields": {
            "amount": "0.00",
            "amount_drcr": "Dr"
        }
    },
    {
        "model": "accounts.accountopeningbalance",
        "pk": "9b437b31-45ac-43a5-b4df-a9ac06fa5ea5",
        "fields": {
            "amount": "0.00",
            "amount_drcr": "Dr"
        }
    },
    {
        "model": "accounts.subaccount",
        "pk": "2c06dc63-987c-4c0d-89df-cf0c9a962273",
        "fields": {
            "account": "9f35ad7e-abb0-4a9e-b8d4-d4461f764343",
            "sub_account_name": "aaryan",
            "phone_number": null,
            "email": null,
            "address": null,
            "gender": null,
            "created_by": [
                "admin123@gmail.com"
            ],
            "created_at": "2025-12-11T10:55:22.472Z",
            "updated_at": "2025-12-11T10:57:48.893Z"
        }
    },
    {
        "model": "accounts.subaccount",
        "pk": "5cd0632e-d406-4279-ad1b-522cc52bdf74",
        "fields": {
            "account": "01cd52f4-e7b3-4038-8344-b7dede78fbf5",
            "sub_account_name": "abcd",
            "phone_number": null,
            "email": null,
            "address": null,
            "gender": "MALE",
            "created_by": [
                "admin123@gmail.com"
            ],
            "created_at": "2025-12-11T11:54:53.644Z",
            "updated_at": "2025-12-11T11:54:53.645Z"
        }
    },
    {
        "model": "accounts.subaccount",
        "pk": "9191c3c2-be96-4b91-b7b9-3522978e45e7",
        "fields": {
            "account": "ea34cf39-48f9-4bb6-91fc-425b585c6fc6",
            "sub_account_name": "temp123",
            "phone_number": null,
            "email": null,
            "address": null,
            "gender": "MALE",
            "created_by": [
                "admin123@gmail.com"
            ],
            "created_at": "2025-12-11T11:31:48.058Z",
            "updated_at": "2025-12-11T11:31:48.058Z"
        }
    },
    {
        "model": "accounts.subaccount",
        "pk": "d30d478c-d441-43f7-a70d-65125d4d99ef",
        "fields": {
            "account": "ea34cf39-48f9-4bb6-91fc-425b585c6fc6",
            "sub_account_name": "123",
            "phone_number": "999999910",
            "email": null,
            "address": "vvb",
            "gender": "MALE",
            "created_by": [
                "niti@nsj.com"
            ],
            "created_at": "2026-01-09T16:47:41.474Z",
            "updated_at": "2026-01-09T16:47:41.474Z"
        }
    },
    {
        "model": "vouchers.ordersequence",
        "pk": 1,
        "fields": {
            "order_type": "STOCK_JEWELRY",
            "current_sequence": 1,
            "created_at": "2026-02-16T17:41:22.101Z",
            "updated_at": "2026-02-16T17:41:22.105Z"
        }
    },
    {
        "model": "vouchers.order",
        "pk": "0cf62aca-84ce-4bee-a766-edb7e245907d",
        "fields": {
            "company": "0d1fac01-4068-42b0-a8f6-f2c47375185d",
            "account": null,
            "series": "DEFAULT",
            "date": "2025-12-10",
            "bill_no": "V-E3BAD0BD4F",
            "order_type": "STOCK_JEWELRY",
            "item_name": "pendant",
            "design": null,
            "job_no": "JOB-89B944847AB3",
            "upload_file": "order_uploads/download_1_LrB5wkA.jpeg",
            "stamp": "24K",
            "gold_rate": "0.00",
            "base_metal": null,
            "size": "3.3",
            "number_of_pieces": 1,
            "item_name_fk": null,
            "stamp_fk": null,
            "size_fk": null,
            "pc": null,
            "wt": null,
            "unit": null,
            "rate_item": null,
            "discount": "0.00",
            "value_item": "0.00",
            "estimated_gross_weight": "0.000",
            "estimated_gold_weight": "0.000",
            "estimated_diamond_weight": "0.000",
            "tunch_percent": "0.00",
            "average_diamond_rate": "0.00",
            "gemstone_stone_weight": "0.000",
            "craftsmanship_fee": "0.00",
            "advance_payment_received": "YES",
            "created_by": [
                "admin123@gmail.com"
            ],
            "updated_by": null,
            "created_at": "2025-12-10T05:05:38.513Z",
            "updated_at": "2025-12-10T05:05:38.513Z"
        }
    },
    {
        "model": "vouchers.order",
        "pk": "1158d0ed-35cd-4aab-92ef-8e0595dd346f",
        "fields": {
            "company": "0d1fac01-4068-42b0-a8f6-f2c47375185d",
            "account": "01cd52f4-e7b3-4038-8344-b7dede78fbf5",
            "series": null,
            "date": "2026-02-16",
            "bill_no": "A0001",
            "order_type": "STOCK_JEWELRY",
            "item_name": "A D DIAMONDS",
            "design": "",
            "job_no": "JOB-760C8AF8CB7A",
            "upload_file": "",
            "stamp": null,
            "gold_rate": "0.00",
            "base_metal": null,
            "size": null,
            "number_of_pieces": 1,
            "item_name_fk": null,
            "stamp_fk": null,
            "size_fk": null,
            "pc": null,
            "wt": null,
            "unit": null,
            "rate_item": null,
            "discount": "0.00",
            "value_item": null,
            "estimated_gross_weight": "0.000",
            "estimated_gold_weight": "0.000",
            "estimated_diamond_weight": "0.000",
            "tunch_percent": "0.00",
            "average_diamond_rate": "0.00",
            "gemstone_stone_weight": "0.000",
            "craftsmanship_fee": "0.00",
            "advance_payment_received": "NO",
            "created_by": [
                "niti@nsj.com"
            ],
            "updated_by": null,
            "created_at": "2026-02-16T17:41:22.106Z",
            "updated_at": "2026-02-16T17:41:22.106Z"
        }
    },
    {
        "model": "vouchers.order",
        "pk": "1bd20548-306e-4bcb-998f-d49995fdb1ae",
        "fields": {
            "company": "0d1fac01-4068-42b0-a8f6-f2c47375185d",
            "account": "01cd52f4-e7b3-4038-8344-b7dede78fbf5",
            "series": "DEFAULT",
            "date": "2025-12-24",
            "bill_no": "V-07B82DFA48",
            "order_type": "STOCK_JEWELRY",
            "item_name": "ring7",
            "design": null,
            "job_no": "JOB-EAEFC27FEE0C",
            "upload_file": "order_uploads/download_1_lThuvHQ.jpeg",
            "stamp": "24K",
            "gold_rate": "0.00",
            "base_metal": null,
            "size": "3.3",
            "number_of_pieces": 1,
            "item_name_fk": null,
            "stamp_fk": null,
            "size_fk": null,
            "pc": null,
            "wt": null,
            "unit": null,
            "rate_item": null,
            "discount": "0.00",
            "value_item": "0.00",
            "estimated_gross_weight": "0.000",
            "estimated_gold_weight": "0.000",
            "estimated_diamond_weight": "0.000",
            "tunch_percent": "0.00",
            "average_diamond_rate": "0.00",
            "gemstone_stone_weight": "0.000",
            "craftsmanship_fee": "0.00",
            "advance_payment_received": "YES",
            "created_by": [
                "niti@nsj.com"
            ],
            "updated_by": null,
            "created_at": "2025-12-24T09:33:02.881Z",
            "updated_at": "2025-12-24T09:33:02.881Z"
        }
    },
    {
        "model": "vouchers.order",
        "pk": "1c4b5858-34fd-46b9-9df5-bad45a8a06b8",
        "fields": {
            "company": "0d1fac01-4068-42b0-a8f6-f2c47375185d",
            "account": null,
            "series": "DEFAULT",
            "date": "2025-12-10",
            "bill_no": "V-9871AB95FF",
            "order_type": "STOCK_JEWELRY",
            "item_name": "ring",
            "design": null,
            "job_no": "JOB-44F0FBAC38C8",
            "upload_file": "order_uploads/download_1_6aPg1tF.jpeg",
            "stamp": "18K",
            "gold_rate": "0.00",
            "base_metal": null,
            "size": "3.3",
            "number_of_pieces": 1,
            "item_name_fk": null,
            "stamp_fk": null,
            "size_fk": null,
            "pc": null,
            "wt": null,
            "unit": null,
            "rate_item": null,
            "discount": "0.00",
            "value_item": "0.00",
            "estimated_gross_weight": "0.000",
            "estimated_gold_weight": "0.000",
            "estimated_diamond_weight": "0.000",
            "tunch_percent": "0.00",
            "average_diamond_rate": "0.00",
            "gemstone_stone_weight": "0.000",
            "craftsmanship_fee": "0.00",
            "advance_payment_received": "YES",
            "created_by": [
                "admin123@gmail.com"
            ],
            "updated_by": null,
            "created_at": "2025-12-10T05:03:54.240Z",
            "updated_at": "2025-12-10T05:03:54.240Z"
        }
    },
    {
        "model": "vouchers.order",
        "pk": "1d01e405-c141-4bcb-82c4-2db3a4387379",
        "fields": {
            "company": "0d1fac01-4068-42b0-a8f6-f2c47375185d",
            "account": "9f35ad7e-abb0-4a9e-b8d4-d4461f764343",
            "series": "DEFAULT",
            "date": "2025-12-10",
            "bill_no": "V-497A2627F0",
            "order_type": "STOCK_JEWELRY",
            "item_name": "ring6",
            "design": null,
            "job_no": "JOB-EF7B5BF3C58B",
            "upload_file": "order_uploads/download_1_VEx7kGY.jpeg",
            "stamp": "18K",
            "gold_rate": "0.00",
            "base_metal": null,
            "size": "3.4",
            "number_of_pieces": 1,
            "item_name_fk": null,
            "stamp_fk": null,
            "size_fk": null,
            "pc": null,
            "wt": null,
            "unit": null,
            "rate_item": null,
            "discount": "0.00",
            "value_item": "0.00",
            "estimated_gross_weight": "0.000",
            "estimated_gold_weight": "0.000",
            "estimated_diamond_weight": "0.000",
            "tunch_percent": "0.00",
            "average_diamond_rate": "0.00",
            "gemstone_stone_weight": "0.000",
            "craftsmanship_fee": "0.00",
            "advance_payment_received": "YES",
            "created_by": [
                "admin123@gmail.com"
            ],
            "updated_by": null,
            "created_at": "2025-12-10T05:28:31.835Z",
            "updated_at": "2025-12-10T05:28:31.835Z"
        }
    },
    {
        "model": "vouchers.order",
        "pk": "1df85f35-9668-43fd-b9e8-a4696bd86b5a",
        "fields": {
            "company": "0d1fac01-4068-42b0-a8f6-f2c47375185d",
            "account": "01cd52f4-e7b3-4038-8344-b7dede78fbf5",
            "series": "DEFAULT",
            "date": "2025-12-24",
            "bill_no": "V-B0C24F1B3F",
            "order_type": "STOCK_JEWELRY",
            "item_name": "ring7",
            "design": null,
            "job_no": "JOB-28AC3A33249C",
            "upload_file": "order_uploads/download_1_Wev1Arg.jpeg",
            "stamp": "24K",
            "gold_rate": "0.00",
            "base_metal": null,
            "size": "3.3",
            "number_of_pieces": 1,
            "item_name_fk": null,
            "stamp_fk": null,
            "size_fk": null,
            "pc": null,
            "wt": null,
            "unit": null,
            "rate_item": null,
            "discount": "0.00",
            "value_item": "0.00",
            "estimated_gross_weight": "0.000",
            "estimated_gold_weight": "0.000",
            "estimated_diamond_weight": "0.000",
            "tunch_percent": "0.00",
            "average_diamond_rate": "0.00",
            "gemstone_stone_weight": "0.000",
            "craftsmanship_fee": "0.00",
            "advance_payment_received": "YES",
            "created_by": [
                "niti@nsj.com"
            ],
            "updated_by": null,
            "created_at": "2025-12-24T10:11:05.784Z",
            "updated_at": "2025-12-24T10:11:05.784Z"
        }
    },
    {
        "model": "vouchers.order",
        "pk": "3ffb89f5-2423-464e-9d80-8bf4a5c7dce7",
        "fields": {
            "company": "0d1fac01-4068-42b0-a8f6-f2c47375185d",
            "account": "00ca0ba8-657a-42eb-9e43-e6e5a4ba0733",
            "series": "DEFAULT",
            "date": "2025-12-17",
            "bill_no": "V-0F481BBA76",
            "order_type": "STOCK_JEWELRY",
            "item_name": "ring7",
            "design": null,
            "job_no": "JOB-0D64DB48DF24",
            "upload_file": "order_uploads/download_1_txaBbgG.jpeg",
            "stamp": "24K",
            "gold_rate": "0.00",
            "base_metal": null,
            "size": "3.3",
            "number_of_pieces": 1,
            "item_name_fk": null,
            "stamp_fk": null,
            "size_fk": null,
            "pc": null,
            "wt": null,
            "unit": null,
            "rate_item": null,
            "discount": "0.00",
            "value_item": "0.00",
            "estimated_gross_weight": "0.000",
            "estimated_gold_weight": "0.000",
            "estimated_diamond_weight": "0.000",
            "tunch_percent": "0.00",
            "average_diamond_rate": "0.00",
            "gemstone_stone_weight": "0.000",
            "craftsmanship_fee": "0.00",
            "advance_payment_received": "YES",
            "created_by": [
                "admin27@gmail.com"
            ],
            "updated_by": null,
            "created_at": "2025-12-17T14:04:59.332Z",
            "updated_at": "2025-12-17T14:04:59.332Z"
        }
    },
    {
        "model": "vouchers.order",
        "pk": "45ea3c3a-085f-4dfb-a182-f823848c1cc4",
        "fields": {
            "company": "0d1fac01-4068-42b0-a8f6-f2c47375185d",
            "account": "00ca0ba8-657a-42eb-9e43-e6e5a4ba0733",
            "series": "DEFAULT",
            "date": "2025-12-10",
            "bill_no": "V-321641B63B",
            "order_type": "STOCK_JEWELRY",
            "item_name": "ring2",
            "design": null,
            "job_no": "JOB-4B0A19C2D6DE",
            "upload_file": "order_uploads/download_1_aqYMuWY.jpeg",
            "stamp": "9K",
            "gold_rate": "0.00",
            "base_metal": null,
            "size": "3.5",
            "number_of_pieces": 1,
            "item_name_fk": null,
            "stamp_fk": null,
            "size_fk": null,
            "pc": null,
            "wt": null,
            "unit": null,
            "rate_item": null,
            "discount": "0.00",
            "value_item": "0.00",
            "estimated_gross_weight": "0.000",
            "estimated_gold_weight": "0.000",
            "estimated_diamond_weight": "0.000",
            "tunch_percent": "0.00",
            "average_diamond_rate": "0.00",
            "gemstone_stone_weight": "0.000",
            "craftsmanship_fee": "0.00",
            "advance_payment_received": "YES",
            "created_by": [
                "admin123@gmail.com"
            ],
            "updated_by": null,
            "created_at": "2025-12-10T05:17:35.273Z",
            "updated_at": "2025-12-10T05:17:35.273Z"
        }
    },
    {
        "model": "vouchers.order",
        "pk": "4a21e2ab-3f53-47ac-8496-d517fcf3a58b",
        "fields": {
            "company": "0d1fac01-4068-42b0-a8f6-f2c47375185d",
            "account": "29adc30c-1668-449e-9be3-5239bc112e2f",
            "series": "DEFAULT",
            "date": "2025-12-10",
            "bill_no": "V-BBAFC74596",
            "order_type": "STOCK_JEWELRY",
            "item_name": "ring9",
            "design": null,
            "job_no": "JOB-9DA84260AD9F",
            "upload_file": "order_uploads/download_1_jZu403v.jpeg",
            "stamp": "24K",
            "gold_rate": "0.00",
            "base_metal": null,
            "size": "3.3",
            "number_of_pieces": 1,
            "item_name_fk": null,
            "stamp_fk": null,
            "size_fk": null,
            "pc": null,
            "wt": null,
            "unit": null,
            "rate_item": null,
            "discount": "0.00",
            "value_item": "0.00",
            "estimated_gross_weight": "0.000",
            "estimated_gold_weight": "0.000",
            "estimated_diamond_weight": "0.000",
            "tunch_percent": "0.00",
            "average_diamond_rate": "0.00",
            "gemstone_stone_weight": "0.000",
            "craftsmanship_fee": "0.00",
            "advance_payment_received": "YES",
            "created_by": [
                "admin123@gmail.com"
            ],
            "updated_by": null,
            "created_at": "2025-12-10T13:33:38.711Z",
            "updated_at": "2025-12-10T13:33:38.711Z"
        }
    },
    {
        "model": "vouchers.order",
        "pk": "5273fd45-673b-4b45-a69c-40fb2d428f41",
        "fields": {
            "company": "0d1fac01-4068-42b0-a8f6-f2c47375185d",
            "account": "01cd52f4-e7b3-4038-8344-b7dede78fbf5",
            "series": "DEFAULT",
            "date": "2025-12-17",
            "bill_no": "V-979CD1879F",
            "order_type": "STOCK_JEWELRY",
            "item_name": "ring7",
            "design": null,
            "job_no": "JOB-71F3040A7CF0",
            "upload_file": "order_uploads/download_1_kczwpuw.jpeg",
            "stamp": "18K",
            "gold_rate": "0.00",
            "base_metal": null,
            "size": "3.3",
            "number_of_pieces": 1,
            "item_name_fk": null,
            "stamp_fk": null,
            "size_fk": null,
            "pc": null,
            "wt": null,
            "unit": null,
            "rate_item": null,
            "discount": "0.00",
            "value_item": "0.00",
            "estimated_gross_weight": "0.000",
            "estimated_gold_weight": "0.000",
            "estimated_diamond_weight": "0.000",
            "tunch_percent": "0.00",
            "average_diamond_rate": "0.00",
            "gemstone_stone_weight": "0.000",
            "craftsmanship_fee": "0.00",
            "advance_payment_received": "YES",
            "created_by": [
                "admin27@gmail.com"
            ],
            "updated_by": null,
            "created_at": "2025-12-17T14:22:36.350Z",
            "updated_at": "2025-12-17T14:22:36.350Z"
        }
    },
    {
        "model": "vouchers.order",
        "pk": "559947d1-2360-4e66-a099-27cbeaa708e6",
        "fields": {
            "company": "0d1fac01-4068-42b0-a8f6-f2c47375185d",
            "account": "01cd52f4-e7b3-4038-8344-b7dede78fbf5",
            "series": "DEFAULT",
            "date": "2025-12-15",
            "bill_no": "V-E7200126D8",
            "order_type": "STOCK_JEWELRY",
            "item_name": "ring7",
            "design": null,
            "job_no": "JOB-5DBDC9DB6B53",
            "upload_file": "order_uploads/download_1_TOeoU6a.jpeg",
            "stamp": "18K",
            "gold_rate": "0.00",
            "base_metal": null,
            "size": "2",
            "number_of_pieces": 1,
            "item_name_fk": null,
            "stamp_fk": null,
            "size_fk": null,
            "pc": null,
            "wt": null,
            "unit": null,
            "rate_item": null,
            "discount": "0.00",
            "value_item": "0.00",
            "estimated_gross_weight": "0.000",
            "estimated_gold_weight": "0.000",
            "estimated_diamond_weight": "0.000",
            "tunch_percent": "0.00",
            "average_diamond_rate": "0.00",
            "gemstone_stone_weight": "0.000",
            "craftsmanship_fee": "0.00",
            "advance_payment_received": "YES",
            "created_by": [
                "admin27@gmail.com"
            ],
            "updated_by": null,
            "created_at": "2025-12-15T09:11:16.223Z",
            "updated_at": "2025-12-15T09:11:16.223Z"
        }
    },
    {
        "model": "vouchers.order",
        "pk": "5f13ade0-675f-4ad9-b207-685f22678820",
        "fields": {
            "company": "0d1fac01-4068-42b0-a8f6-f2c47375185d",
            "account": "9f35ad7e-abb0-4a9e-b8d4-d4461f764343",
            "series": "DEFAULT",
            "date": "2025-12-10",
            "bill_no": "V-E54A0AD3F9",
            "order_type": "STOCK_JEWELRY",
            "item_name": "ring9",
            "design": null,
            "job_no": "JOB-96BFCAEAC615",
            "upload_file": "order_uploads/download_1_ozygADa.jpeg",
            "stamp": "24K",
            "gold_rate": "0.00",
            "base_metal": null,
            "size": "3.3",
            "number_of_pieces": 1,
            "item_name_fk": null,
            "stamp_fk": null,
            "size_fk": null,
            "pc": null,
            "wt": null,
            "unit": null,
            "rate_item": null,
            "discount": "0.00",
            "value_item": "0.00",
            "estimated_gross_weight": "0.000",
            "estimated_gold_weight": "0.000",
            "estimated_diamond_weight": "0.000",
            "tunch_percent": "0.00",
            "average_diamond_rate": "0.00",
            "gemstone_stone_weight": "0.000",
            "craftsmanship_fee": "0.00",
            "advance_payment_received": "YES",
            "created_by": [
                "admin123@gmail.com"
            ],
            "updated_by": null,
            "created_at": "2025-12-10T06:14:42.142Z",
            "updated_at": "2025-12-10T06:14:42.142Z"
        }
    },
    {
        "model": "vouchers.order",
        "pk": "617bdc31-745e-4df4-918c-5066f2b0b6c5",
        "fields": {
            "company": "0d1fac01-4068-42b0-a8f6-f2c47375185d",
            "account": null,
            "series": "DEFAULT",
            "date": "2025-12-10",
            "bill_no": "V-9C8890705A",
            "order_type": "STOCK_JEWELRY",
            "item_name": "pendant",
            "design": null,
            "job_no": "JOB-3E1873C9CBEF",
            "upload_file": "order_uploads/download_1_Jcv4SqD.jpeg",
            "stamp": "24K",
            "gold_rate": "0.00",
            "base_metal": null,
            "size": "3.3",
            "number_of_pieces": 1,
            "item_name_fk": null,
            "stamp_fk": null,
            "size_fk": null,
            "pc": null,
            "wt": null,
            "unit": null,
            "rate_item": null,
            "discount": "0.00",
            "value_item": "0.00",
            "estimated_gross_weight": "0.000",
            "estimated_gold_weight": "0.000",
            "estimated_diamond_weight": "0.000",
            "tunch_percent": "0.00",
            "average_diamond_rate": "0.00",
            "gemstone_stone_weight": "0.000",
            "craftsmanship_fee": "0.00",
            "advance_payment_received": "YES",
            "created_by": [
                "admin123@gmail.com"
            ],
            "updated_by": null,
            "created_at": "2025-12-10T04:58:19.785Z",
            "updated_at": "2025-12-10T04:58:19.785Z"
        }
    },
    {
        "model": "vouchers.order",
        "pk": "6cb3a26e-f857-4141-b346-9da63203b2b3",
        "fields": {
            "company": "0d1fac01-4068-42b0-a8f6-f2c47375185d",
            "account": "00ca0ba8-657a-42eb-9e43-e6e5a4ba0733",
            "series": "DEFAULT",
            "date": "2025-12-09",
            "bill_no": "V-3C2D460EF9",
            "order_type": "STOCK_JEWELRY",
            "item_name": "pendant",
            "design": null,
            "job_no": "JOB-FF681AFFD40D",
            "upload_file": "order_uploads/download_1_yiUsxxw.jpeg",
            "stamp": "18K",
            "gold_rate": "0.00",
            "base_metal": null,
            "size": "3.3",
            "number_of_pieces": 1,
            "item_name_fk": null,
            "stamp_fk": null,
            "size_fk": null,
            "pc": null,
            "wt": null,
            "unit": null,
            "rate_item": null,
            "discount": "0.00",
            "value_item": "0.00",
            "estimated_gross_weight": "0.000",
            "estimated_gold_weight": "0.000",
            "estimated_diamond_weight": "0.000",
            "tunch_percent": "0.00",
            "average_diamond_rate": "0.00",
            "gemstone_stone_weight": "0.000",
            "craftsmanship_fee": "0.00",
            "advance_payment_received": "YES",
            "created_by": [
                "admin123@gmail.com"
            ],
            "updated_by": null,
            "created_at": "2025-12-09T17:14:48.943Z",
            "updated_at": "2025-12-09T17:14:48.943Z"
        }
    },
    {
        "model": "vouchers.order",
        "pk": "72d068ba-6d18-4133-823e-c1048f440bab",
        "fields": {
            "company": "0d1fac01-4068-42b0-a8f6-f2c47375185d",
            "account": "01cd52f4-e7b3-4038-8344-b7dede78fbf5",
            "series": "DEFAULT",
            "date": "2025-12-11",
            "bill_no": "V-806FDC6ED5",
            "order_type": "STOCK_JEWELRY",
            "item_name": "ring7",
            "design": null,
            "job_no": "JOB-7BE8E2479D97",
            "upload_file": "order_uploads/download_1_kxDJ16A.jpeg",
            "stamp": "18K",
            "gold_rate": "0.00",
            "base_metal": null,
            "size": "3.3",
            "number_of_pieces": 1,
            "item_name_fk": null,
            "stamp_fk": null,
            "size_fk": null,
            "pc": null,
            "wt": null,
            "unit": null,
            "rate_item": null,
            "discount": "0.00",
            "value_item": "0.00",
            "estimated_gross_weight": "0.000",
            "estimated_gold_weight": "0.000",
            "estimated_diamond_weight": "0.000",
            "tunch_percent": "0.00",
            "average_diamond_rate": "0.00",
            "gemstone_stone_weight": "0.000",
            "craftsmanship_fee": "0.00",
            "advance_payment_received": "YES",
            "created_by": [
                "admin123@gmail.com"
            ],
            "updated_by": null,
            "created_at": "2025-12-11T14:19:05.903Z",
            "updated_at": "2025-12-11T14:19:05.903Z"
        }
    },
    {
        "model": "vouchers.order",
        "pk": "7627a1e6-dc72-4513-9dfc-832cfb8899fd",
        "fields": {
            "company": "0d1fac01-4068-42b0-a8f6-f2c47375185d",
            "account": "9f35ad7e-abb0-4a9e-b8d4-d4461f764343",
            "series": "DEFAULT",
            "date": "2025-12-10",
            "bill_no": "V-4F977EEFA5",
            "order_type": "STOCK_JEWELRY",
            "item_name": "ring8",
            "design": null,
            "job_no": "JOB-3245FBCE46C5",
            "upload_file": "order_uploads/download_1_S6v2eHC.jpeg",
            "stamp": "18K",
            "gold_rate": "0.00",
            "base_metal": null,
            "size": "3.3",
            "number_of_pieces": 1,
            "item_name_fk": null,
            "stamp_fk": null,
            "size_fk": null,
            "pc": null,
            "wt": null,
            "unit": null,
            "rate_item": null,
            "discount": "0.00",
            "value_item": "0.00",
            "estimated_gross_weight": "0.000",
            "estimated_gold_weight": "0.000",
            "estimated_diamond_weight": "0.000",
            "tunch_percent": "0.00",
            "average_diamond_rate": "0.00",
            "gemstone_stone_weight": "0.000",
            "craftsmanship_fee": "0.00",
            "advance_payment_received": "YES",
            "created_by": [
                "admin123@gmail.com"
            ],
            "updated_by": null,
            "created_at": "2025-12-10T05:53:14.526Z",
            "updated_at": "2025-12-10T05:53:14.526Z"
        }
    },
    {
        "model": "vouchers.order",
        "pk": "85031410-0559-4a55-85e6-752bf1757bec",
        "fields": {
            "company": "0d1fac01-4068-42b0-a8f6-f2c47375185d",
            "account": "00ca0ba8-657a-42eb-9e43-e6e5a4ba0733",
            "series": "DEFAULT",
            "date": "2025-12-09",
            "bill_no": "V-8316AD28E9",
            "order_type": "STOCK_JEWELRY",
            "item_name": "ring",
            "design": null,
            "job_no": "JOB-006ADA9C00EB",
            "upload_file": "order_uploads/download_1_wX1fvEM.jpeg",
            "stamp": "18K",
            "gold_rate": "0.00",
            "base_metal": null,
            "size": "3.3",
            "number_of_pieces": 1,
            "item_name_fk": null,
            "stamp_fk": null,
            "size_fk": null,
            "pc": null,
            "wt": null,
            "unit": null,
            "rate_item": null,
            "discount": "0.00",
            "value_item": "0.00",
            "estimated_gross_weight": "0.000",
            "estimated_gold_weight": "0.000",
            "estimated_diamond_weight": "0.000",
            "tunch_percent": "0.00",
            "average_diamond_rate": "0.00",
            "gemstone_stone_weight": "0.000",
            "craftsmanship_fee": "0.00",
            "advance_payment_received": "YES",
            "created_by": [
                "admin123@gmail.com"
            ],
            "updated_by": null,
            "created_at": "2025-12-09T17:17:05.371Z",
            "updated_at": "2025-12-09T17:17:05.371Z"
        }
    },
    {
        "model": "vouchers.order",
        "pk": "85c9bf49-9539-4e9f-825d-386668ae1657",
        "fields": {
            "company": "0d1fac01-4068-42b0-a8f6-f2c47375185d",
            "account": "9f35ad7e-abb0-4a9e-b8d4-d4461f764343",
            "series": "DEFAULT",
            "date": "2025-12-10",
            "bill_no": "V-6473C1BC88",
            "order_type": "STOCK_JEWELRY",
            "item_name": "ring5",
            "design": null,
            "job_no": "JOB-B61BFD19AD13",
            "upload_file": "order_uploads/download_1_lLFYSLD.jpeg",
            "stamp": "24K",
            "gold_rate": "0.00",
            "base_metal": null,
            "size": "3.9",
            "number_of_pieces": 1,
            "item_name_fk": null,
            "stamp_fk": null,
            "size_fk": null,
            "pc": null,
            "wt": null,
            "unit": null,
            "rate_item": null,
            "discount": "0.00",
            "value_item": "0.00",
            "estimated_gross_weight": "0.000",
            "estimated_gold_weight": "0.000",
            "estimated_diamond_weight": "0.000",
            "tunch_percent": "0.00",
            "average_diamond_rate": "0.00",
            "gemstone_stone_weight": "0.000",
            "craftsmanship_fee": "0.00",
            "advance_payment_received": "YES",
            "created_by": [
                "admin123@gmail.com"
            ],
            "updated_by": null,
            "created_at": "2025-12-10T05:37:53.655Z",
            "updated_at": "2025-12-10T05:37:53.655Z"
        }
    },
    {
        "model": "vouchers.order",
        "pk": "8c05c6ce-f5c4-4c8c-bf81-74df20b54e9f",
        "fields": {
            "company": "0d1fac01-4068-42b0-a8f6-f2c47375185d",
            "account": "ea34cf39-48f9-4bb6-91fc-425b585c6fc6",
            "series": "DEFAULT",
            "date": "2025-12-15",
            "bill_no": "V-C4BDFF3841",
            "order_type": "STOCK_JEWELRY",
            "item_name": "ring7",
            "design": null,
            "job_no": "JOB-2A0DAEE3026C",
            "upload_file": "order_uploads/download_1_p7Z7F06.jpeg",
            "stamp": "24K",
            "gold_rate": "0.00",
            "base_metal": null,
            "size": "2",
            "number_of_pieces": 1,
            "item_name_fk": null,
            "stamp_fk": null,
            "size_fk": null,
            "pc": null,
            "wt": null,
            "unit": null,
            "rate_item": null,
            "discount": "0.00",
            "value_item": "0.00",
            "estimated_gross_weight": "0.000",
            "estimated_gold_weight": "0.000",
            "estimated_diamond_weight": "0.000",
            "tunch_percent": "0.00",
            "average_diamond_rate": "0.00",
            "gemstone_stone_weight": "0.000",
            "craftsmanship_fee": "0.00",
            "advance_payment_received": "YES",
            "created_by": [
                "admin27@gmail.com"
            ],
            "updated_by": null,
            "created_at": "2025-12-15T07:30:08.649Z",
            "updated_at": "2025-12-15T07:30:08.649Z"
        }
    },
    {
        "model": "vouchers.order",
        "pk": "afeec41d-7c62-443a-8668-0d4b7e3d1c9a",
        "fields": {
            "company": "0d1fac01-4068-42b0-a8f6-f2c47375185d",
            "account": "9f35ad7e-abb0-4a9e-b8d4-d4461f764343",
            "series": "DEFAULT",
            "date": "2025-12-10",
            "bill_no": "V-5EEBAD38FF",
            "order_type": "STOCK_JEWELRY",
            "item_name": "ring11",
            "design": null,
            "job_no": "JOB-E11B520DA2AB",
            "upload_file": "order_uploads/download_1_3TLpxLJ.jpeg",
            "stamp": "24K",
            "gold_rate": "0.00",
            "base_metal": null,
            "size": "3.4",
            "number_of_pieces": 1,
            "item_name_fk": null,
            "stamp_fk": null,
            "size_fk": null,
            "pc": null,
            "wt": null,
            "unit": null,
            "rate_item": null,
            "discount": "0.00",
            "value_item": "0.00",
            "estimated_gross_weight": "0.000",
            "estimated_gold_weight": "0.000",
            "estimated_diamond_weight": "0.000",
            "tunch_percent": "0.00",
            "average_diamond_rate": "0.00",
            "gemstone_stone_weight": "0.000",
            "craftsmanship_fee": "0.00",
            "advance_payment_received": "YES",
            "created_by": [
                "admin123@gmail.com"
            ],
            "updated_by": null,
            "created_at": "2025-12-10T05:31:00.936Z",
            "updated_at": "2025-12-10T05:31:00.936Z"
        }
    },
    {
        "model": "vouchers.order",
        "pk": "b8f6e583-8e42-4ed3-b2e3-f98794aeed69",
        "fields": {
            "company": "0d1fac01-4068-42b0-a8f6-f2c47375185d",
            "account": "00ca0ba8-657a-42eb-9e43-e6e5a4ba0733",
            "series": "DEFAULT",
            "date": "2025-12-17",
            "bill_no": "V-D3E60B6D3F",
            "order_type": "STOCK_JEWELRY",
            "item_name": "ring7",
            "design": null,
            "job_no": "JOB-0D70210BAD82",
            "upload_file": "order_uploads/download_1_RSBnjPI.jpeg",
            "stamp": "18K",
            "gold_rate": "0.00",
            "base_metal": null,
            "size": "3.3",
            "number_of_pieces": 1,
            "item_name_fk": null,
            "stamp_fk": null,
            "size_fk": null,
            "pc": null,
            "wt": null,
            "unit": null,
            "rate_item": null,
            "discount": "0.00",
            "value_item": "0.00",
            "estimated_gross_weight": "0.000",
            "estimated_gold_weight": "0.000",
            "estimated_diamond_weight": "0.000",
            "tunch_percent": "0.00",
            "average_diamond_rate": "0.00",
            "gemstone_stone_weight": "0.000",
            "craftsmanship_fee": "0.00",
            "advance_payment_received": "YES",
            "created_by": [
                "admin27@gmail.com"
            ],
            "updated_by": null,
            "created_at": "2025-12-17T14:12:37.833Z",
            "updated_at": "2025-12-17T14:12:37.833Z"
        }
    },
    {
        "model": "vouchers.order",
        "pk": "dc797c35-59dc-4b51-a138-c5ee05f8aee5",
        "fields": {
            "company": "0d1fac01-4068-42b0-a8f6-f2c47375185d",
            "account": "9f35ad7e-abb0-4a9e-b8d4-d4461f764343",
            "series": "DEFAULT",
            "date": "2025-12-10",
            "bill_no": "V-6ED758D683",
            "order_type": "STOCK_JEWELRY",
            "item_name": "ring9",
            "design": null,
            "job_no": "JOB-292CEB199622",
            "upload_file": "order_uploads/download_1_RZCb6hG.jpeg",
            "stamp": "18K",
            "gold_rate": "0.00",
            "base_metal": null,
            "size": "3.9",
            "number_of_pieces": 1,
            "item_name_fk": null,
            "stamp_fk": null,
            "size_fk": null,
            "pc": null,
            "wt": null,
            "unit": null,
            "rate_item": null,
            "discount": "0.00",
            "value_item": "0.00",
            "estimated_gross_weight": "0.000",
            "estimated_gold_weight": "0.000",
            "estimated_diamond_weight": "0.000",
            "tunch_percent": "0.00",
            "average_diamond_rate": "0.00",
            "gemstone_stone_weight": "0.000",
            "craftsmanship_fee": "0.00",
            "advance_payment_received": "YES",
            "created_by": [
                "admin123@gmail.com"
            ],
            "updated_by": null,
            "created_at": "2025-12-10T05:16:08.227Z",
            "updated_at": "2025-12-10T05:16:08.227Z"
        }
    },
    {
        "model": "vouchers.order",
        "pk": "df963200-a1b3-4baf-bd68-e1293939b7db",
        "fields": {
            "company": "0d1fac01-4068-42b0-a8f6-f2c47375185d",
            "account": "9f35ad7e-abb0-4a9e-b8d4-d4461f764343",
            "series": "DEFAULT",
            "date": "2025-12-09",
            "bill_no": "V-2288C03CEB",
            "order_type": "STOCK_JEWELRY",
            "item_name": "ring1",
            "design": null,
            "job_no": "JOB-A50C16DD0B81",
            "upload_file": "order_uploads/download_1_GMzetVP.jpeg",
            "stamp": "18K",
            "gold_rate": "0.00",
            "base_metal": null,
            "size": "3.3",
            "number_of_pieces": 1,
            "item_name_fk": null,
            "stamp_fk": null,
            "size_fk": null,
            "pc": null,
            "wt": null,
            "unit": null,
            "rate_item": null,
            "discount": "0.00",
            "value_item": "0.00",
            "estimated_gross_weight": "0.000",
            "estimated_gold_weight": "0.000",
            "estimated_diamond_weight": "0.000",
            "tunch_percent": "0.00",
            "average_diamond_rate": "0.00",
            "gemstone_stone_weight": "0.000",
            "craftsmanship_fee": "0.00",
            "advance_payment_received": "YES",
            "created_by": [
                "admin123@gmail.com"
            ],
            "updated_by": null,
            "created_at": "2025-12-09T17:51:03.918Z",
            "updated_at": "2025-12-09T17:51:03.918Z"
        }
    },
    {
        "model": "vouchers.order",
        "pk": "e4b6f8e7-63e4-400b-a8e5-8e46a9469e2d",
        "fields": {
            "company": "0d1fac01-4068-42b0-a8f6-f2c47375185d",
            "account": "9f35ad7e-abb0-4a9e-b8d4-d4461f764343",
            "series": "DEFAULT",
            "date": "2025-12-10",
            "bill_no": "V-9B9F0B70F0",
            "order_type": "STOCK_JEWELRY",
            "item_name": "ring21",
            "design": null,
            "job_no": "JOB-7A31089246BC",
            "upload_file": "order_uploads/download_1_NGji2R6.jpeg",
            "stamp": "24K",
            "gold_rate": "0.00",
            "base_metal": null,
            "size": "3.3",
            "number_of_pieces": 1,
            "item_name_fk": null,
            "stamp_fk": null,
            "size_fk": null,
            "pc": null,
            "wt": null,
            "unit": null,
            "rate_item": null,
            "discount": "0.00",
            "value_item": "0.00",
            "estimated_gross_weight": "0.000",
            "estimated_gold_weight": "0.000",
            "estimated_diamond_weight": "0.000",
            "tunch_percent": "0.00",
            "average_diamond_rate": "0.00",
            "gemstone_stone_weight": "0.000",
            "craftsmanship_fee": "0.00",
            "advance_payment_received": "YES",
            "created_by": [
                "admin123@gmail.com"
            ],
            "updated_by": null,
            "created_at": "2025-12-10T05:32:58.307Z",
            "updated_at": "2025-12-10T05:32:58.307Z"
        }
    },
    {
        "model": "vouchers.archives",
        "pk": "399ccb34-c785-4fc4-887c-ec3a83c358cf",
        "fields": {
            "company": "0d1fac01-4068-42b0-a8f6-f2c47375185d",
            "account": "8153d7ce-64d1-43aa-87b4-629d4f9143da",
            "series": null,
            "date": "2025-12-03",
            "bill_no": null,
            "item_name": "aea",
            "design": "pendant",
            "job_no": null,
            "stamp": null,
            "upload_file": "order_uploads/download_1.jpeg",
            "gold_rate": "0.54",
            "base_metal": null,
            "size": null,
            "number_of_pieces": 1,
            "estimated_gross_weight": "0.066",
            "estimated_gold_weight": "0.014",
            "estimated_diamond_weight": "0.000",
            "tunch_percent": "0.00",
            "average_diamond_rate": "0.00",
            "gemstone_stone_weight": "0.000",
            "craftsmanship_fee": "0.00",
            "advance_payment_received": "NO",
            "created_by": [
                "admin27@gmail.com"
            ],
            "updated_by": null,
            "created_at": "2025-12-03T11:37:37.564Z",
            "updated_at": "2025-12-03T11:37:37.564Z"
        }
    },
    {
        "model": "vouchers.sale",
        "pk": "46f6f069-4c2c-4b59-8d57-6de3b243bc11",
        "fields": {
            "company": "0d1fac01-4068-42b0-a8f6-f2c47375185d",
            "account": null,
            "tag_no": null,
            "item_name": "ring1",
            "shape": null,
            "clarity": null,
            "order_no": "",
            "stamp": null,
            "remarks": "",
            "batch": null,
            "unit": null,
            "piece": null,
            "gr_wt": null,
            "net_wt": null,
            "rate": null,
            "selected_estimate": null,
            "created_by": [
                "sales@nsj.com"
            ],
            "updated_by": null,
            "created_at": "2026-01-17T08:31:40.396Z",
            "updated_at": "2026-01-17T08:31:40.396Z"
        }
    },
    {
        "model": "vouchers.sale",
        "pk": "62cf175a-3721-4238-9319-643b080e7f3e",
        "fields": {
            "company": "0d1fac01-4068-42b0-a8f6-f2c47375185d",
            "account": null,
            "tag_no": null,
            "item_name": "ring7",
            "shape": null,
            "clarity": null,
            "order_no": "1",
            "stamp": null,
            "remarks": "",
            "batch": null,
            "unit": null,
            "piece": null,
            "gr_wt": null,
            "net_wt": null,
            "rate": null,
            "selected_estimate": null,
            "created_by": [
                "sales@nsj.com"
            ],
            "updated_by": null,
            "created_at": "2026-01-16T12:39:52.457Z",
            "updated_at": "2026-01-16T12:39:52.457Z"
        }
    },
    {
        "model": "vouchers.sale",
        "pk": "872159f8-fcae-4a8f-9351-838410899120",
        "fields": {
            "company": "0d1fac01-4068-42b0-a8f6-f2c47375185d",
            "account": null,
            "tag_no": null,
            "item_name": "ring7",
            "shape": null,
            "clarity": null,
            "order_no": "2",
            "stamp": null,
            "remarks": "gfdg",
            "batch": null,
            "unit": null,
            "piece": null,
            "gr_wt": null,
            "net_wt": null,
            "rate": null,
            "selected_estimate": null,
            "created_by": [
                "sales@nsj.com"
            ],
            "updated_by": null,
            "created_at": "2026-01-15T15:57:57.064Z",
            "updated_at": "2026-01-15T15:57:57.064Z"
        }
    },
    {
        "model": "vouchers.sale",
        "pk": "dc7a0e45-5c2c-4423-9cc6-dd3009b4b9cd",
        "fields": {
            "company": "0d1fac01-4068-42b0-a8f6-f2c47375185d",
            "account": null,
            "tag_no": null,
            "item_name": "Necklace",
            "shape": null,
            "clarity": null,
            "order_no": "",
            "stamp": null,
            "remarks": "",
            "batch": null,
            "unit": null,
            "piece": null,
            "gr_wt": null,
            "net_wt": null,
            "rate": null,
            "selected_estimate": null,
            "created_by": [
                "sales@nsj.com"
            ],
            "updated_by": null,
            "created_at": "2026-01-17T05:57:52.378Z",
            "updated_at": "2026-01-17T05:57:52.378Z"
        }
    },
    {
        "model": "vouchers.sale",
        "pk": "fade0cf2-6c88-4c88-a1e6-42de8c253e8a",
        "fields": {
            "company": "0d1fac01-4068-42b0-a8f6-f2c47375185d",
            "account": null,
            "tag_no": null,
            "item_name": "ring7",
            "shape": null,
            "clarity": null,
            "order_no": "",
            "stamp": null,
            "remarks": "",
            "batch": null,
            "unit": null,
            "piece": null,
            "gr_wt": null,
            "net_wt": null,
            "rate": null,
            "selected_estimate": null,
            "created_by": [
                "sales@nsj.com"
            ],
            "updated_by": null,
            "created_at": "2026-01-16T18:15:59.406Z",
            "updated_at": "2026-01-16T18:15:59.406Z"
        }
    },
    {
        "model": "vouchers.receipt",
        "pk": "ac88bff3-fb06-4439-bff7-5438cdecb634",
        "fields": {
            "company": "0d1fac01-4068-42b0-a8f6-f2c47375185d",
            "type": "Cr",
            "party_name": "00ca0ba8-657a-42eb-9e43-e6e5a4ba0733",
            "balance": "129404.00",
            "dr": "2000.00",
            "cr": null,
            "narration": "",
            "date": "2025-12-10",
            "created_by": [
                "admin123@gmail.com"
            ],
            "updated_by": null,
            "created_at": "2025-12-10T11:45:13.031Z",
            "updated_at": "2025-12-10T11:45:13.031Z"
        }
    },
    {
        "model": "vouchers.receipt",
        "pk": "cc4797f0-b96e-4a0e-8de6-83d3ae0f6138",
        "fields": {
            "company": "0d1fac01-4068-42b0-a8f6-f2c47375185d",
            "type": "Cr",
            "party_name": "9f35ad7e-abb0-4a9e-b8d4-d4461f764343",
            "balance": "405584.00",
            "dr": "6.00",
            "cr": null,
            "narration": "",
            "date": "2025-12-10",
            "created_by": [
                "admin123@gmail.com"
            ],
            "updated_by": null,
            "created_at": "2025-12-10T11:44:19.237Z",
            "updated_at": "2025-12-10T11:44:19.237Z"
        }
    },
    {
        "model": "vouchers.receipt",
        "pk": "d106fa4a-17ff-4465-8e1e-21670b148a5b",
        "fields": {
            "company": "0d1fac01-4068-42b0-a8f6-f2c47375185d",
            "type": "Cr",
            "party_name": "29adc30c-1668-449e-9be3-5239bc112e2f",
            "balance": "383371.00",
            "dr": "5.00",
            "cr": null,
            "narration": "",
            "date": "2025-12-10",
            "created_by": [
                "admin123@gmail.com"
            ],
            "updated_by": null,
            "created_at": "2025-12-10T13:31:21.830Z",
            "updated_at": "2025-12-10T13:31:21.830Z"
        }
    },
    {
        "model": "vouchers.receipt",
        "pk": "dacde5c8-ac38-4706-8652-63a3707c5b3c",
        "fields": {
            "company": "0d1fac01-4068-42b0-a8f6-f2c47375185d",
            "type": "Dr",
            "party_name": "8153d7ce-64d1-43aa-87b4-629d4f9143da",
            "balance": "75000.00",
            "dr": "5.00",
            "cr": null,
            "narration": "",
            "date": "2025-12-09",
            "created_by": [
                "admin123@gmail.com"
            ],
            "updated_by": null,
            "created_at": "2025-12-09T10:39:45.198Z",
            "updated_at": "2025-12-09T10:39:45.198Z"
        }
    },
    {
        "model": "vouchers.receipt",
        "pk": "fbef0b71-549d-4eff-87ee-6cc484417ab2",
        "fields": {
            "company": "0d1fac01-4068-42b0-a8f6-f2c47375185d",
            "type": "Cr",
            "party_name": "9f35ad7e-abb0-4a9e-b8d4-d4461f764343",
            "balance": "405584.00",
            "dr": null,
            "cr": null,
            "narration": "",
            "date": "2025-12-10",
            "created_by": [
                "admin123@gmail.com"
            ],
            "updated_by": null,
            "created_at": "2025-12-10T11:42:16.642Z",
            "updated_at": "2025-12-10T11:42:16.642Z"
        }
    },
    {
        "model": "vouchers.estimatevoucher",
        "pk": "09d92a3f-aa0f-4373-8458-a2c4c4645b66",
        "fields": {
            "company": "0d1fac01-4068-42b0-a8f6-f2c47375185d",
            "account": "01cd52f4-e7b3-4038-8344-b7dede78fbf5",
            "sales_query": null,
            "sale": null,
            "item_name": "Bracelet",
            "date": "2026-01-16",
            "total_taxable_value": "2563.00",
            "gst_amount": "76.89",
            "grand_total": "2587.09",
            "sub_account": null,
            "phone_number": null,
            "sales_person_name": null,
            "jewellery_type": null,
            "size_details": null,
            "status": "draft",
            "is_archived": false,
            "product_image": "",
            "created_by": [
                "sales@nsj.com"
            ],
            "updated_by": null,
            "created_at": "2026-01-16T17:55:44.180Z",
            "updated_at": "2026-01-16T17:55:44.180Z"
        }
    },
    {
        "model": "vouchers.estimatevoucher",
        "pk": "0ea53eb7-13fc-41e4-98a5-6c06c0cc0f34",
        "fields": {
            "company": "0d1fac01-4068-42b0-a8f6-f2c47375185d",
            "account": "9f35ad7e-abb0-4a9e-b8d4-d4461f764343",
            "sales_query": null,
            "sale": null,
            "item_name": "ring",
            "date": "2025-12-11",
            "total_taxable_value": "15696.73",
            "gst_amount": "470.90",
            "grand_total": "16167.63",
            "sub_account": null,
            "phone_number": null,
            "sales_person_name": null,
            "jewellery_type": null,
            "size_details": null,
            "status": "draft",
            "is_archived": false,
            "product_image": "",
            "created_by": [
                "admin123@gmail.com"
            ],
            "updated_by": null,
            "created_at": "2025-12-11T09:58:04.071Z",
            "updated_at": "2025-12-11T09:58:04.071Z"
        }
    },
    {
        "model": "vouchers.estimatevoucher",
        "pk": "0f6f9a62-63fd-4616-8167-c911807cf852",
        "fields": {
            "company": "0d1fac01-4068-42b0-a8f6-f2c47375185d",
            "account": "01cd52f4-e7b3-4038-8344-b7dede78fbf5",
            "sales_query": null,
            "sale": null,
            "item_name": "Earring",
            "date": "2026-01-14",
            "total_taxable_value": "464.00",
            "gst_amount": "13.92",
            "grand_total": "477.92",
            "sub_account": null,
            "phone_number": null,
            "sales_person_name": null,
            "jewellery_type": null,
            "size_details": null,
            "status": "draft",
            "is_archived": false,
            "product_image": "",
            "created_by": [
                "niti@nsj.com"
            ],
            "updated_by": null,
            "created_at": "2026-01-14T20:36:35.633Z",
            "updated_at": "2026-01-14T20:36:35.633Z"
        }
    },
    {
        "model": "vouchers.estimatevoucher",
        "pk": "0fbdb5cd-9167-4a64-adc3-f568da8ff6e6",
        "fields": {
            "company": "0d1fac01-4068-42b0-a8f6-f2c47375185d",
            "account": "01cd52f4-e7b3-4038-8344-b7dede78fbf5",
            "sales_query": null,
            "sale": null,
            "item_name": "Earring",
            "date": "2026-01-15",
            "total_taxable_value": "29636.00",
            "gst_amount": "889.08",
            "grand_total": "30525.08",
            "sub_account": null,
            "phone_number": null,
            "sales_person_name": null,
            "jewellery_type": null,
            "size_details": null,
            "status": "draft",
            "is_archived": false,
            "product_image": "",
            "created_by": [
                "sales@nsj.com"
            ],
            "updated_by": null,
            "created_at": "2026-01-15T15:38:23.854Z",
            "updated_at": "2026-01-15T15:38:23.854Z"
        }
    },
    {
        "model": "vouchers.estimatevoucher",
        "pk": "142def7b-4294-4bb2-93fe-6fc28d8b94f4",
        "fields": {
            "company": "0d1fac01-4068-42b0-a8f6-f2c47375185d",
            "account": "ea34cf39-48f9-4bb6-91fc-425b585c6fc6",
            "sales_query": null,
            "sale": null,
            "item_name": "ring1",
            "date": "2025-12-15",
            "total_taxable_value": "658160.66",
            "gst_amount": "19744.82",
            "grand_total": "677905.48",
            "sub_account": null,
            "phone_number": null,
            "sales_person_name": null,
            "jewellery_type": null,
            "size_details": null,
            "status": "draft",
            "is_archived": false,
            "product_image": "",
            "created_by": [
                "admin123@gmail.com"
            ],
            "updated_by": null,
            "created_at": "2025-12-15T10:26:37.357Z",
            "updated_at": "2025-12-15T10:26:37.357Z"
        }
    },
    {
        "model": "vouchers.estimatevoucher",
        "pk": "167644e6-79e0-4e56-962a-5e0f284b0a30",
        "fields": {
            "company": "0d1fac01-4068-42b0-a8f6-f2c47375185d",
            "account": "01cd52f4-e7b3-4038-8344-b7dede78fbf5",
            "sales_query": null,
            "sale": null,
            "item_name": "Necklace",
            "date": "2026-01-15",
            "total_taxable_value": "49447.00",
            "gst_amount": "1483.41",
            "grand_total": "50930.41",
            "sub_account": null,
            "phone_number": null,
            "sales_person_name": null,
            "jewellery_type": null,
            "size_details": null,
            "status": "draft",
            "is_archived": false,
            "product_image": "",
            "created_by": [
                "sales@nsj.com"
            ],
            "updated_by": null,
            "created_at": "2026-01-15T15:40:27.784Z",
            "updated_at": "2026-01-15T15:40:27.784Z"
        }
    },
    {
        "model": "vouchers.estimatevoucher",
        "pk": "1bc8a32c-eb2f-4c48-a115-bf1e634ed5db",
        "fields": {
            "company": "0d1fac01-4068-42b0-a8f6-f2c47375185d",
            "account": "01cd52f4-e7b3-4038-8344-b7dede78fbf5",
            "sales_query": "a237bab6-8e10-400e-96a8-459f8d9bcc03",
            "sale": null,
            "item_name": "ring1",
            "date": "2026-01-17",
            "total_taxable_value": "2805.00",
            "gst_amount": "84.15",
            "grand_total": "2889.15",
            "sub_account": null,
            "phone_number": "9920271641",
            "sales_person_name": "aryan",
            "jewellery_type": "ring7",
            "size_details": "1.2",
            "status": "draft",
            "is_archived": false,
            "product_image": "estimate_images/download_1_A7tn4Hn.jpeg",
            "created_by": [
                "sales@nsj.com"
            ],
            "updated_by": [
                "niti@nsj.com"
            ],
            "created_at": "2026-01-17T13:42:39.655Z",
            "updated_at": "2026-02-12T15:07:54.390Z"
        }
    },
    {
        "model": "vouchers.estimatevoucher",
        "pk": "2b87c853-ca76-463e-87be-73a6d6ccbf67",
        "fields": {
            "company": "0d1fac01-4068-42b0-a8f6-f2c47375185d",
            "account": "01cd52f4-e7b3-4038-8344-b7dede78fbf5",
            "sales_query": null,
            "sale": null,
            "item_name": "Pendant",
            "date": "2026-01-16",
            "total_taxable_value": "7810.00",
            "gst_amount": "234.30",
            "grand_total": "7642.09",
            "sub_account": null,
            "phone_number": null,
            "sales_person_name": null,
            "jewellery_type": null,
            "size_details": null,
            "status": "draft",
            "is_archived": false,
            "product_image": "",
            "created_by": [
                "sales@nsj.com"
            ],
            "updated_by": null,
            "created_at": "2026-01-16T17:46:46.639Z",
            "updated_at": "2026-01-16T17:46:46.639Z"
        }
    },
    {
        "model": "vouchers.estimatevoucher",
        "pk": "2cb9dee0-4479-4364-bee0-b80da6e1b6e2",
        "fields": {
            "company": "0d1fac01-4068-42b0-a8f6-f2c47375185d",
            "account": "ea34cf39-48f9-4bb6-91fc-425b585c6fc6",
            "sales_query": null,
            "sale": null,
            "item_name": "Bracelet",
            "date": "2026-01-16",
            "total_taxable_value": "19644.78",
            "gst_amount": "589.34",
            "grand_total": "3712.12",
            "sub_account": null,
            "phone_number": null,
            "sales_person_name": null,
            "jewellery_type": null,
            "size_details": null,
            "status": "draft",
            "is_archived": false,
            "product_image": "",
            "created_by": [
                "sales@nsj.com"
            ],
            "updated_by": null,
            "created_at": "2026-01-16T15:08:02.022Z",
            "updated_at": "2026-01-16T15:08:02.022Z"
        }
    },
    {
        "model": "vouchers.estimatevoucher",
        "pk": "3258512b-6cb5-470a-9589-c12f05951109",
        "fields": {
            "company": "0d1fac01-4068-42b0-a8f6-f2c47375185d",
            "account": "01cd52f4-e7b3-4038-8344-b7dede78fbf5",
            "sales_query": "a237bab6-8e10-400e-96a8-459f8d9bcc03",
            "sale": null,
            "item_name": "ring7",
            "date": "2026-01-17",
            "total_taxable_value": "3554.00",
            "gst_amount": "106.62",
            "grand_total": "3660.62",
            "sub_account": null,
            "phone_number": "9920271641",
            "sales_person_name": "aryan",
            "jewellery_type": "ring7",
            "size_details": "1.2",
            "status": "draft",
            "is_archived": false,
            "product_image": "",
            "created_by": [
                "sales@nsj.com"
            ],
            "updated_by": null,
            "created_at": "2026-01-17T13:18:00.111Z",
            "updated_at": "2026-01-17T13:18:00.111Z"
        }
    },
    {
        "model": "vouchers.estimatevoucher",
        "pk": "36d4ea2e-865c-4062-9052-2f4277e6c671",
        "fields": {
            "company": "0d1fac01-4068-42b0-a8f6-f2c47375185d",
            "account": "01cd52f4-e7b3-4038-8344-b7dede78fbf5",
            "sales_query": "a237bab6-8e10-400e-96a8-459f8d9bcc03",
            "sale": null,
            "item_name": "ring7",
            "date": "2026-01-17",
            "total_taxable_value": "3894.00",
            "gst_amount": "116.82",
            "grand_total": "4010.82",
            "sub_account": null,
            "phone_number": "9920271641",
            "sales_person_name": "aryan",
            "jewellery_type": "ring7",
            "size_details": "1.2",
            "status": "draft",
            "is_archived": false,
            "product_image": "",
            "created_by": [
                "sales@nsj.com"
            ],
            "updated_by": null,
            "created_at": "2026-01-17T11:48:38.561Z",
            "updated_at": "2026-01-17T11:48:38.561Z"
        }
    },
    {
        "model": "vouchers.estimatevoucher",
        "pk": "3bb08344-490d-4f35-97f6-824345dddb68",
        "fields": {
            "company": "0d1fac01-4068-42b0-a8f6-f2c47375185d",
            "account": "9f35ad7e-abb0-4a9e-b8d4-d4461f764343",
            "sales_query": null,
            "sale": null,
            "item_name": "ring",
            "date": "2025-12-11",
            "total_taxable_value": "4641.00",
            "gst_amount": "139.23",
            "grand_total": "4780.23",
            "sub_account": null,
            "phone_number": null,
            "sales_person_name": null,
            "jewellery_type": null,
            "size_details": null,
            "status": "draft",
            "is_archived": false,
            "product_image": "",
            "created_by": [
                "admin123@gmail.com"
            ],
            "updated_by": null,
            "created_at": "2025-12-11T09:56:24.444Z",
            "updated_at": "2025-12-11T09:56:24.444Z"
        }
    },
    {
        "model": "vouchers.estimatevoucher",
        "pk": "42d3083e-2a95-4911-b088-f791b7bd295d",
        "fields": {
            "company": "0d1fac01-4068-42b0-a8f6-f2c47375185d",
            "account": "01cd52f4-e7b3-4038-8344-b7dede78fbf5",
            "sales_query": "a237bab6-8e10-400e-96a8-459f8d9bcc03",
            "sale": null,
            "item_name": "Bracelet",
            "date": "2026-01-17",
            "total_taxable_value": "4895.00",
            "gst_amount": "146.85",
            "grand_total": "5041.85",
            "sub_account": null,
            "phone_number": "9920271641",
            "sales_person_name": "aryan",
            "jewellery_type": "ring7",
            "size_details": "1.2",
            "status": "draft",
            "is_archived": false,
            "product_image": "",
            "created_by": [
                "sales@nsj.com"
            ],
            "updated_by": null,
            "created_at": "2026-01-17T10:11:26.445Z",
            "updated_at": "2026-01-17T10:11:26.445Z"
        }
    },
    {
        "model": "vouchers.estimatevoucher",
        "pk": "4bc67bf2-5d13-47e5-80d1-d6c0c86410a5",
        "fields": {
            "company": "0d1fac01-4068-42b0-a8f6-f2c47375185d",
            "account": "ea34cf39-48f9-4bb6-91fc-425b585c6fc6",
            "sales_query": null,
            "sale": null,
            "item_name": "ring1",
            "date": "2025-12-15",
            "total_taxable_value": "658160.66",
            "gst_amount": "19744.82",
            "grand_total": "677905.48",
            "sub_account": null,
            "phone_number": null,
            "sales_person_name": null,
            "jewellery_type": null,
            "size_details": null,
            "status": "draft",
            "is_archived": false,
            "product_image": "",
            "created_by": [
                "admin123@gmail.com"
            ],
            "updated_by": null,
            "created_at": "2025-12-15T10:17:58.829Z",
            "updated_at": "2025-12-15T10:17:58.829Z"
        }
    },
    {
        "model": "vouchers.estimatevoucher",
        "pk": "54ef9a7e-9194-4319-9c47-55bb2ad1e74d",
        "fields": {
            "company": "0d1fac01-4068-42b0-a8f6-f2c47375185d",
            "account": "01cd52f4-e7b3-4038-8344-b7dede78fbf5",
            "sales_query": "a237bab6-8e10-400e-96a8-459f8d9bcc03",
            "sale": null,
            "item_name": "ring7",
            "date": "2026-01-17",
            "total_taxable_value": "13860.00",
            "gst_amount": "415.80",
            "grand_total": "14275.80",
            "sub_account": null,
            "phone_number": "9920271641",
            "sales_person_name": "aryan",
            "jewellery_type": "ring7",
            "size_details": "1.2",
            "status": "draft",
            "is_archived": false,
            "product_image": "",
            "created_by": [
                "sales@nsj.com"
            ],
            "updated_by": null,
            "created_at": "2026-01-17T11:11:44.636Z",
            "updated_at": "2026-01-17T11:11:44.636Z"
        }
    },
    {
        "model": "vouchers.estimatevoucher",
        "pk": "5bce57bf-4c7b-4810-a72b-4e74ea8bd8f2",
        "fields": {
            "company": "0d1fac01-4068-42b0-a8f6-f2c47375185d",
            "account": "ea34cf39-48f9-4bb6-91fc-425b585c6fc6",
            "sales_query": null,
            "sale": null,
            "item_name": "ring1",
            "date": "2025-12-12",
            "total_taxable_value": "422000.00",
            "gst_amount": "12660.00",
            "grand_total": "434660.00",
            "sub_account": null,
            "phone_number": null,
            "sales_person_name": null,
            "jewellery_type": null,
            "size_details": null,
            "status": "draft",
            "is_archived": false,
            "product_image": "",
            "created_by": [
                "admin123@gmail.com"
            ],
            "updated_by": null,
            "created_at": "2025-12-12T15:06:20.419Z",
            "updated_at": "2025-12-12T15:06:20.419Z"
        }
    },
    {
        "model": "vouchers.estimatevoucher",
        "pk": "687c632c-088d-49ec-9f26-355d063caefb",
        "fields": {
            "company": "0d1fac01-4068-42b0-a8f6-f2c47375185d",
            "account": "01cd52f4-e7b3-4038-8344-b7dede78fbf5",
            "sales_query": null,
            "sale": null,
            "item_name": "Earring",
            "date": "2026-01-14",
            "total_taxable_value": "464.00",
            "gst_amount": "13.92",
            "grand_total": "477.92",
            "sub_account": null,
            "phone_number": null,
            "sales_person_name": null,
            "jewellery_type": null,
            "size_details": null,
            "status": "draft",
            "is_archived": false,
            "product_image": "",
            "created_by": [
                "niti@nsj.com"
            ],
            "updated_by": null,
            "created_at": "2026-01-14T20:25:48.690Z",
            "updated_at": "2026-01-14T20:25:48.690Z"
        }
    },
    {
        "model": "vouchers.estimatevoucher",
        "pk": "69d2eed5-3cbc-40b6-a728-6e06a28cd4a1",
        "fields": {
            "company": "0d1fac01-4068-42b0-a8f6-f2c47375185d",
            "account": "ea34cf39-48f9-4bb6-91fc-425b585c6fc6",
            "sales_query": null,
            "sale": null,
            "item_name": "Necklace",
            "date": "2026-01-15",
            "total_taxable_value": "254967.00",
            "gst_amount": "7649.01",
            "grand_total": "262616.01",
            "sub_account": null,
            "phone_number": null,
            "sales_person_name": null,
            "jewellery_type": null,
            "size_details": null,
            "status": "draft",
            "is_archived": false,
            "product_image": "",
            "created_by": [
                "niti@nsj.com"
            ],
            "updated_by": null,
            "created_at": "2026-01-15T09:43:15.263Z",
            "updated_at": "2026-01-15T09:43:15.263Z"
        }
    },
    {
        "model": "vouchers.estimatevoucher",
        "pk": "6cc398da-585b-435c-8ee0-978aba458b22",
        "fields": {
            "company": "0d1fac01-4068-42b0-a8f6-f2c47375185d",
            "account": "9f35ad7e-abb0-4a9e-b8d4-d4461f764343",
            "sales_query": null,
            "sale": null,
            "item_name": "Earring",
            "date": "2026-02-09",
            "total_taxable_value": "36863.00",
            "gst_amount": "1105.89",
            "grand_total": "36829.82",
            "sub_account": null,
            "phone_number": null,
            "sales_person_name": null,
            "jewellery_type": null,
            "size_details": null,
            "status": "draft",
            "is_archived": false,
            "product_image": "estimate_images/download_1.jpeg",
            "created_by": [
                "niti@nsj.com"
            ],
            "updated_by": null,
            "created_at": "2026-02-09T14:57:48.660Z",
            "updated_at": "2026-02-09T14:57:48.660Z"
        }
    },
    {
        "model": "vouchers.estimatevoucher",
        "pk": "7491887a-dddf-40d2-8247-75b024c0963c",
        "fields": {
            "company": "0d1fac01-4068-42b0-a8f6-f2c47375185d",
            "account": "9f35ad7e-abb0-4a9e-b8d4-d4461f764343",
            "sales_query": null,
            "sale": null,
            "item_name": "ring",
            "date": "2025-12-11",
            "total_taxable_value": "53328.00",
            "gst_amount": "1599.84",
            "grand_total": "54927.84",
            "sub_account": null,
            "phone_number": null,
            "sales_person_name": null,
            "jewellery_type": null,
            "size_details": null,
            "status": "draft",
            "is_archived": false,
            "product_image": "",
            "created_by": [
                "admin123@gmail.com"
            ],
            "updated_by": null,
            "created_at": "2025-12-11T09:50:42.442Z",
            "updated_at": "2025-12-11T09:50:42.442Z"
        }
    },
    {
        "model": "vouchers.estimatevoucher",
        "pk": "74ac937a-754d-4add-ac60-39d044297f0b",
        "fields": {
            "company": "0d1fac01-4068-42b0-a8f6-f2c47375185d",
            "account": "ea34cf39-48f9-4bb6-91fc-425b585c6fc6",
            "sales_query": null,
            "sale": null,
            "item_name": "ring1",
            "date": "2025-12-12",
            "total_taxable_value": "168220.00",
            "gst_amount": "5046.60",
            "grand_total": "173266.60",
            "sub_account": null,
            "phone_number": null,
            "sales_person_name": null,
            "jewellery_type": null,
            "size_details": null,
            "status": "draft",
            "is_archived": false,
            "product_image": "",
            "created_by": [
                "admin123@gmail.com"
            ],
            "updated_by": null,
            "created_at": "2025-12-12T15:43:50.122Z",
            "updated_at": "2025-12-12T15:43:50.122Z"
        }
    },
    {
        "model": "vouchers.estimatevoucher",
        "pk": "7ad13a99-8f65-4820-9916-1472b028ff0d",
        "fields": {
            "company": "0d1fac01-4068-42b0-a8f6-f2c47375185d",
            "account": "01cd52f4-e7b3-4038-8344-b7dede78fbf5",
            "sales_query": null,
            "sale": "46f6f069-4c2c-4b59-8d57-6de3b243bc11",
            "item_name": "Bracelet",
            "date": "2026-01-17",
            "total_taxable_value": "4884.00",
            "gst_amount": "146.52",
            "grand_total": "5030.52",
            "sub_account": null,
            "phone_number": null,
            "sales_person_name": null,
            "jewellery_type": null,
            "size_details": null,
            "status": "draft",
            "is_archived": false,
            "product_image": "",
            "created_by": [
                "sales@nsj.com"
            ],
            "updated_by": null,
            "created_at": "2026-01-17T09:01:41.147Z",
            "updated_at": "2026-01-17T09:01:41.147Z"
        }
    },
    {
        "model": "vouchers.estimatevoucher",
        "pk": "821e4061-30e7-4568-8a62-8cebea912e6c",
        "fields": {
            "company": "0d1fac01-4068-42b0-a8f6-f2c47375185d",
            "account": "01cd52f4-e7b3-4038-8344-b7dede78fbf5",
            "sales_query": null,
            "sale": null,
            "item_name": "Earring",
            "date": "2026-01-14",
            "total_taxable_value": "385.00",
            "gst_amount": "11.55",
            "grand_total": "396.55",
            "sub_account": null,
            "phone_number": null,
            "sales_person_name": null,
            "jewellery_type": null,
            "size_details": null,
            "status": "draft",
            "is_archived": false,
            "product_image": "",
            "created_by": [
                "niti@nsj.com"
            ],
            "updated_by": null,
            "created_at": "2026-01-14T18:16:15.435Z",
            "updated_at": "2026-01-14T18:16:15.435Z"
        }
    },
    {
        "model": "vouchers.estimatevoucher",
        "pk": "825ff979-c406-4b18-b841-fbf6d6d6fb68",
        "fields": {
            "company": "0d1fac01-4068-42b0-a8f6-f2c47375185d",
            "account": "29adc30c-1668-449e-9be3-5239bc112e2f",
            "sales_query": null,
            "sale": null,
            "item_name": "ring",
            "date": "2025-12-11",
            "total_taxable_value": "42000.00",
            "gst_amount": "1260.00",
            "grand_total": "43260.00",
            "sub_account": null,
            "phone_number": null,
            "sales_person_name": null,
            "jewellery_type": null,
            "size_details": null,
            "status": "draft",
            "is_archived": false,
            "product_image": "",
            "created_by": [
                "admin123@gmail.com"
            ],
            "updated_by": null,
            "created_at": "2025-12-11T09:16:44.720Z",
            "updated_at": "2025-12-11T09:16:44.720Z"
        }
    },
    {
        "model": "vouchers.estimatevoucher",
        "pk": "86926620-12ca-41d0-964c-c01825ad8a67",
        "fields": {
            "company": "0d1fac01-4068-42b0-a8f6-f2c47375185d",
            "account": "01cd52f4-e7b3-4038-8344-b7dede78fbf5",
            "sales_query": "a237bab6-8e10-400e-96a8-459f8d9bcc03",
            "sale": null,
            "item_name": "ring7",
            "date": "2026-01-17",
            "total_taxable_value": "28305.00",
            "gst_amount": "849.15",
            "grand_total": "29154.15",
            "sub_account": null,
            "phone_number": "9920271641",
            "sales_person_name": "aryan",
            "jewellery_type": "ring7",
            "size_details": "1.2",
            "status": "draft",
            "is_archived": false,
            "product_image": "",
            "created_by": [
                "sales@nsj.com"
            ],
            "updated_by": null,
            "created_at": "2026-01-17T13:28:56.693Z",
            "updated_at": "2026-01-17T13:28:56.693Z"
        }
    },
    {
        "model": "vouchers.estimatevoucher",
        "pk": "94bc5229-026b-45c3-85e7-34ac1392036c",
        "fields": {
            "company": "0d1fac01-4068-42b0-a8f6-f2c47375185d",
            "account": "01cd52f4-e7b3-4038-8344-b7dede78fbf5",
            "sales_query": null,
            "sale": null,
            "item_name": "Bracelet",
            "date": "2026-01-16",
            "total_taxable_value": "2563.00",
            "gst_amount": "76.89",
            "grand_total": "2587.09",
            "sub_account": null,
            "phone_number": null,
            "sales_person_name": null,
            "jewellery_type": null,
            "size_details": null,
            "status": "draft",
            "is_archived": false,
            "product_image": "",
            "created_by": [
                "sales@nsj.com"
            ],
            "updated_by": null,
            "created_at": "2026-01-16T17:50:31.395Z",
            "updated_at": "2026-01-16T17:50:31.395Z"
        }
    },
    {
        "model": "vouchers.estimatevoucher",
        "pk": "96993660-fe04-4fb0-9d74-e6e9c8027147",
        "fields": {
            "company": "0d1fac01-4068-42b0-a8f6-f2c47375185d",
            "account": "01cd52f4-e7b3-4038-8344-b7dede78fbf5",
            "sales_query": null,
            "sale": null,
            "item_name": "Bracelet",
            "date": "2026-01-16",
            "total_taxable_value": "2563.00",
            "gst_amount": "76.89",
            "grand_total": "2587.09",
            "sub_account": null,
            "phone_number": null,
            "sales_person_name": null,
            "jewellery_type": null,
            "size_details": null,
            "status": "draft",
            "is_archived": false,
            "product_image": "",
            "created_by": [
                "sales@nsj.com"
            ],
            "updated_by": null,
            "created_at": "2026-01-16T17:18:47.167Z",
            "updated_at": "2026-01-16T17:18:47.167Z"
        }
    },
    {
        "model": "vouchers.estimatevoucher",
        "pk": "96f9d0a3-45f6-43b7-93a2-0a431ea57a76",
        "fields": {
            "company": "0d1fac01-4068-42b0-a8f6-f2c47375185d",
            "account": "ea34cf39-48f9-4bb6-91fc-425b585c6fc6",
            "sales_query": null,
            "sale": null,
            "item_name": "Bracelet",
            "date": "2026-01-14",
            "total_taxable_value": "0.42",
            "gst_amount": "0.01",
            "grand_total": "0.43",
            "sub_account": null,
            "phone_number": null,
            "sales_person_name": null,
            "jewellery_type": null,
            "size_details": null,
            "status": "draft",
            "is_archived": false,
            "product_image": "",
            "created_by": [
                "niti@nsj.com"
            ],
            "updated_by": null,
            "created_at": "2026-01-14T14:34:53.130Z",
            "updated_at": "2026-01-14T14:34:53.130Z"
        }
    },
    {
        "model": "vouchers.estimatevoucher",
        "pk": "98ae27ce-9e1e-45d4-8f79-274fcf53f040",
        "fields": {
            "company": "0d1fac01-4068-42b0-a8f6-f2c47375185d",
            "account": "01cd52f4-e7b3-4038-8344-b7dede78fbf5",
            "sales_query": null,
            "sale": null,
            "item_name": "Bracelet",
            "date": "2026-01-16",
            "total_taxable_value": "2563.00",
            "gst_amount": "76.89",
            "grand_total": "2587.09",
            "sub_account": null,
            "phone_number": null,
            "sales_person_name": null,
            "jewellery_type": null,
            "size_details": null,
            "status": "draft",
            "is_archived": false,
            "product_image": "",
            "created_by": [
                "sales@nsj.com"
            ],
            "updated_by": null,
            "created_at": "2026-01-16T17:38:35.282Z",
            "updated_at": "2026-01-16T17:38:35.282Z"
        }
    },
    {
        "model": "vouchers.estimatevoucher",
        "pk": "98b4de74-6808-4ca8-bbfc-4e192edb654f",
        "fields": {
            "company": "0d1fac01-4068-42b0-a8f6-f2c47375185d",
            "account": "01cd52f4-e7b3-4038-8344-b7dede78fbf5",
            "sales_query": null,
            "sale": null,
            "item_name": "Earring",
            "date": "2026-01-14",
            "total_taxable_value": "464.00",
            "gst_amount": "13.92",
            "grand_total": "477.92",
            "sub_account": null,
            "phone_number": null,
            "sales_person_name": null,
            "jewellery_type": null,
            "size_details": null,
            "status": "draft",
            "is_archived": false,
            "product_image": "",
            "created_by": [
                "niti@nsj.com"
            ],
            "updated_by": null,
            "created_at": "2026-01-14T20:10:56.785Z",
            "updated_at": "2026-01-14T20:10:56.785Z"
        }
    },
    {
        "model": "vouchers.estimatevoucher",
        "pk": "a15b87b3-bc97-4e67-be3a-e94353f46cd4",
        "fields": {
            "company": "0d1fac01-4068-42b0-a8f6-f2c47375185d",
            "account": "01cd52f4-e7b3-4038-8344-b7dede78fbf5",
            "sales_query": "a237bab6-8e10-400e-96a8-459f8d9bcc03",
            "sale": null,
            "item_name": "Bangle",
            "date": "2026-01-17",
            "total_taxable_value": "5005.00",
            "gst_amount": "150.15",
            "grand_total": "5103.60",
            "sub_account": null,
            "phone_number": null,
            "sales_person_name": null,
            "jewellery_type": null,
            "size_details": null,
            "status": "archived",
            "is_archived": true,
            "product_image": "",
            "created_by": [
                "sales@nsj.com"
            ],
            "updated_by": [
                "sales@nsj.com"
            ],
            "created_at": "2026-01-17T09:37:16.325Z",
            "updated_at": "2026-01-17T13:39:09.988Z"
        }
    },
    {
        "model": "vouchers.estimatevoucher",
        "pk": "a648ef2a-bbc0-4f83-96c1-b8aa535a864e",
        "fields": {
            "company": "0d1fac01-4068-42b0-a8f6-f2c47375185d",
            "account": "01cd52f4-e7b3-4038-8344-b7dede78fbf5",
            "sales_query": null,
            "sale": null,
            "item_name": "Bracelet",
            "date": "2026-01-15",
            "total_taxable_value": "4611.00",
            "gst_amount": "138.33",
            "grand_total": "4749.33",
            "sub_account": null,
            "phone_number": null,
            "sales_person_name": null,
            "jewellery_type": null,
            "size_details": null,
            "status": "draft",
            "is_archived": false,
            "product_image": "",
            "created_by": [
                "sales@nsj.com"
            ],
            "updated_by": null,
            "created_at": "2026-01-15T15:27:32.540Z",
            "updated_at": "2026-01-15T15:27:32.544Z"
        }
    },
    {
        "model": "vouchers.estimatevoucher",
        "pk": "a82c531d-0107-4b67-ae88-79e1b3e13825",
        "fields": {
            "company": "0d1fac01-4068-42b0-a8f6-f2c47375185d",
            "account": "ea34cf39-48f9-4bb6-91fc-425b585c6fc6",
            "sales_query": null,
            "sale": null,
            "item_name": "Necklace",
            "date": "2026-01-15",
            "total_taxable_value": "6105.00",
            "gst_amount": "183.15",
            "grand_total": "6288.15",
            "sub_account": null,
            "phone_number": null,
            "sales_person_name": null,
            "jewellery_type": null,
            "size_details": null,
            "status": "draft",
            "is_archived": false,
            "product_image": "",
            "created_by": [
                "niti@nsj.com"
            ],
            "updated_by": null,
            "created_at": "2026-01-15T09:42:28.294Z",
            "updated_at": "2026-01-15T09:42:28.294Z"
        }
    },
    {
        "model": "vouchers.estimatevoucher",
        "pk": "ab5df1b5-829b-4664-930a-51a643a2db13",
        "fields": {
            "company": "0d1fac01-4068-42b0-a8f6-f2c47375185d",
            "account": "ea34cf39-48f9-4bb6-91fc-425b585c6fc6",
            "sales_query": null,
            "sale": null,
            "item_name": "Pendant",
            "date": "2026-01-15",
            "total_taxable_value": "82572.00",
            "gst_amount": "2477.16",
            "grand_total": "85049.16",
            "sub_account": null,
            "phone_number": null,
            "sales_person_name": null,
            "jewellery_type": null,
            "size_details": null,
            "status": "draft",
            "is_archived": false,
            "product_image": "",
            "created_by": [
                "niti@nsj.com"
            ],
            "updated_by": null,
            "created_at": "2026-01-15T08:49:26.283Z",
            "updated_at": "2026-01-15T08:49:26.283Z"
        }
    },
    {
        "model": "vouchers.estimatevoucher",
        "pk": "b1be5234-3e43-46c9-a030-7f262e15d901",
        "fields": {
            "company": "0d1fac01-4068-42b0-a8f6-f2c47375185d",
            "account": "01cd52f4-e7b3-4038-8344-b7dede78fbf5",
            "sales_query": "a237bab6-8e10-400e-96a8-459f8d9bcc03",
            "sale": null,
            "item_name": "ring7",
            "date": "2026-01-17",
            "total_taxable_value": "1243.00",
            "gst_amount": "37.29",
            "grand_total": "1280.29",
            "sub_account": null,
            "phone_number": "9920271641",
            "sales_person_name": "aryan",
            "jewellery_type": "ring7",
            "size_details": "1.2",
            "status": "draft",
            "is_archived": false,
            "product_image": "",
            "created_by": [
                "sales@nsj.com"
            ],
            "updated_by": null,
            "created_at": "2026-01-17T11:40:10.864Z",
            "updated_at": "2026-01-17T11:40:10.864Z"
        }
    },
    {
        "model": "vouchers.estimatevoucher",
        "pk": "b2d259de-2cb7-404a-bb89-867a985b1f4e",
        "fields": {
            "company": "0d1fac01-4068-42b0-a8f6-f2c47375185d",
            "account": "01cd52f4-e7b3-4038-8344-b7dede78fbf5",
            "sales_query": null,
            "sale": null,
            "item_name": "Necklace",
            "date": "2026-01-16",
            "total_taxable_value": "61605.00",
            "gst_amount": "1848.15",
            "grand_total": "55838.77",
            "sub_account": null,
            "phone_number": null,
            "sales_person_name": null,
            "jewellery_type": null,
            "size_details": null,
            "status": "draft",
            "is_archived": false,
            "product_image": "",
            "created_by": [
                "sales@nsj.com"
            ],
            "updated_by": null,
            "created_at": "2026-01-16T16:02:41.101Z",
            "updated_at": "2026-01-16T16:02:41.101Z"
        }
    },
    {
        "model": "vouchers.estimatevoucher",
        "pk": "b5477a86-d5c6-42da-a4b5-7b02176ea60a",
        "fields": {
            "company": "0d1fac01-4068-42b0-a8f6-f2c47375185d",
            "account": "29adc30c-1668-449e-9be3-5239bc112e2f",
            "sales_query": null,
            "sale": null,
            "item_name": "ring9",
            "date": "2025-12-11",
            "total_taxable_value": "116000.00",
            "gst_amount": "3480.00",
            "grand_total": "119480.00",
            "sub_account": null,
            "phone_number": null,
            "sales_person_name": null,
            "jewellery_type": null,
            "size_details": null,
            "status": "draft",
            "is_archived": false,
            "product_image": "",
            "created_by": [
                "admin123@gmail.com"
            ],
            "updated_by": null,
            "created_at": "2025-12-11T10:56:28.878Z",
            "updated_at": "2025-12-11T10:56:28.878Z"
        }
    },
    {
        "model": "vouchers.estimatevoucher",
        "pk": "b6af20f1-66c8-4841-ad7d-c2ffe2b4eedf",
        "fields": {
            "company": "0d1fac01-4068-42b0-a8f6-f2c47375185d",
            "account": "ea34cf39-48f9-4bb6-91fc-425b585c6fc6",
            "sales_query": null,
            "sale": null,
            "item_name": "Necklace",
            "date": "2026-01-16",
            "total_taxable_value": "24684.00",
            "gst_amount": "740.52",
            "grand_total": "23644.80",
            "sub_account": null,
            "phone_number": null,
            "sales_person_name": null,
            "jewellery_type": null,
            "size_details": null,
            "status": "draft",
            "is_archived": false,
            "product_image": "",
            "created_by": [
                "sales@nsj.com"
            ],
            "updated_by": null,
            "created_at": "2026-01-16T15:19:25.225Z",
            "updated_at": "2026-01-16T15:19:25.225Z"
        }
    },
    {
        "model": "vouchers.estimatevoucher",
        "pk": "bbb0869a-cf83-41c6-bd7e-aad4055ab568",
        "fields": {
            "company": "0d1fac01-4068-42b0-a8f6-f2c47375185d",
            "account": "ea34cf39-48f9-4bb6-91fc-425b585c6fc6",
            "sales_query": null,
            "sale": null,
            "item_name": "Earring",
            "date": "2026-01-15",
            "total_taxable_value": "2794.00",
            "gst_amount": "83.82",
            "grand_total": "2877.82",
            "sub_account": null,
            "phone_number": null,
            "sales_person_name": null,
            "jewellery_type": null,
            "size_details": null,
            "status": "draft",
            "is_archived": false,
            "product_image": "",
            "created_by": [
                "niti@nsj.com"
            ],
            "updated_by": null,
            "created_at": "2026-01-15T07:04:25.640Z",
            "updated_at": "2026-01-15T07:04:25.640Z"
        }
    },
    {
        "model": "vouchers.estimatevoucher",
        "pk": "be11a61c-1782-4144-8f1e-cbc4c2e6d902",
        "fields": {
            "company": "0d1fac01-4068-42b0-a8f6-f2c47375185d",
            "account": "01cd52f4-e7b3-4038-8344-b7dede78fbf5",
            "sales_query": "a237bab6-8e10-400e-96a8-459f8d9bcc03",
            "sale": null,
            "item_name": "ring7",
            "date": "2026-01-17",
            "total_taxable_value": "3884.00",
            "gst_amount": "116.52",
            "grand_total": "4000.52",
            "sub_account": null,
            "phone_number": "9920271641",
            "sales_person_name": "aryan",
            "jewellery_type": "ring7",
            "size_details": "1.2",
            "status": "draft",
            "is_archived": false,
            "product_image": "",
            "created_by": [
                "sales@nsj.com"
            ],
            "updated_by": null,
            "created_at": "2026-01-17T11:02:10.254Z",
            "updated_at": "2026-01-17T11:02:10.254Z"
        }
    },
    {
        "model": "vouchers.estimatevoucher",
        "pk": "bf1dc61e-f3f5-427f-87c3-2382a26fffdb",
        "fields": {
            "company": "0d1fac01-4068-42b0-a8f6-f2c47375185d",
            "account": "01cd52f4-e7b3-4038-8344-b7dede78fbf5",
            "sales_query": null,
            "sale": null,
            "item_name": "Bangle",
            "date": "2026-01-16",
            "total_taxable_value": "2552.00",
            "gst_amount": "76.56",
            "grand_total": "2628.56",
            "sub_account": null,
            "phone_number": null,
            "sales_person_name": null,
            "jewellery_type": null,
            "size_details": null,
            "status": "draft",
            "is_archived": false,
            "product_image": "",
            "created_by": [
                "sales@nsj.com"
            ],
            "updated_by": null,
            "created_at": "2026-01-16T16:46:44.338Z",
            "updated_at": "2026-01-16T16:46:44.338Z"
        }
    },
    {
        "model": "vouchers.estimatevoucher",
        "pk": "bf5c7566-56ce-4e03-9e7b-0adeae08701d",
        "fields": {
            "company": "0d1fac01-4068-42b0-a8f6-f2c47375185d",
            "account": "ea34cf39-48f9-4bb6-91fc-425b585c6fc6",
            "sales_query": null,
            "sale": null,
            "item_name": "Bracelet",
            "date": "2026-01-16",
            "total_taxable_value": "136874.00",
            "gst_amount": "4106.22",
            "grand_total": "140980.22",
            "sub_account": null,
            "phone_number": null,
            "sales_person_name": null,
            "jewellery_type": null,
            "size_details": null,
            "status": "draft",
            "is_archived": false,
            "product_image": "",
            "created_by": [
                "sales@nsj.com"
            ],
            "updated_by": null,
            "created_at": "2026-01-16T16:52:43.341Z",
            "updated_at": "2026-01-16T16:52:43.341Z"
        }
    },
    {
        "model": "vouchers.estimatevoucher",
        "pk": "c684191b-c883-442c-b360-b9c4ec39bff2",
        "fields": {
            "company": "0d1fac01-4068-42b0-a8f6-f2c47375185d",
            "account": "01cd52f4-e7b3-4038-8344-b7dede78fbf5",
            "sales_query": null,
            "sale": null,
            "item_name": "ring7",
            "date": "2025-12-12",
            "total_taxable_value": "25476.00",
            "gst_amount": "764.28",
            "grand_total": "26240.28",
            "sub_account": null,
            "phone_number": null,
            "sales_person_name": null,
            "jewellery_type": null,
            "size_details": null,
            "status": "archived",
            "is_archived": true,
            "product_image": "",
            "created_by": [
                "admin27@gmail.com"
            ],
            "updated_by": [
                "sales@nsj.com"
            ],
            "created_at": "2025-12-12T14:07:16.762Z",
            "updated_at": "2026-01-17T11:39:41.356Z"
        }
    },
    {
        "model": "vouchers.estimatevoucher",
        "pk": "c7942b96-48ff-47d8-9faf-87aade1931eb",
        "fields": {
            "company": "0d1fac01-4068-42b0-a8f6-f2c47375185d",
            "account": "01cd52f4-e7b3-4038-8344-b7dede78fbf5",
            "sales_query": null,
            "sale": null,
            "item_name": "Necklace",
            "date": "2026-01-14",
            "total_taxable_value": "1288.00",
            "gst_amount": "38.64",
            "grand_total": "1326.64",
            "sub_account": null,
            "phone_number": null,
            "sales_person_name": null,
            "jewellery_type": null,
            "size_details": null,
            "status": "draft",
            "is_archived": false,
            "product_image": "",
            "created_by": [
                "niti@nsj.com"
            ],
            "updated_by": null,
            "created_at": "2026-01-14T17:58:16.348Z",
            "updated_at": "2026-01-14T17:58:16.348Z"
        }
    },
    {
        "model": "vouchers.estimatevoucher",
        "pk": "c79a95ab-eb0c-4558-a8fa-e31e6be0aae3",
        "fields": {
            "company": "0d1fac01-4068-42b0-a8f6-f2c47375185d",
            "account": "ea34cf39-48f9-4bb6-91fc-425b585c6fc6",
            "sales_query": null,
            "sale": null,
            "item_name": "ring1",
            "date": "2025-12-12",
            "total_taxable_value": "660416.00",
            "gst_amount": "19812.48",
            "grand_total": "680228.48",
            "sub_account": null,
            "phone_number": null,
            "sales_person_name": null,
            "jewellery_type": null,
            "size_details": null,
            "status": "draft",
            "is_archived": false,
            "product_image": "",
            "created_by": [
                "admin123@gmail.com"
            ],
            "updated_by": null,
            "created_at": "2025-12-12T15:50:10.582Z",
            "updated_at": "2025-12-12T15:50:10.582Z"
        }
    },
    {
        "model": "vouchers.estimatevoucher",
        "pk": "ce555808-3e77-444a-b86c-7267ca98be46",
        "fields": {
            "company": "0d1fac01-4068-42b0-a8f6-f2c47375185d",
            "account": "9f35ad7e-abb0-4a9e-b8d4-d4461f764343",
            "sales_query": null,
            "sale": null,
            "item_name": "ring",
            "date": "2025-12-11",
            "total_taxable_value": "46662.00",
            "gst_amount": "1399.86",
            "grand_total": "48061.86",
            "sub_account": null,
            "phone_number": null,
            "sales_person_name": null,
            "jewellery_type": null,
            "size_details": null,
            "status": "draft",
            "is_archived": false,
            "product_image": "",
            "created_by": [
                "admin123@gmail.com"
            ],
            "updated_by": null,
            "created_at": "2025-12-11T10:45:40.699Z",
            "updated_at": "2025-12-11T10:45:40.699Z"
        }
    },
    {
        "model": "vouchers.estimatevoucher",
        "pk": "cf18d07e-3a3d-4b1a-8585-d84af456adf4",
        "fields": {
            "company": "0d1fac01-4068-42b0-a8f6-f2c47375185d",
            "account": "01cd52f4-e7b3-4038-8344-b7dede78fbf5",
            "sales_query": "a237bab6-8e10-400e-96a8-459f8d9bcc03",
            "sale": null,
            "item_name": "ring7",
            "date": "2026-01-17",
            "total_taxable_value": "66.00",
            "gst_amount": "1.98",
            "grand_total": "67.98",
            "sub_account": "ryrety",
            "phone_number": "9920271641",
            "sales_person_name": "aryan",
            "jewellery_type": "ring7",
            "size_details": "1.2",
            "status": "draft",
            "is_archived": false,
            "product_image": "",
            "created_by": [
                "sales@nsj.com"
            ],
            "updated_by": null,
            "created_at": "2026-01-17T13:30:16.593Z",
            "updated_at": "2026-01-17T13:30:16.593Z"
        }
    },
    {
        "model": "vouchers.estimatevoucher",
        "pk": "d37038f1-0a1d-4b33-99b9-7756e71b43ed",
        "fields": {
            "company": "0d1fac01-4068-42b0-a8f6-f2c47375185d",
            "account": "01cd52f4-e7b3-4038-8344-b7dede78fbf5",
            "sales_query": null,
            "sale": null,
            "item_name": "Earring",
            "date": "2026-01-14",
            "total_taxable_value": "464.00",
            "gst_amount": "13.92",
            "grand_total": "477.92",
            "sub_account": null,
            "phone_number": null,
            "sales_person_name": null,
            "jewellery_type": null,
            "size_details": null,
            "status": "draft",
            "is_archived": false,
            "product_image": "",
            "created_by": [
                "niti@nsj.com"
            ],
            "updated_by": null,
            "created_at": "2026-01-14T20:40:27.044Z",
            "updated_at": "2026-01-14T20:40:27.044Z"
        }
    },
    {
        "model": "vouchers.estimatevoucher",
        "pk": "d9f50b2e-1d82-4c60-8ca6-0d715dd7e983",
        "fields": {
            "company": "0d1fac01-4068-42b0-a8f6-f2c47375185d",
            "account": "01cd52f4-e7b3-4038-8344-b7dede78fbf5",
            "sales_query": "a237bab6-8e10-400e-96a8-459f8d9bcc03",
            "sale": null,
            "item_name": "Pendant",
            "date": "2026-01-17",
            "total_taxable_value": "2706.00",
            "gst_amount": "81.18",
            "grand_total": "2787.18",
            "sub_account": null,
            "phone_number": "9920271641",
            "sales_person_name": "aryan",
            "jewellery_type": "ring7",
            "size_details": null,
            "status": "draft",
            "is_archived": false,
            "product_image": "",
            "created_by": [
                "sales@nsj.com"
            ],
            "updated_by": null,
            "created_at": "2026-01-17T09:59:28.820Z",
            "updated_at": "2026-01-17T09:59:28.820Z"
        }
    },
    {
        "model": "vouchers.estimatevoucher",
        "pk": "dd0dc086-6339-4603-a445-2dbcf4a90c33",
        "fields": {
            "company": "0d1fac01-4068-42b0-a8f6-f2c47375185d",
            "account": "01cd52f4-e7b3-4038-8344-b7dede78fbf5",
            "sales_query": null,
            "sale": null,
            "item_name": "ring7",
            "date": "2025-12-11",
            "total_taxable_value": "8802.58",
            "gst_amount": "264.08",
            "grand_total": "9066.66",
            "sub_account": null,
            "phone_number": null,
            "sales_person_name": null,
            "jewellery_type": null,
            "size_details": null,
            "status": "archived",
            "is_archived": true,
            "product_image": "",
            "created_by": [
                "admin123@gmail.com"
            ],
            "updated_by": [
                "sales@nsj.com"
            ],
            "created_at": "2025-12-11T18:10:06.963Z",
            "updated_at": "2026-01-17T13:39:16.627Z"
        }
    },
    {
        "model": "vouchers.estimatevoucher",
        "pk": "df304118-233a-45b2-a318-da2587af629b",
        "fields": {
            "company": "0d1fac01-4068-42b0-a8f6-f2c47375185d",
            "account": "01cd52f4-e7b3-4038-8344-b7dede78fbf5",
            "sales_query": null,
            "sale": null,
            "item_name": "Bracelet",
            "date": "2026-01-16",
            "total_taxable_value": "2563.00",
            "gst_amount": "76.89",
            "grand_total": "2587.09",
            "sub_account": null,
            "phone_number": null,
            "sales_person_name": null,
            "jewellery_type": null,
            "size_details": null,
            "status": "draft",
            "is_archived": false,
            "product_image": "",
            "created_by": [
                "sales@nsj.com"
            ],
            "updated_by": null,
            "created_at": "2026-01-16T17:57:57.746Z",
            "updated_at": "2026-01-16T17:57:57.746Z"
        }
    },
    {
        "model": "vouchers.estimatevoucher",
        "pk": "dfdab8ba-cb45-493e-811e-519b6f9662fe",
        "fields": {
            "company": "0d1fac01-4068-42b0-a8f6-f2c47375185d",
            "account": "ea34cf39-48f9-4bb6-91fc-425b585c6fc6",
            "sales_query": null,
            "sale": null,
            "item_name": "Earring",
            "date": "2026-01-17",
            "total_taxable_value": "2464.00",
            "gst_amount": "73.92",
            "grand_total": "2537.92",
            "sub_account": null,
            "phone_number": null,
            "sales_person_name": null,
            "jewellery_type": null,
            "size_details": null,
            "status": "draft",
            "is_archived": false,
            "product_image": "",
            "created_by": [
                "sales@nsj.com"
            ],
            "updated_by": null,
            "created_at": "2026-01-17T08:13:47.706Z",
            "updated_at": "2026-01-17T08:13:47.706Z"
        }
    },
    {
        "model": "vouchers.estimatevoucher",
        "pk": "e092d4f1-6003-46de-ad6b-86bf96217344",
        "fields": {
            "company": "0d1fac01-4068-42b0-a8f6-f2c47375185d",
            "account": "ea34cf39-48f9-4bb6-91fc-425b585c6fc6",
            "sales_query": null,
            "sale": null,
            "item_name": "ring7",
            "date": "2026-02-16",
            "total_taxable_value": "83250.04",
            "gst_amount": "2497.50",
            "grand_total": "85747.54",
            "sub_account": null,
            "phone_number": null,
            "sales_person_name": null,
            "jewellery_type": null,
            "size_details": null,
            "status": "draft",
            "is_archived": false,
            "product_image": "",
            "created_by": [
                "niti@nsj.com"
            ],
            "updated_by": null,
            "created_at": "2026-02-16T15:51:51.005Z",
            "updated_at": "2026-02-16T15:51:51.005Z"
        }
    },
    {
        "model": "vouchers.estimatevoucher",
        "pk": "ebad818c-e3e6-43d9-8b2d-ff21e3e09e59",
        "fields": {
            "company": "0d1fac01-4068-42b0-a8f6-f2c47375185d",
            "account": "01cd52f4-e7b3-4038-8344-b7dede78fbf5",
            "sales_query": null,
            "sale": null,
            "item_name": "ring7",
            "date": "2025-12-15",
            "total_taxable_value": "260374.00",
            "gst_amount": "7811.22",
            "grand_total": "268185.22",
            "sub_account": null,
            "phone_number": null,
            "sales_person_name": null,
            "jewellery_type": null,
            "size_details": null,
            "status": "archived",
            "is_archived": true,
            "product_image": "",
            "created_by": [
                "admin27@gmail.com"
            ],
            "updated_by": [
                "sales@nsj.com"
            ],
            "created_at": "2025-12-15T07:20:02.390Z",
            "updated_at": "2026-01-17T13:39:12.982Z"
        }
    },
    {
        "model": "vouchers.estimatevoucher",
        "pk": "ed95b8d9-eec9-451d-92b4-eff39f2d9719",
        "fields": {
            "company": "0d1fac01-4068-42b0-a8f6-f2c47375185d",
            "account": "01cd52f4-e7b3-4038-8344-b7dede78fbf5",
            "sales_query": "a237bab6-8e10-400e-96a8-459f8d9bcc03",
            "sale": null,
            "item_name": "ring7",
            "date": "2026-01-17",
            "total_taxable_value": "39181.89",
            "gst_amount": "1175.46",
            "grand_total": "39146.63",
            "sub_account": null,
            "phone_number": "9920271641",
            "sales_person_name": "aryan",
            "jewellery_type": "ring7",
            "size_details": "1.2",
            "status": "draft",
            "is_archived": false,
            "product_image": "",
            "created_by": [
                "sales@nsj.com"
            ],
            "updated_by": null,
            "created_at": "2026-01-17T11:08:35.872Z",
            "updated_at": "2026-01-17T11:08:35.872Z"
        }
    },
    {
        "model": "vouchers.estimatevoucher",
        "pk": "f06df8fd-1d9e-4b52-a7a1-4358d8c1d4e0",
        "fields": {
            "company": "0d1fac01-4068-42b0-a8f6-f2c47375185d",
            "account": "ea34cf39-48f9-4bb6-91fc-425b585c6fc6",
            "sales_query": null,
            "sale": null,
            "item_name": "Necklace",
            "date": "2026-01-17",
            "total_taxable_value": "484.00",
            "gst_amount": "14.52",
            "grand_total": "493.53",
            "sub_account": null,
            "phone_number": null,
            "sales_person_name": null,
            "jewellery_type": null,
            "size_details": null,
            "status": "draft",
            "is_archived": false,
            "product_image": "",
            "created_by": [
                "sales@nsj.com"
            ],
            "updated_by": null,
            "created_at": "2026-01-17T05:51:43.069Z",
            "updated_at": "2026-01-17T05:51:43.069Z"
        }
    },
    {
        "model": "vouchers.estimatevoucher",
        "pk": "f0d283e5-4661-42de-af6f-91656f706a4a",
        "fields": {
            "company": "0d1fac01-4068-42b0-a8f6-f2c47375185d",
            "account": "01cd52f4-e7b3-4038-8344-b7dede78fbf5",
            "sales_query": null,
            "sale": null,
            "item_name": "Necklace",
            "date": "2026-01-16",
            "total_taxable_value": "61605.00",
            "gst_amount": "1848.15",
            "grand_total": "55838.77",
            "sub_account": null,
            "phone_number": null,
            "sales_person_name": null,
            "jewellery_type": null,
            "size_details": null,
            "status": "draft",
            "is_archived": false,
            "product_image": "",
            "created_by": [
                "sales@nsj.com"
            ],
            "updated_by": null,
            "created_at": "2026-01-16T15:49:56.065Z",
            "updated_at": "2026-01-16T15:49:56.065Z"
        }
    },
    {
        "model": "vouchers.estimatevoucher",
        "pk": "f596dd61-3c87-4203-b904-e3ec8033c6bd",
        "fields": {
            "company": "0d1fac01-4068-42b0-a8f6-f2c47375185d",
            "account": "9f35ad7e-abb0-4a9e-b8d4-d4461f764343",
            "sales_query": null,
            "sale": null,
            "item_name": "Necklace",
            "date": "2026-01-15",
            "total_taxable_value": "4884.00",
            "gst_amount": "146.52",
            "grand_total": "5030.52",
            "sub_account": null,
            "phone_number": null,
            "sales_person_name": null,
            "jewellery_type": null,
            "size_details": null,
            "status": "draft",
            "is_archived": false,
            "product_image": "",
            "created_by": [
                "sales@nsj.com"
            ],
            "updated_by": null,
            "created_at": "2026-01-15T17:25:09.424Z",
            "updated_at": "2026-01-15T17:25:09.424Z"
        }
    },
    {
        "model": "vouchers.estimatevoucher",
        "pk": "f79df449-57c0-4a17-a769-5f3c46678693",
        "fields": {
            "company": "0d1fac01-4068-42b0-a8f6-f2c47375185d",
            "account": "ea34cf39-48f9-4bb6-91fc-425b585c6fc6",
            "sales_query": null,
            "sale": null,
            "item_name": "Pendant",
            "date": "2026-01-15",
            "total_taxable_value": "82572.00",
            "gst_amount": "2477.16",
            "grand_total": "85049.16",
            "sub_account": null,
            "phone_number": null,
            "sales_person_name": null,
            "jewellery_type": null,
            "size_details": null,
            "status": "draft",
            "is_archived": false,
            "product_image": "",
            "created_by": [
                "niti@nsj.com"
            ],
            "updated_by": null,
            "created_at": "2026-01-15T09:41:48.729Z",
            "updated_at": "2026-01-15T09:41:48.729Z"
        }
    },
    {
        "model": "vouchers.estimatevoucher",
        "pk": "f83d12df-0ffc-48b9-9e6c-e89d491ac6ba",
        "fields": {
            "company": "0d1fac01-4068-42b0-a8f6-f2c47375185d",
            "account": "ea34cf39-48f9-4bb6-91fc-425b585c6fc6",
            "sales_query": null,
            "sale": null,
            "item_name": "Necklace",
            "date": "2026-01-16",
            "total_taxable_value": "484.00",
            "gst_amount": "14.52",
            "grand_total": "498.52",
            "sub_account": null,
            "phone_number": null,
            "sales_person_name": null,
            "jewellery_type": null,
            "size_details": null,
            "status": "draft",
            "is_archived": false,
            "product_image": "",
            "created_by": [
                "sales@nsj.com"
            ],
            "updated_by": null,
            "created_at": "2026-01-16T14:50:52.358Z",
            "updated_at": "2026-01-16T14:50:52.358Z"
        }
    },
    {
        "model": "vouchers.estimatevoucher",
        "pk": "fc0fa4f1-134e-476f-84c2-d5c334e63425",
        "fields": {
            "company": "0d1fac01-4068-42b0-a8f6-f2c47375185d",
            "account": "01cd52f4-e7b3-4038-8344-b7dede78fbf5",
            "sales_query": null,
            "sale": null,
            "item_name": "Bracelet",
            "date": "2026-01-15",
            "total_taxable_value": "484.00",
            "gst_amount": "14.52",
            "grand_total": "498.52",
            "sub_account": null,
            "phone_number": null,
            "sales_person_name": null,
            "jewellery_type": null,
            "size_details": null,
            "status": "draft",
            "is_archived": false,
            "product_image": "",
            "created_by": [
                "niti@nsj.com"
            ],
            "updated_by": null,
            "created_at": "2026-01-15T15:28:50.212Z",
            "updated_at": "2026-01-15T15:28:50.212Z"
        }
    },
    {
        "model": "vouchers.estimatevoucher",
        "pk": "fe96fc47-1b51-47ee-beab-ae9080c061d4",
        "fields": {
            "company": "0d1fac01-4068-42b0-a8f6-f2c47375185d",
            "account": "ea34cf39-48f9-4bb6-91fc-425b585c6fc6",
            "sales_query": null,
            "sale": null,
            "item_name": "Ring",
            "date": "2025-12-15",
            "total_taxable_value": "345.00",
            "gst_amount": "10.35",
            "grand_total": "355.35",
            "sub_account": null,
            "phone_number": null,
            "sales_person_name": null,
            "jewellery_type": null,
            "size_details": null,
            "status": "draft",
            "is_archived": false,
            "product_image": "",
            "created_by": [
                "admin123@gmail.com"
            ],
            "updated_by": null,
            "created_at": "2025-12-15T15:08:10.851Z",
            "updated_at": "2025-12-15T15:08:10.851Z"
        }
    },
    {
        "model": "vouchers.estimatelineitem",
        "pk": "03441cba-71f2-4252-a13d-e0e356fc6249",
        "fields": {
            "estimate": "bbb0869a-cf83-41c6-bd7e-aad4055ab568",
            "particulars": "Gold",
            "shape": "",
            "colour": "",
            "clarity": "",
            "pc": null,
            "weight": "11.000",
            "unit": "GM",
            "rate": "122.00",
            "amount": "1342.00",
            "order": 0,
            "is_compulsory": true,
            "raw_material": "Gold"
        }
    },
    {
        "model": "vouchers.estimatelineitem",
        "pk": "045eba29-b030-4431-8914-0fb64bb6a21f",
        "fields": {
            "estimate": "e092d4f1-6003-46de-ad6b-86bf96217344",
            "particulars": "Gold",
            "shape": "",
            "colour": "",
            "clarity": "",
            "pc": 2,
            "weight": "112.000",
            "unit": "GM",
            "rate": "112.00",
            "amount": "12544.00",
            "order": 0,
            "is_compulsory": true,
            "raw_material": "Gold"
        }
    },
    {
        "model": "vouchers.estimatelineitem",
        "pk": "069af1b3-4b40-4fa6-9dc1-2f6a0f039a2a",
        "fields": {
            "estimate": "b1be5234-3e43-46c9-a030-7f262e15d901",
            "particulars": "Gold",
            "shape": "",
            "colour": "",
            "clarity": "",
            "pc": 1,
            "weight": "11.000",
            "unit": "GM",
            "rate": "111.00",
            "amount": "1221.00",
            "order": 0,
            "is_compulsory": true,
            "raw_material": "Gold"
        }
    },
    {
        "model": "vouchers.estimatelineitem",
        "pk": "06a2941b-0679-475c-93b1-8a4dda2551e5",
        "fields": {
            "estimate": "cf18d07e-3a3d-4b1a-8585-d84af456adf4",
            "particulars": "Gold",
            "shape": "",
            "colour": "",
            "clarity": "",
            "pc": 1,
            "weight": "2.000",
            "unit": "GM",
            "rate": "11.00",
            "amount": "22.00",
            "order": 0,
            "is_compulsory": true,
            "raw_material": "Gold"
        }
    },
    {
        "model": "vouchers.estimatelineitem",
        "pk": "0a4e9f29-f757-4b8f-8c62-59f4416d0a36",
        "fields": {
            "estimate": "09d92a3f-aa0f-4373-8458-a2c4c4645b66",
            "particulars": "Gold",
            "shape": "",
            "colour": "",
            "clarity": "",
            "pc": 11,
            "weight": "11.000",
            "unit": "GM",
            "rate": "111.00",
            "amount": "1221.00",
            "order": 0,
            "is_compulsory": true,
            "raw_material": "Gold"
        }
    },
    {
        "model": "vouchers.estimatelineitem",
        "pk": "0af2a26a-bd23-4c96-9a70-83541e22bd47",
        "fields": {
            "estimate": "bf5c7566-56ce-4e03-9e7b-0adeae08701d",
            "particulars": "Gold",
            "shape": "",
            "colour": "",
            "clarity": "",
            "pc": null,
            "weight": "1111.000",
            "unit": "GM",
            "rate": "122.00",
            "amount": "135542.00",
            "order": 0,
            "is_compulsory": true,
            "raw_material": "Gold"
        }
    },
    {
        "model": "vouchers.estimatelineitem",
        "pk": "0b8bd64b-55b5-4715-8136-c4bcb9211bc1",
        "fields": {
            "estimate": "142def7b-4294-4bb2-93fe-6fc28d8b94f4",
            "particulars": "Diamond",
            "shape": "",
            "colour": "",
            "clarity": "",
            "pc": null,
            "weight": "0.012",
            "unit": "CT",
            "rate": "12222.00",
            "amount": "146.66",
            "order": 2,
            "is_compulsory": false,
            "raw_material": "Diamond"
        }
    },
    {
        "model": "vouchers.estimatelineitem",
        "pk": "13564d4b-d4e5-4395-bc02-6f5ed91a1243",
        "fields": {
            "estimate": "4bc67bf2-5d13-47e5-80d1-d6c0c86410a5",
            "particulars": "Craftsmanship Fee",
            "shape": "",
            "colour": "",
            "clarity": "",
            "pc": null,
            "weight": "21.000",
            "unit": "",
            "rate": "222.00",
            "amount": "4662.00",
            "order": 1,
            "is_compulsory": true,
            "raw_material": "Craftsmanship"
        }
    },
    {
        "model": "vouchers.estimatelineitem",
        "pk": "15ab90d9-c508-46b5-bfc2-9a5c8b9ea982",
        "fields": {
            "estimate": "0ea53eb7-13fc-41e4-98a5-6c06c0cc0f34",
            "particulars": "gold18k",
            "shape": "",
            "colour": "",
            "clarity": "",
            "pc": 0,
            "weight": "0.005",
            "unit": "GM",
            "rate": "2211145.00",
            "amount": "11055.73",
            "order": 1,
            "is_compulsory": false,
            "raw_material": null
        }
    },
    {
        "model": "vouchers.estimatelineitem",
        "pk": "17dbd717-e44e-42d8-b89a-21a364764407",
        "fields": {
            "estimate": "cf18d07e-3a3d-4b1a-8585-d84af456adf4",
            "particulars": "Craftsmanship Fee",
            "shape": "",
            "colour": "",
            "clarity": "",
            "pc": 2,
            "weight": "2.000",
            "unit": "",
            "rate": "22.00",
            "amount": "44.00",
            "order": 1,
            "is_compulsory": true,
            "raw_material": "Craftsmanship"
        }
    },
    {
        "model": "vouchers.estimatelineitem",
        "pk": "19e2a3a9-46f0-4322-ad93-1afac49cd8a7",
        "fields": {
            "estimate": "69d2eed5-3cbc-40b6-a728-6e06a28cd4a1",
            "particulars": "Craftsmanship Fee",
            "shape": "",
            "colour": "",
            "clarity": "",
            "pc": 2,
            "weight": "22.000",
            "unit": "",
            "rate": "222.00",
            "amount": "4884.00",
            "order": 1,
            "is_compulsory": true,
            "raw_material": "Craftsmanship"
        }
    },
    {
        "model": "vouchers.estimatelineitem",
        "pk": "1c6c194a-b02b-4fb8-8dd8-f59061692a77",
        "fields": {
            "estimate": "ab5df1b5-829b-4664-930a-51a643a2db13",
            "particulars": "Gold",
            "shape": "",
            "colour": "",
            "clarity": "",
            "pc": null,
            "weight": "23.000",
            "unit": "GM",
            "rate": "332.00",
            "amount": "7636.00",
            "order": 0,
            "is_compulsory": true,
            "raw_material": "Gold"
        }
    },
    {
        "model": "vouchers.estimatelineitem",
        "pk": "1dd9881b-465a-497e-be22-f715eab033fa",
        "fields": {
            "estimate": "a648ef2a-bbc0-4f83-96c1-b8aa535a864e",
            "particulars": "Craftsmanship Fee",
            "shape": "",
            "colour": "",
            "clarity": "",
            "pc": null,
            "weight": "11.000",
            "unit": "",
            "rate": "111.00",
            "amount": "1221.00",
            "order": 1,
            "is_compulsory": true,
            "raw_material": "Craftsmanship"
        }
    },
    {
        "model": "vouchers.estimatelineitem",
        "pk": "236af407-13a8-47a7-ae5d-2ff00abe4eff",
        "fields": {
            "estimate": "b6af20f1-66c8-4841-ad7d-c2ffe2b4eedf",
            "particulars": "Gold",
            "shape": "",
            "colour": "",
            "clarity": "",
            "pc": null,
            "weight": "11.000",
            "unit": "GM",
            "rate": "22.00",
            "amount": "242.00",
            "order": 0,
            "is_compulsory": true,
            "raw_material": "Gold"
        }
    },
    {
        "model": "vouchers.estimatelineitem",
        "pk": "241e202d-1dfc-4444-8065-8775e2cd2778",
        "fields": {
            "estimate": "2cb9dee0-4479-4364-bee0-b80da6e1b6e2",
            "particulars": "Craftsmanship Fee",
            "shape": "",
            "colour": "",
            "clarity": "",
            "pc": 1,
            "weight": "22.000",
            "unit": "",
            "rate": "222.00",
            "amount": "4884.00",
            "order": 1,
            "is_compulsory": true,
            "raw_material": "Craftsmanship"
        }
    },
    {
        "model": "vouchers.estimatelineitem",
        "pk": "249f9987-0600-4dbd-a7e8-de6106c9d12e",
        "fields": {
            "estimate": "ed95b8d9-eec9-451d-92b4-eff39f2d9719",
            "particulars": "Craftsmanship Fee",
            "shape": "",
            "colour": "",
            "clarity": "",
            "pc": null,
            "weight": "111.000",
            "unit": "",
            "rate": "110.99",
            "amount": "12319.89",
            "order": 1,
            "is_compulsory": true,
            "raw_material": "Craftsmanship"
        }
    },
    {
        "model": "vouchers.estimatelineitem",
        "pk": "271c00c0-d714-4d0e-9b48-fdcf15f94cf8",
        "fields": {
            "estimate": "b2d259de-2cb7-404a-bb89-867a985b1f4e",
            "particulars": "Gold",
            "shape": "",
            "colour": "",
            "clarity": "",
            "pc": 1,
            "weight": "111.000",
            "unit": "GM",
            "rate": "111.00",
            "amount": "12321.00",
            "order": 0,
            "is_compulsory": true,
            "raw_material": "Gold"
        }
    },
    {
        "model": "vouchers.estimatelineitem",
        "pk": "2d05d5ef-373a-4654-bd3e-bb40831beff6",
        "fields": {
            "estimate": "a648ef2a-bbc0-4f83-96c1-b8aa535a864e",
            "particulars": "Diamond",
            "shape": "",
            "colour": "",
            "clarity": "",
            "pc": 1,
            "weight": "12.000",
            "unit": "CT",
            "rate": "222.00",
            "amount": "2664.00",
            "order": 2,
            "is_compulsory": false,
            "raw_material": "Diamond"
        }
    },
    {
        "model": "vouchers.estimatelineitem",
        "pk": "2fc772f9-c9ae-469f-b5ed-41f5af6ae1a2",
        "fields": {
            "estimate": "dfdab8ba-cb45-493e-811e-519b6f9662fe",
            "particulars": "Gold",
            "shape": "",
            "colour": "",
            "clarity": "",
            "pc": 11,
            "weight": "1.000",
            "unit": "GM",
            "rate": "22.00",
            "amount": "22.00",
            "order": 0,
            "is_compulsory": true,
            "raw_material": "Gold"
        }
    },
    {
        "model": "vouchers.estimatelineitem",
        "pk": "3110928e-871c-4d9a-b5f6-bcf39b9e2a29",
        "fields": {
            "estimate": "bf1dc61e-f3f5-427f-87c3-2382a26fffdb",
            "particulars": "Craftsmanship Fee",
            "shape": "",
            "colour": "",
            "clarity": "",
            "pc": null,
            "weight": "11.000",
            "unit": "",
            "rate": "11.00",
            "amount": "121.00",
            "order": 1,
            "is_compulsory": true,
            "raw_material": "Craftsmanship"
        }
    },
    {
        "model": "vouchers.estimatelineitem",
        "pk": "31b0a26e-a50c-4a75-b16f-47a575dd1332",
        "fields": {
            "estimate": "3bb08344-490d-4f35-97f6-824345dddb68",
            "particulars": "temp",
            "shape": "",
            "colour": "",
            "clarity": "",
            "pc": null,
            "weight": "21.000",
            "unit": "",
            "rate": "221.00",
            "amount": "4641.00",
            "order": 0,
            "is_compulsory": false,
            "raw_material": null
        }
    },
    {
        "model": "vouchers.estimatelineitem",
        "pk": "38c14747-750e-4068-aa97-832dc2d9aa27",
        "fields": {
            "estimate": "bbb0869a-cf83-41c6-bd7e-aad4055ab568",
            "particulars": "Craftsmanship Fee",
            "shape": "",
            "colour": "",
            "clarity": "",
            "pc": null,
            "weight": "11.000",
            "unit": "",
            "rate": "132.00",
            "amount": "1452.00",
            "order": 1,
            "is_compulsory": true,
            "raw_material": "Craftsmanship"
        }
    },
    {
        "model": "vouchers.estimatelineitem",
        "pk": "39284643-dfd7-4a67-b19b-19bf4834c2d5",
        "fields": {
            "estimate": "be11a61c-1782-4144-8f1e-cbc4c2e6d902",
            "particulars": "Craftsmanship Fee",
            "shape": "",
            "colour": "",
            "clarity": "",
            "pc": 12,
            "weight": "22.000",
            "unit": "",
            "rate": "122.00",
            "amount": "2684.00",
            "order": 1,
            "is_compulsory": true,
            "raw_material": "Craftsmanship"
        }
    },
    {
        "model": "vouchers.estimatelineitem",
        "pk": "39cb7ad9-dc8b-40b2-925d-c9a940ea1da2",
        "fields": {
            "estimate": "f79df449-57c0-4a17-a769-5f3c46678693",
            "particulars": "Craftsmanship Fee",
            "shape": "",
            "colour": "",
            "clarity": "",
            "pc": null,
            "weight": "232.000",
            "unit": "",
            "rate": "323.00",
            "amount": "74936.00",
            "order": 1,
            "is_compulsory": true,
            "raw_material": "Craftsmanship"
        }
    },
    {
        "model": "vouchers.estimatelineitem",
        "pk": "3b56427e-c8a9-4b96-8c1d-9207676fea81",
        "fields": {
            "estimate": "74ac937a-754d-4add-ac60-39d044297f0b",
            "particulars": "temp",
            "shape": "",
            "colour": "",
            "clarity": "",
            "pc": 2,
            "weight": "12.000",
            "unit": "",
            "rate": "12000.00",
            "amount": "144000.00",
            "order": 1,
            "is_compulsory": false,
            "raw_material": null
        }
    },
    {
        "model": "vouchers.estimatelineitem",
        "pk": "3e19954e-68be-4a51-a87e-0b3d57e204af",
        "fields": {
            "estimate": "ebad818c-e3e6-43d9-8b2d-ff21e3e09e59",
            "particulars": "abc",
            "shape": "",
            "colour": "",
            "clarity": "",
            "pc": 2,
            "weight": "211.000",
            "unit": "",
            "rate": "1234.00",
            "amount": "260374.00",
            "order": 0,
            "is_compulsory": false,
            "raw_material": null
        }
    },
    {
        "model": "vouchers.estimatelineitem",
        "pk": "40a6d5b1-1671-4ac7-ad1e-abf0d239211e",
        "fields": {
            "estimate": "e092d4f1-6003-46de-ad6b-86bf96217344",
            "particulars": "Craftsmanship Fee",
            "shape": "",
            "colour": "",
            "clarity": "",
            "pc": 11,
            "weight": "332.000",
            "unit": "",
            "rate": "212.97",
            "amount": "70706.04",
            "order": 1,
            "is_compulsory": true,
            "raw_material": "Craftsmanship"
        }
    },
    {
        "model": "vouchers.estimatelineitem",
        "pk": "44a5377f-20f0-4bff-990c-3cc7527cb63b",
        "fields": {
            "estimate": "f83d12df-0ffc-48b9-9e6c-e89d491ac6ba",
            "particulars": "Gold",
            "shape": "",
            "colour": "",
            "clarity": "",
            "pc": 2,
            "weight": "11.000",
            "unit": "GM",
            "rate": "22.00",
            "amount": "242.00",
            "order": 0,
            "is_compulsory": true,
            "raw_material": "Gold"
        }
    },
    {
        "model": "vouchers.estimatelineitem",
        "pk": "4df56dca-6995-4734-bc65-0ae278f3c994",
        "fields": {
            "estimate": "4bc67bf2-5d13-47e5-80d1-d6c0c86410a5",
            "particulars": "Diamond",
            "shape": "",
            "colour": "",
            "clarity": "",
            "pc": null,
            "weight": "0.012",
            "unit": "CT",
            "rate": "12222.00",
            "amount": "146.66",
            "order": 2,
            "is_compulsory": false,
            "raw_material": "Diamond"
        }
    },
    {
        "model": "vouchers.estimatelineitem",
        "pk": "4f2b9b2e-2288-49f4-88d5-35042eb4bee0",
        "fields": {
            "estimate": "f79df449-57c0-4a17-a769-5f3c46678693",
            "particulars": "Gold",
            "shape": "",
            "colour": "",
            "clarity": "",
            "pc": null,
            "weight": "23.000",
            "unit": "GM",
            "rate": "332.00",
            "amount": "7636.00",
            "order": 0,
            "is_compulsory": true,
            "raw_material": "Gold"
        }
    },
    {
        "model": "vouchers.estimatelineitem",
        "pk": "507bda99-9e3e-489f-9f3f-2c3c28a4f1c1",
        "fields": {
            "estimate": "825ff979-c406-4b18-b841-fbf6d6d6fb68",
            "particulars": "temp",
            "shape": "",
            "colour": "",
            "clarity": "",
            "pc": null,
            "weight": "42.000",
            "unit": "",
            "rate": "1000.00",
            "amount": "42000.00",
            "order": 0,
            "is_compulsory": false,
            "raw_material": null
        }
    },
    {
        "model": "vouchers.estimatelineitem",
        "pk": "5286a626-836c-434a-8022-c180b12a83a6",
        "fields": {
            "estimate": "69d2eed5-3cbc-40b6-a728-6e06a28cd4a1",
            "particulars": "Diamond",
            "shape": "",
            "colour": "",
            "clarity": "",
            "pc": null,
            "weight": "222.000",
            "unit": "CT",
            "rate": "1121.00",
            "amount": "248862.00",
            "order": 2,
            "is_compulsory": false,
            "raw_material": "Diamond"
        }
    },
    {
        "model": "vouchers.estimatelineitem",
        "pk": "52e9721d-2f9f-436f-858e-97f8b013ae2f",
        "fields": {
            "estimate": "c79a95ab-eb0c-4558-a8fa-e31e6be0aae3",
            "particulars": "abc",
            "shape": "",
            "colour": "",
            "clarity": "",
            "pc": 1,
            "weight": "256.000",
            "unit": "",
            "rate": "2111.00",
            "amount": "540416.00",
            "order": 0,
            "is_compulsory": false,
            "raw_material": null
        }
    },
    {
        "model": "vouchers.estimatelineitem",
        "pk": "52f553b7-3910-4c59-b5ae-67be5966db27",
        "fields": {
            "estimate": "54ef9a7e-9194-4319-9c47-55bb2ad1e74d",
            "particulars": "Gold",
            "shape": "",
            "colour": "",
            "clarity": "",
            "pc": 1,
            "weight": "2.000",
            "unit": "GM",
            "rate": "154.00",
            "amount": "308.00",
            "order": 0,
            "is_compulsory": true,
            "raw_material": "Gold"
        }
    },
    {
        "model": "vouchers.estimatelineitem",
        "pk": "562e25e0-f8c3-4a59-9880-ff8dad7e716c",
        "fields": {
            "estimate": "c7942b96-48ff-47d8-9faf-87aade1931eb",
            "particulars": "Craftsmanship Fee",
            "shape": "",
            "colour": "",
            "clarity": "",
            "pc": 12,
            "weight": "1.000",
            "unit": "",
            "rate": "1222.00",
            "amount": "1222.00",
            "order": 1,
            "is_compulsory": true,
            "raw_material": "Craftsmanship"
        }
    },
    {
        "model": "vouchers.estimatelineitem",
        "pk": "57124747-0163-452e-9c6d-8afffd399915",
        "fields": {
            "estimate": "7ad13a99-8f65-4820-9916-1472b028ff0d",
            "particulars": "Gold",
            "shape": "",
            "colour": "",
            "clarity": "",
            "pc": 1,
            "weight": "22.000",
            "unit": "GM",
            "rate": "111.00",
            "amount": "2442.00",
            "order": 0,
            "is_compulsory": true,
            "raw_material": "Gold"
        }
    },
    {
        "model": "vouchers.estimatelineitem",
        "pk": "58a11408-0f02-4b7e-ae09-05a438fc7017",
        "fields": {
            "estimate": "821e4061-30e7-4568-8a62-8cebea912e6c",
            "particulars": "Craftsmanship Fee",
            "shape": "",
            "colour": "",
            "clarity": "",
            "pc": 1,
            "weight": "11.000",
            "unit": "",
            "rate": "33.00",
            "amount": "363.00",
            "order": 1,
            "is_compulsory": true,
            "raw_material": "Craftsmanship"
        }
    },
    {
        "model": "vouchers.estimatelineitem",
        "pk": "58bd66cb-8525-435c-b286-1a1ff5623ba1",
        "fields": {
            "estimate": "f596dd61-3c87-4203-b904-e3ec8033c6bd",
            "particulars": "Gold",
            "shape": "",
            "colour": "",
            "clarity": "",
            "pc": 1,
            "weight": "222.000",
            "unit": "GM",
            "rate": "11.00",
            "amount": "2442.00",
            "order": 0,
            "is_compulsory": true,
            "raw_material": "Gold"
        }
    },
    {
        "model": "vouchers.estimatelineitem",
        "pk": "5a3d5fdd-1501-4cee-960a-5b8147e3b928",
        "fields": {
            "estimate": "36d4ea2e-865c-4062-9052-2f4277e6c671",
            "particulars": "Craftsmanship Fee",
            "shape": "",
            "colour": "",
            "clarity": "",
            "pc": 1,
            "weight": "22.000",
            "unit": "",
            "rate": "111.00",
            "amount": "2442.00",
            "order": 1,
            "is_compulsory": true,
            "raw_material": "Craftsmanship"
        }
    },
    {
        "model": "vouchers.estimatelineitem",
        "pk": "5cff33dd-732c-41c4-ab5e-fec2c8ad8315",
        "fields": {
            "estimate": "3258512b-6cb5-470a-9589-c12f05951109",
            "particulars": "Craftsmanship Fee",
            "shape": "",
            "colour": "",
            "clarity": "",
            "pc": 12,
            "weight": "2.000",
            "unit": "",
            "rate": "1111.00",
            "amount": "2222.00",
            "order": 1,
            "is_compulsory": true,
            "raw_material": "Craftsmanship"
        }
    },
    {
        "model": "vouchers.estimatelineitem",
        "pk": "5dc4ea1d-d7d4-4741-8ecc-663cd792c547",
        "fields": {
            "estimate": "2cb9dee0-4479-4364-bee0-b80da6e1b6e2",
            "particulars": "Gold",
            "shape": "",
            "colour": "",
            "clarity": "",
            "pc": 111,
            "weight": "11.000",
            "unit": "GM",
            "rate": "222.00",
            "amount": "2442.00",
            "order": 0,
            "is_compulsory": true,
            "raw_material": "Gold"
        }
    },
    {
        "model": "vouchers.estimatelineitem",
        "pk": "5e947cc8-6350-4dbe-a1b6-f96794a51667",
        "fields": {
            "estimate": "b2d259de-2cb7-404a-bb89-867a985b1f4e",
            "particulars": "Craftsmanship Fee",
            "shape": "",
            "colour": "",
            "clarity": "",
            "pc": 2,
            "weight": "222.000",
            "unit": "",
            "rate": "222.00",
            "amount": "49284.00",
            "order": 1,
            "is_compulsory": true,
            "raw_material": "Craftsmanship"
        }
    },
    {
        "model": "vouchers.estimatelineitem",
        "pk": "6451c857-3dde-440a-9712-7db7df8f92f2",
        "fields": {
            "estimate": "d37038f1-0a1d-4b33-99b9-7756e71b43ed",
            "particulars": "Gold",
            "shape": "",
            "colour": "",
            "clarity": "",
            "pc": 1,
            "weight": "2.000",
            "unit": "GM",
            "rate": "221.00",
            "amount": "442.00",
            "order": 0,
            "is_compulsory": true,
            "raw_material": "Gold"
        }
    },
    {
        "model": "vouchers.estimatelineitem",
        "pk": "680b796f-3960-4b9b-a36d-48b612639d10",
        "fields": {
            "estimate": "0fbdb5cd-9167-4a64-adc3-f568da8ff6e6",
            "particulars": "Gold",
            "shape": "",
            "colour": "",
            "clarity": "",
            "pc": 1,
            "weight": "22.000",
            "unit": "GM",
            "rate": "222.00",
            "amount": "4884.00",
            "order": 0,
            "is_compulsory": true,
            "raw_material": "Gold"
        }
    },
    {
        "model": "vouchers.estimatelineitem",
        "pk": "68772fd6-8916-461e-ba48-e3dd95ee5442",
        "fields": {
            "estimate": "0f6f9a62-63fd-4616-8167-c911807cf852",
            "particulars": "Craftsmanship Fee",
            "shape": "",
            "colour": "",
            "clarity": "",
            "pc": 3,
            "weight": "1.000",
            "unit": "",
            "rate": "22.00",
            "amount": "22.00",
            "order": 1,
            "is_compulsory": true,
            "raw_material": "Craftsmanship"
        }
    },
    {
        "model": "vouchers.estimatelineitem",
        "pk": "6de52f2d-5508-45bd-b43a-74a56db35a29",
        "fields": {
            "estimate": "86926620-12ca-41d0-964c-c01825ad8a67",
            "particulars": "Craftsmanship Fee",
            "shape": "",
            "colour": "",
            "clarity": "",
            "pc": 2,
            "weight": "222.000",
            "unit": "",
            "rate": "111.00",
            "amount": "24642.00",
            "order": 1,
            "is_compulsory": true,
            "raw_material": "Craftsmanship"
        }
    },
    {
        "model": "vouchers.estimatelineitem",
        "pk": "727fa12e-0078-4da6-81d1-77fe967668c9",
        "fields": {
            "estimate": "f06df8fd-1d9e-4b52-a7a1-4358d8c1d4e0",
            "particulars": "Gold",
            "shape": "",
            "colour": "",
            "clarity": "",
            "pc": 1,
            "weight": "11.000",
            "unit": "GM",
            "rate": "22.00",
            "amount": "242.00",
            "order": 0,
            "is_compulsory": true,
            "raw_material": "Gold"
        }
    },
    {
        "model": "vouchers.estimatelineitem",
        "pk": "74a3fc58-d6dd-404e-be98-b999331c06eb",
        "fields": {
            "estimate": "7ad13a99-8f65-4820-9916-1472b028ff0d",
            "particulars": "Craftsmanship Fee",
            "shape": "",
            "colour": "",
            "clarity": "",
            "pc": 1,
            "weight": "22.000",
            "unit": "",
            "rate": "111.00",
            "amount": "2442.00",
            "order": 1,
            "is_compulsory": true,
            "raw_material": "Craftsmanship"
        }
    },
    {
        "model": "vouchers.estimatelineitem",
        "pk": "7628d119-a1ed-486b-b2b6-2aa29c4030db",
        "fields": {
            "estimate": "ed95b8d9-eec9-451d-92b4-eff39f2d9719",
            "particulars": "Gold",
            "shape": "",
            "colour": "",
            "clarity": "",
            "pc": null,
            "weight": "222.000",
            "unit": "GM",
            "rate": "121.00",
            "amount": "26862.00",
            "order": 0,
            "is_compulsory": true,
            "raw_material": "Gold"
        }
    },
    {
        "model": "vouchers.estimatelineitem",
        "pk": "7bb2840b-e823-4b2a-a7a0-e321649a1334",
        "fields": {
            "estimate": "1bc8a32c-eb2f-4c48-a115-bf1e634ed5db",
            "particulars": "Gold",
            "shape": "",
            "colour": "",
            "clarity": "",
            "pc": 1,
            "weight": "22.000",
            "unit": "GM",
            "rate": "122.00",
            "amount": "2684.00",
            "order": 0,
            "is_compulsory": true,
            "raw_material": "Gold"
        }
    },
    {
        "model": "vouchers.estimatelineitem",
        "pk": "7eeb0fb3-9856-426e-b0ef-b396eae8b8f0",
        "fields": {
            "estimate": "42d3083e-2a95-4911-b088-f791b7bd295d",
            "particulars": "Craftsmanship Fee",
            "shape": "",
            "colour": "",
            "clarity": "",
            "pc": 2,
            "weight": "22.000",
            "unit": "",
            "rate": "222.00",
            "amount": "4884.00",
            "order": 1,
            "is_compulsory": true,
            "raw_material": "Craftsmanship"
        }
    },
    {
        "model": "vouchers.estimatelineitem",
        "pk": "7f7af31c-e803-4275-a12b-0b48e929b22a",
        "fields": {
            "estimate": "98ae27ce-9e1e-45d4-8f79-274fcf53f040",
            "particulars": "Craftsmanship Fee",
            "shape": "",
            "colour": "",
            "clarity": "",
            "pc": 2,
            "weight": "122.000",
            "unit": "",
            "rate": "11.00",
            "amount": "1342.00",
            "order": 1,
            "is_compulsory": true,
            "raw_material": "Craftsmanship"
        }
    },
    {
        "model": "vouchers.estimatelineitem",
        "pk": "8250a323-2625-451b-bd65-a959c88144ae",
        "fields": {
            "estimate": "b6af20f1-66c8-4841-ad7d-c2ffe2b4eedf",
            "particulars": "Craftsmanship Fee",
            "shape": "",
            "colour": "",
            "clarity": "",
            "pc": null,
            "weight": "11.000",
            "unit": "",
            "rate": "2222.00",
            "amount": "24442.00",
            "order": 1,
            "is_compulsory": true,
            "raw_material": "Craftsmanship"
        }
    },
    {
        "model": "vouchers.estimatelineitem",
        "pk": "82823afc-1362-456d-b84d-1df4a82ce938",
        "fields": {
            "estimate": "c79a95ab-eb0c-4558-a8fa-e31e6be0aae3",
            "particulars": "temp",
            "shape": "",
            "colour": "",
            "clarity": "",
            "pc": 2,
            "weight": "120.000",
            "unit": "",
            "rate": "1000.00",
            "amount": "120000.00",
            "order": 1,
            "is_compulsory": false,
            "raw_material": null
        }
    },
    {
        "model": "vouchers.estimatelineitem",
        "pk": "828a541b-069f-4456-8d1e-ac77193d6eaa",
        "fields": {
            "estimate": "c7942b96-48ff-47d8-9faf-87aade1931eb",
            "particulars": "Gold",
            "shape": "",
            "colour": "",
            "clarity": "",
            "pc": 12,
            "weight": "2.000",
            "unit": "GM",
            "rate": "33.00",
            "amount": "66.00",
            "order": 0,
            "is_compulsory": true,
            "raw_material": "Gold"
        }
    },
    {
        "model": "vouchers.estimatelineitem",
        "pk": "84190b2e-8d10-4c27-8b12-ddafc825caad",
        "fields": {
            "estimate": "86926620-12ca-41d0-964c-c01825ad8a67",
            "particulars": "Gold",
            "shape": "",
            "colour": "",
            "clarity": "",
            "pc": 1,
            "weight": "11.000",
            "unit": "GM",
            "rate": "333.00",
            "amount": "3663.00",
            "order": 0,
            "is_compulsory": true,
            "raw_material": "Gold"
        }
    },
    {
        "model": "vouchers.estimatelineitem",
        "pk": "84f750f0-d2a2-4d0f-9a32-5f7e7b5a7304",
        "fields": {
            "estimate": "dfdab8ba-cb45-493e-811e-519b6f9662fe",
            "particulars": "Craftsmanship Fee",
            "shape": "",
            "colour": "",
            "clarity": "",
            "pc": 11,
            "weight": "22.000",
            "unit": "",
            "rate": "111.00",
            "amount": "2442.00",
            "order": 1,
            "is_compulsory": true,
            "raw_material": "Craftsmanship"
        }
    },
    {
        "model": "vouchers.estimatelineitem",
        "pk": "873d055e-c709-4c4f-b8bc-50d798ef2929",
        "fields": {
            "estimate": "94bc5229-026b-45c3-85e7-34ac1392036c",
            "particulars": "Craftsmanship Fee",
            "shape": "",
            "colour": "",
            "clarity": "",
            "pc": 2,
            "weight": "122.000",
            "unit": "",
            "rate": "11.00",
            "amount": "1342.00",
            "order": 1,
            "is_compulsory": true,
            "raw_material": "Craftsmanship"
        }
    },
    {
        "model": "vouchers.estimatelineitem",
        "pk": "88d79259-3a97-49f5-8b35-c519aaa17f7b",
        "fields": {
            "estimate": "96f9d0a3-45f6-43b7-93a2-0a431ea57a76",
            "particulars": "Gold",
            "shape": "1",
            "colour": "",
            "clarity": "",
            "pc": null,
            "weight": "2.000",
            "unit": "GM",
            "rate": "0.12",
            "amount": "0.24",
            "order": 0,
            "is_compulsory": true,
            "raw_material": "Gold"
        }
    },
    {
        "model": "vouchers.estimatelineitem",
        "pk": "8a46522f-f521-4aa9-9713-294efd7e331c",
        "fields": {
            "estimate": "3258512b-6cb5-470a-9589-c12f05951109",
            "particulars": "Gold",
            "shape": "",
            "colour": "",
            "clarity": "",
            "pc": 11,
            "weight": "12.000",
            "unit": "GM",
            "rate": "111.00",
            "amount": "1332.00",
            "order": 0,
            "is_compulsory": true,
            "raw_material": "Gold"
        }
    },
    {
        "model": "vouchers.estimatelineitem",
        "pk": "8ac9b42b-2016-4c4e-a10b-342cb1f898e8",
        "fields": {
            "estimate": "be11a61c-1782-4144-8f1e-cbc4c2e6d902",
            "particulars": "Gold",
            "shape": "",
            "colour": "",
            "clarity": "",
            "pc": 2,
            "weight": "12.000",
            "unit": "GM",
            "rate": "100.00",
            "amount": "1200.00",
            "order": 0,
            "is_compulsory": true,
            "raw_material": "Gold"
        }
    },
    {
        "model": "vouchers.estimatelineitem",
        "pk": "8bd998af-d280-4f76-9636-539ca3709161",
        "fields": {
            "estimate": "bf1dc61e-f3f5-427f-87c3-2382a26fffdb",
            "particulars": "Gold",
            "shape": "",
            "colour": "",
            "clarity": "",
            "pc": null,
            "weight": "11.000",
            "unit": "GM",
            "rate": "221.00",
            "amount": "2431.00",
            "order": 0,
            "is_compulsory": true,
            "raw_material": "Gold"
        }
    },
    {
        "model": "vouchers.estimatelineitem",
        "pk": "8cdf4a44-c795-4ae9-8709-524688d67f9b",
        "fields": {
            "estimate": "6cc398da-585b-435c-8ee0-978aba458b22",
            "particulars": "Gold",
            "shape": "afgf",
            "colour": "",
            "clarity": "",
            "pc": 12,
            "weight": "11.000",
            "unit": "GM",
            "rate": "1111.00",
            "amount": "12221.00",
            "order": 0,
            "is_compulsory": true,
            "raw_material": "Gold"
        }
    },
    {
        "model": "vouchers.estimatelineitem",
        "pk": "8e539ae2-1d6e-4de2-bb76-b25840bb7721",
        "fields": {
            "estimate": "0f6f9a62-63fd-4616-8167-c911807cf852",
            "particulars": "Gold",
            "shape": "",
            "colour": "",
            "clarity": "",
            "pc": 1,
            "weight": "2.000",
            "unit": "GM",
            "rate": "221.00",
            "amount": "442.00",
            "order": 0,
            "is_compulsory": true,
            "raw_material": "Gold"
        }
    },
    {
        "model": "vouchers.estimatelineitem",
        "pk": "9111d531-67ee-4179-80ba-2f61271b2823",
        "fields": {
            "estimate": "167644e6-79e0-4e56-962a-5e0f284b0a30",
            "particulars": "Gold",
            "shape": "",
            "colour": "",
            "clarity": "",
            "pc": 1,
            "weight": "11.000",
            "unit": "GM",
            "rate": "33.00",
            "amount": "363.00",
            "order": 0,
            "is_compulsory": true,
            "raw_material": "Gold"
        }
    },
    {
        "model": "vouchers.estimatelineitem",
        "pk": "927852ad-0344-4c7e-81d9-09688f379ee0",
        "fields": {
            "estimate": "821e4061-30e7-4568-8a62-8cebea912e6c",
            "particulars": "Gold",
            "shape": "",
            "colour": "",
            "clarity": "",
            "pc": 2,
            "weight": "11.000",
            "unit": "GM",
            "rate": "2.00",
            "amount": "22.00",
            "order": 0,
            "is_compulsory": true,
            "raw_material": "Gold"
        }
    },
    {
        "model": "vouchers.estimatelineitem",
        "pk": "92c22885-12d7-4485-8af4-10845447613d",
        "fields": {
            "estimate": "ce555808-3e77-444a-b86c-7267ca98be46",
            "particulars": "abcd",
            "shape": "",
            "colour": "",
            "clarity": "",
            "pc": null,
            "weight": "21.000",
            "unit": "",
            "rate": "2222.00",
            "amount": "46662.00",
            "order": 0,
            "is_compulsory": false,
            "raw_material": null
        }
    },
    {
        "model": "vouchers.estimatelineitem",
        "pk": "930cbc16-9807-4065-979f-1329b61070aa",
        "fields": {
            "estimate": "167644e6-79e0-4e56-962a-5e0f284b0a30",
            "particulars": "Craftsmanship Fee",
            "shape": "",
            "colour": "",
            "clarity": "",
            "pc": 2,
            "weight": "22.000",
            "unit": "",
            "rate": "1111.00",
            "amount": "24442.00",
            "order": 1,
            "is_compulsory": true,
            "raw_material": "Craftsmanship"
        }
    },
    {
        "model": "vouchers.estimatelineitem",
        "pk": "9582a778-26c1-4293-891e-feb119665df0",
        "fields": {
            "estimate": "687c632c-088d-49ec-9f26-355d063caefb",
            "particulars": "Craftsmanship Fee",
            "shape": "",
            "colour": "",
            "clarity": "",
            "pc": 3,
            "weight": "1.000",
            "unit": "",
            "rate": "22.00",
            "amount": "22.00",
            "order": 1,
            "is_compulsory": true,
            "raw_material": "Craftsmanship"
        }
    },
    {
        "model": "vouchers.estimatelineitem",
        "pk": "95bace5c-0b15-4edf-9c2b-7146987cc014",
        "fields": {
            "estimate": "ab5df1b5-829b-4664-930a-51a643a2db13",
            "particulars": "Craftsmanship Fee",
            "shape": "",
            "colour": "",
            "clarity": "",
            "pc": null,
            "weight": "232.000",
            "unit": "",
            "rate": "323.00",
            "amount": "74936.00",
            "order": 1,
            "is_compulsory": true,
            "raw_material": "Craftsmanship"
        }
    },
    {
        "model": "vouchers.estimatelineitem",
        "pk": "962e613c-5e8b-4d5f-9aa1-6516f85c1da0",
        "fields": {
            "estimate": "09d92a3f-aa0f-4373-8458-a2c4c4645b66",
            "particulars": "Craftsmanship Fee",
            "shape": "",
            "colour": "",
            "clarity": "",
            "pc": 2,
            "weight": "122.000",
            "unit": "",
            "rate": "11.00",
            "amount": "1342.00",
            "order": 1,
            "is_compulsory": true,
            "raw_material": "Craftsmanship"
        }
    },
    {
        "model": "vouchers.estimatelineitem",
        "pk": "9890d4e5-e814-4242-b129-4ba00cbbabea",
        "fields": {
            "estimate": "a15b87b3-bc97-4e67-be3a-e94353f46cd4",
            "particulars": "Gold",
            "shape": "",
            "colour": "",
            "clarity": "",
            "pc": 122,
            "weight": "11.000",
            "unit": "GM",
            "rate": "11.00",
            "amount": "121.00",
            "order": 0,
            "is_compulsory": true,
            "raw_material": "Gold"
        }
    },
    {
        "model": "vouchers.estimatelineitem",
        "pk": "9af5ab97-9bba-489e-add5-55370120ae35",
        "fields": {
            "estimate": "5bce57bf-4c7b-4810-a72b-4e74ea8bd8f2",
            "particulars": "abc",
            "shape": "",
            "colour": "",
            "clarity": "",
            "pc": 1,
            "weight": "21.000",
            "unit": "",
            "rate": "20000.00",
            "amount": "420000.00",
            "order": 0,
            "is_compulsory": false,
            "raw_material": null
        }
    },
    {
        "model": "vouchers.estimatelineitem",
        "pk": "9aff2788-94c3-4937-85df-a44a4b866874",
        "fields": {
            "estimate": "96993660-fe04-4fb0-9d74-e6e9c8027147",
            "particulars": "Gold",
            "shape": "",
            "colour": "",
            "clarity": "",
            "pc": 11,
            "weight": "11.000",
            "unit": "GM",
            "rate": "111.00",
            "amount": "1221.00",
            "order": 0,
            "is_compulsory": true,
            "raw_material": "Gold"
        }
    },
    {
        "model": "vouchers.estimatelineitem",
        "pk": "9fb2acbe-023d-4fde-85de-450d16d489df",
        "fields": {
            "estimate": "98b4de74-6808-4ca8-bbfc-4e192edb654f",
            "particulars": "Gold",
            "shape": "",
            "colour": "",
            "clarity": "",
            "pc": 1,
            "weight": "2.000",
            "unit": "GM",
            "rate": "221.00",
            "amount": "442.00",
            "order": 0,
            "is_compulsory": true,
            "raw_material": "Gold"
        }
    },
    {
        "model": "vouchers.estimatelineitem",
        "pk": "a0f0afe5-0728-479c-86bc-1913e5c8e4d9",
        "fields": {
            "estimate": "167644e6-79e0-4e56-962a-5e0f284b0a30",
            "particulars": "Diamond",
            "shape": "",
            "colour": "",
            "clarity": "",
            "pc": 1,
            "weight": "222.000",
            "unit": "CT",
            "rate": "111.00",
            "amount": "24642.00",
            "order": 2,
            "is_compulsory": false,
            "raw_material": "Diamond"
        }
    },
    {
        "model": "vouchers.estimatelineitem",
        "pk": "a11bdbec-716d-4c3d-b434-1b5672f67091",
        "fields": {
            "estimate": "54ef9a7e-9194-4319-9c47-55bb2ad1e74d",
            "particulars": "Craftsmanship Fee",
            "shape": "",
            "colour": "",
            "clarity": "",
            "pc": 11,
            "weight": "11.000",
            "unit": "",
            "rate": "1232.00",
            "amount": "13552.00",
            "order": 1,
            "is_compulsory": true,
            "raw_material": "Craftsmanship"
        }
    },
    {
        "model": "vouchers.estimatelineitem",
        "pk": "a2dfc482-a179-4614-b166-c4b785d411af",
        "fields": {
            "estimate": "fe96fc47-1b51-47ee-beab-ae9080c061d4",
            "particulars": "Craftsmanship Fee",
            "shape": "",
            "colour": "",
            "clarity": "",
            "pc": null,
            "weight": "1.000",
            "unit": "",
            "rate": "123.00",
            "amount": "123.00",
            "order": 1,
            "is_compulsory": true,
            "raw_material": "Craftsmanship"
        }
    },
    {
        "model": "vouchers.estimatelineitem",
        "pk": "a3480e9c-ccdb-46f1-9533-e6124ace6d72",
        "fields": {
            "estimate": "f0d283e5-4661-42de-af6f-91656f706a4a",
            "particulars": "Craftsmanship Fee",
            "shape": "",
            "colour": "",
            "clarity": "",
            "pc": 2,
            "weight": "222.000",
            "unit": "",
            "rate": "222.00",
            "amount": "49284.00",
            "order": 1,
            "is_compulsory": true,
            "raw_material": "Craftsmanship"
        }
    },
    {
        "model": "vouchers.estimatelineitem",
        "pk": "a39b1dd0-207f-4b4c-a60d-6f94197faca3",
        "fields": {
            "estimate": "5bce57bf-4c7b-4810-a72b-4e74ea8bd8f2",
            "particulars": "temp",
            "shape": "",
            "colour": "",
            "clarity": "",
            "pc": 1,
            "weight": "20.000",
            "unit": "",
            "rate": "100.00",
            "amount": "2000.00",
            "order": 1,
            "is_compulsory": false,
            "raw_material": null
        }
    },
    {
        "model": "vouchers.estimatelineitem",
        "pk": "a4d291d4-f3ac-427b-94cb-459be8495299",
        "fields": {
            "estimate": "f596dd61-3c87-4203-b904-e3ec8033c6bd",
            "particulars": "Craftsmanship Fee",
            "shape": "",
            "colour": "",
            "clarity": "",
            "pc": 1,
            "weight": "111.000",
            "unit": "",
            "rate": "22.00",
            "amount": "2442.00",
            "order": 1,
            "is_compulsory": true,
            "raw_material": "Craftsmanship"
        }
    },
    {
        "model": "vouchers.estimatelineitem",
        "pk": "a6c1a23f-3e0b-496d-8090-4732dc49dffa",
        "fields": {
            "estimate": "2b87c853-ca76-463e-87be-73a6d6ccbf67",
            "particulars": "Gold",
            "shape": "",
            "colour": "",
            "clarity": "",
            "pc": 11,
            "weight": "222.000",
            "unit": "GM",
            "rate": "33.00",
            "amount": "7326.00",
            "order": 0,
            "is_compulsory": true,
            "raw_material": "Gold"
        }
    },
    {
        "model": "vouchers.estimatelineitem",
        "pk": "ab1f99dd-c90b-4ca4-84e8-52f5f3c96593",
        "fields": {
            "estimate": "f0d283e5-4661-42de-af6f-91656f706a4a",
            "particulars": "Gold",
            "shape": "",
            "colour": "",
            "clarity": "",
            "pc": 1,
            "weight": "111.000",
            "unit": "GM",
            "rate": "111.00",
            "amount": "12321.00",
            "order": 0,
            "is_compulsory": true,
            "raw_material": "Gold"
        }
    },
    {
        "model": "vouchers.estimatelineitem",
        "pk": "b57b0781-1b89-4462-ad41-e984dac09b89",
        "fields": {
            "estimate": "f06df8fd-1d9e-4b52-a7a1-4358d8c1d4e0",
            "particulars": "Craftsmanship Fee",
            "shape": "",
            "colour": "",
            "clarity": "",
            "pc": 11,
            "weight": "22.000",
            "unit": "",
            "rate": "11.00",
            "amount": "242.00",
            "order": 1,
            "is_compulsory": true,
            "raw_material": "Craftsmanship"
        }
    },
    {
        "model": "vouchers.estimatelineitem",
        "pk": "b6542fdc-0834-40d0-b903-b63873e0b262",
        "fields": {
            "estimate": "a648ef2a-bbc0-4f83-96c1-b8aa535a864e",
            "particulars": "Gold",
            "shape": "",
            "colour": "",
            "clarity": "",
            "pc": 1,
            "weight": "22.000",
            "unit": "GM",
            "rate": "33.00",
            "amount": "726.00",
            "order": 0,
            "is_compulsory": true,
            "raw_material": "Gold"
        }
    },
    {
        "model": "vouchers.estimatelineitem",
        "pk": "b665e2cc-aa7b-4eea-8543-ab90c6a23ecc",
        "fields": {
            "estimate": "b1be5234-3e43-46c9-a030-7f262e15d901",
            "particulars": "Craftsmanship Fee",
            "shape": "",
            "colour": "",
            "clarity": "",
            "pc": null,
            "weight": "2.000",
            "unit": "",
            "rate": "11.00",
            "amount": "22.00",
            "order": 1,
            "is_compulsory": true,
            "raw_material": "Craftsmanship"
        }
    },
    {
        "model": "vouchers.estimatelineitem",
        "pk": "b75067eb-7302-47cb-a34a-289a2486a940",
        "fields": {
            "estimate": "98ae27ce-9e1e-45d4-8f79-274fcf53f040",
            "particulars": "Gold",
            "shape": "",
            "colour": "",
            "clarity": "",
            "pc": 11,
            "weight": "11.000",
            "unit": "GM",
            "rate": "111.00",
            "amount": "1221.00",
            "order": 0,
            "is_compulsory": true,
            "raw_material": "Gold"
        }
    },
    {
        "model": "vouchers.estimatelineitem",
        "pk": "bc7d0035-f2ae-4646-a001-1352307edd3b",
        "fields": {
            "estimate": "fc0fa4f1-134e-476f-84c2-d5c334e63425",
            "particulars": "Gold",
            "shape": "",
            "colour": "",
            "clarity": "",
            "pc": 12,
            "weight": "11.000",
            "unit": "GM",
            "rate": "22.00",
            "amount": "242.00",
            "order": 0,
            "is_compulsory": true,
            "raw_material": "Gold"
        }
    },
    {
        "model": "vouchers.estimatelineitem",
        "pk": "bef192fa-1f86-428b-a684-78b0be737efc",
        "fields": {
            "estimate": "b5477a86-d5c6-42da-a4b5-7b02176ea60a",
            "particulars": "abc",
            "shape": "",
            "colour": "",
            "clarity": "",
            "pc": 2,
            "weight": "0.116",
            "unit": "",
            "rate": "1000000.00",
            "amount": "116000.00",
            "order": 0,
            "is_compulsory": false,
            "raw_material": null
        }
    },
    {
        "model": "vouchers.estimatelineitem",
        "pk": "bf74b03d-ee04-44c0-a81f-863df64026ca",
        "fields": {
            "estimate": "6cc398da-585b-435c-8ee0-978aba458b22",
            "particulars": "Craftsmanship Fee",
            "shape": "",
            "colour": "",
            "clarity": "",
            "pc": 12,
            "weight": "222.000",
            "unit": "",
            "rate": "111.00",
            "amount": "24642.00",
            "order": 1,
            "is_compulsory": true,
            "raw_material": "Craftsmanship"
        }
    },
    {
        "model": "vouchers.estimatelineitem",
        "pk": "bff56944-3202-4975-9f3e-3d5a5854d880",
        "fields": {
            "estimate": "142def7b-4294-4bb2-93fe-6fc28d8b94f4",
            "particulars": "Gold",
            "shape": "",
            "colour": "",
            "clarity": "",
            "pc": null,
            "weight": "21.000",
            "unit": "GM",
            "rate": "31112.00",
            "amount": "653352.00",
            "order": 0,
            "is_compulsory": true,
            "raw_material": "Gold"
        }
    },
    {
        "model": "vouchers.estimatelineitem",
        "pk": "c1a251ac-8cce-478e-9c14-819ab2dd1e8c",
        "fields": {
            "estimate": "7491887a-dddf-40d2-8247-75b024c0963c",
            "particulars": "temp",
            "shape": "",
            "colour": "",
            "clarity": "",
            "pc": null,
            "weight": "24.000",
            "unit": "",
            "rate": "2222.00",
            "amount": "53328.00",
            "order": 0,
            "is_compulsory": false,
            "raw_material": null
        }
    },
    {
        "model": "vouchers.estimatelineitem",
        "pk": "c324e7e7-7cab-41c3-9543-aab067ade32b",
        "fields": {
            "estimate": "df304118-233a-45b2-a318-da2587af629b",
            "particulars": "Craftsmanship Fee",
            "shape": "",
            "colour": "",
            "clarity": "",
            "pc": 2,
            "weight": "122.000",
            "unit": "",
            "rate": "11.00",
            "amount": "1342.00",
            "order": 1,
            "is_compulsory": true,
            "raw_material": "Craftsmanship"
        }
    },
    {
        "model": "vouchers.estimatelineitem",
        "pk": "c4478630-596d-49a5-b4f8-d4afab236099",
        "fields": {
            "estimate": "bf5c7566-56ce-4e03-9e7b-0adeae08701d",
            "particulars": "Craftsmanship Fee",
            "shape": "",
            "colour": "",
            "clarity": "",
            "pc": null,
            "weight": "12.000",
            "unit": "",
            "rate": "111.00",
            "amount": "1332.00",
            "order": 1,
            "is_compulsory": true,
            "raw_material": "Craftsmanship"
        }
    },
    {
        "model": "vouchers.estimatelineitem",
        "pk": "c7b7aeb4-a4bf-4460-957b-1f4bb4c2e1a6",
        "fields": {
            "estimate": "2cb9dee0-4479-4364-bee0-b80da6e1b6e2",
            "particulars": "Diamond",
            "shape": "",
            "colour": "",
            "clarity": "",
            "pc": 1,
            "weight": "111.000",
            "unit": "CT",
            "rate": "110.98",
            "amount": "12318.78",
            "order": 2,
            "is_compulsory": false,
            "raw_material": "Diamond"
        }
    },
    {
        "model": "vouchers.estimatelineitem",
        "pk": "c7e75655-562d-4020-a25e-85e0e0b3ae73",
        "fields": {
            "estimate": "fe96fc47-1b51-47ee-beab-ae9080c061d4",
            "particulars": "Gold",
            "shape": "",
            "colour": "",
            "clarity": "",
            "pc": null,
            "weight": "1.000",
            "unit": "GM",
            "rate": "222.00",
            "amount": "222.00",
            "order": 0,
            "is_compulsory": true,
            "raw_material": "Gold"
        }
    },
    {
        "model": "vouchers.estimatelineitem",
        "pk": "ce10010c-f7af-4360-b965-c4f5c2adc904",
        "fields": {
            "estimate": "69d2eed5-3cbc-40b6-a728-6e06a28cd4a1",
            "particulars": "Gold",
            "shape": "",
            "colour": "",
            "clarity": "",
            "pc": 1,
            "weight": "11.000",
            "unit": "GM",
            "rate": "111.00",
            "amount": "1221.00",
            "order": 0,
            "is_compulsory": true,
            "raw_material": "Gold"
        }
    },
    {
        "model": "vouchers.estimatelineitem",
        "pk": "d3959699-ae0b-4597-b4bd-b79ff82c7dba",
        "fields": {
            "estimate": "a82c531d-0107-4b67-ae88-79e1b3e13825",
            "particulars": "Craftsmanship Fee",
            "shape": "",
            "colour": "",
            "clarity": "",
            "pc": 2,
            "weight": "22.000",
            "unit": "",
            "rate": "222.00",
            "amount": "4884.00",
            "order": 1,
            "is_compulsory": true,
            "raw_material": "Craftsmanship"
        }
    },
    {
        "model": "vouchers.estimatelineitem",
        "pk": "d4c6f7ba-d693-4de6-9f4d-1134483b9585",
        "fields": {
            "estimate": "142def7b-4294-4bb2-93fe-6fc28d8b94f4",
            "particulars": "Craftsmanship Fee",
            "shape": "",
            "colour": "",
            "clarity": "",
            "pc": null,
            "weight": "21.000",
            "unit": "",
            "rate": "222.00",
            "amount": "4662.00",
            "order": 1,
            "is_compulsory": true,
            "raw_material": "Craftsmanship"
        }
    },
    {
        "model": "vouchers.estimatelineitem",
        "pk": "d8150e75-1541-404a-9f05-a5a990649b87",
        "fields": {
            "estimate": "fc0fa4f1-134e-476f-84c2-d5c334e63425",
            "particulars": "Craftsmanship Fee",
            "shape": "",
            "colour": "",
            "clarity": "",
            "pc": null,
            "weight": "22.000",
            "unit": "",
            "rate": "11.00",
            "amount": "242.00",
            "order": 1,
            "is_compulsory": true,
            "raw_material": "Craftsmanship"
        }
    },
    {
        "model": "vouchers.estimatelineitem",
        "pk": "d90bdb85-5747-433f-ac87-70776f4b699c",
        "fields": {
            "estimate": "36d4ea2e-865c-4062-9052-2f4277e6c671",
            "particulars": "Gold",
            "shape": "",
            "colour": "",
            "clarity": "",
            "pc": 1,
            "weight": "11.000",
            "unit": "GM",
            "rate": "132.00",
            "amount": "1452.00",
            "order": 0,
            "is_compulsory": true,
            "raw_material": "Gold"
        }
    },
    {
        "model": "vouchers.estimatelineitem",
        "pk": "dbaee30a-a98b-477e-b550-7d2f9326b0ae",
        "fields": {
            "estimate": "fe96fc47-1b51-47ee-beab-ae9080c061d4",
            "particulars": "Diamond",
            "shape": "",
            "colour": "",
            "clarity": "",
            "pc": null,
            "weight": null,
            "unit": "CT",
            "rate": null,
            "amount": "0.00",
            "order": 2,
            "is_compulsory": false,
            "raw_material": "Diamond"
        }
    },
    {
        "model": "vouchers.estimatelineitem",
        "pk": "ddebe926-0656-4e68-af38-ea02ae716084",
        "fields": {
            "estimate": "2b87c853-ca76-463e-87be-73a6d6ccbf67",
            "particulars": "Craftsmanship Fee",
            "shape": "",
            "colour": "",
            "clarity": "",
            "pc": 11,
            "weight": "22.000",
            "unit": "",
            "rate": "22.00",
            "amount": "484.00",
            "order": 1,
            "is_compulsory": true,
            "raw_material": "Craftsmanship"
        }
    },
    {
        "model": "vouchers.estimatelineitem",
        "pk": "dea235a5-ff7d-4a57-ab48-0457e27dbc28",
        "fields": {
            "estimate": "d37038f1-0a1d-4b33-99b9-7756e71b43ed",
            "particulars": "Craftsmanship Fee",
            "shape": "",
            "colour": "",
            "clarity": "",
            "pc": 3,
            "weight": "1.000",
            "unit": "",
            "rate": "22.00",
            "amount": "22.00",
            "order": 1,
            "is_compulsory": true,
            "raw_material": "Craftsmanship"
        }
    },
    {
        "model": "vouchers.estimatelineitem",
        "pk": "deb4fac8-8a89-4fc7-833e-17bbac4a09ca",
        "fields": {
            "estimate": "dd0dc086-6339-4603-a445-2dbcf4a90c33",
            "particulars": "temp",
            "shape": "",
            "colour": "",
            "clarity": "",
            "pc": null,
            "weight": "71.000",
            "unit": "",
            "rate": "123.98",
            "amount": "8802.58",
            "order": 0,
            "is_compulsory": false,
            "raw_material": null
        }
    },
    {
        "model": "vouchers.estimatelineitem",
        "pk": "dec4c431-74d1-4b44-9908-315324f9980e",
        "fields": {
            "estimate": "98b4de74-6808-4ca8-bbfc-4e192edb654f",
            "particulars": "Craftsmanship Fee",
            "shape": "",
            "colour": "",
            "clarity": "",
            "pc": 3,
            "weight": "1.000",
            "unit": "",
            "rate": "22.00",
            "amount": "22.00",
            "order": 1,
            "is_compulsory": true,
            "raw_material": "Craftsmanship"
        }
    },
    {
        "model": "vouchers.estimatelineitem",
        "pk": "dfd2a142-be0f-4ec7-9598-29d6f5ea7059",
        "fields": {
            "estimate": "687c632c-088d-49ec-9f26-355d063caefb",
            "particulars": "Gold",
            "shape": "",
            "colour": "",
            "clarity": "",
            "pc": 1,
            "weight": "2.000",
            "unit": "GM",
            "rate": "221.00",
            "amount": "442.00",
            "order": 0,
            "is_compulsory": true,
            "raw_material": "Gold"
        }
    },
    {
        "model": "vouchers.estimatelineitem",
        "pk": "e15b754a-7f4e-44d6-ab78-30cc5dc951dc",
        "fields": {
            "estimate": "74ac937a-754d-4add-ac60-39d044297f0b",
            "particulars": "abc",
            "shape": "",
            "colour": "",
            "clarity": "",
            "pc": 1,
            "weight": "20.000",
            "unit": "",
            "rate": "1211.00",
            "amount": "24220.00",
            "order": 0,
            "is_compulsory": false,
            "raw_material": null
        }
    },
    {
        "model": "vouchers.estimatelineitem",
        "pk": "e287ce46-e7d6-4e60-9ddc-ad535c8b34cf",
        "fields": {
            "estimate": "4bc67bf2-5d13-47e5-80d1-d6c0c86410a5",
            "particulars": "Gold",
            "shape": "",
            "colour": "",
            "clarity": "",
            "pc": null,
            "weight": "21.000",
            "unit": "GM",
            "rate": "31112.00",
            "amount": "653352.00",
            "order": 0,
            "is_compulsory": true,
            "raw_material": "Gold"
        }
    },
    {
        "model": "vouchers.estimatelineitem",
        "pk": "e29ec233-882e-4d6c-b719-e3630ada5af5",
        "fields": {
            "estimate": "d9f50b2e-1d82-4c60-8ca6-0d715dd7e983",
            "particulars": "Gold",
            "shape": "",
            "colour": "",
            "clarity": "",
            "pc": 1,
            "weight": "22.000",
            "unit": "GM",
            "rate": "112.00",
            "amount": "2464.00",
            "order": 0,
            "is_compulsory": true,
            "raw_material": "Gold"
        }
    },
    {
        "model": "vouchers.estimatelineitem",
        "pk": "e37448b7-a05a-4830-b319-cccc13e7d7d6",
        "fields": {
            "estimate": "a15b87b3-bc97-4e67-be3a-e94353f46cd4",
            "particulars": "Craftsmanship Fee",
            "shape": "",
            "colour": "",
            "clarity": "",
            "pc": 11,
            "weight": "22.000",
            "unit": "",
            "rate": "222.00",
            "amount": "4884.00",
            "order": 1,
            "is_compulsory": true,
            "raw_material": "Craftsmanship"
        }
    },
    {
        "model": "vouchers.estimatelineitem",
        "pk": "e3789767-23d8-4598-b1b8-0c01cb586e9b",
        "fields": {
            "estimate": "0fbdb5cd-9167-4a64-adc3-f568da8ff6e6",
            "particulars": "Craftsmanship Fee",
            "shape": "",
            "colour": "",
            "clarity": "",
            "pc": null,
            "weight": "112.000",
            "unit": "",
            "rate": "221.00",
            "amount": "24752.00",
            "order": 1,
            "is_compulsory": true,
            "raw_material": "Craftsmanship"
        }
    },
    {
        "model": "vouchers.estimatelineitem",
        "pk": "e7277104-3a87-4495-9183-162069d0b2f3",
        "fields": {
            "estimate": "0ea53eb7-13fc-41e4-98a5-6c06c0cc0f34",
            "particulars": "temp",
            "shape": "",
            "colour": "",
            "clarity": "",
            "pc": null,
            "weight": "21.000",
            "unit": "",
            "rate": "221.00",
            "amount": "4641.00",
            "order": 0,
            "is_compulsory": false,
            "raw_material": null
        }
    },
    {
        "model": "vouchers.estimatelineitem",
        "pk": "ea5be69c-a549-466c-9a44-54f96a92dfa6",
        "fields": {
            "estimate": "a82c531d-0107-4b67-ae88-79e1b3e13825",
            "particulars": "Gold",
            "shape": "",
            "colour": "",
            "clarity": "",
            "pc": 1,
            "weight": "11.000",
            "unit": "GM",
            "rate": "111.00",
            "amount": "1221.00",
            "order": 0,
            "is_compulsory": true,
            "raw_material": "Gold"
        }
    },
    {
        "model": "vouchers.estimatelineitem",
        "pk": "ebee2393-4b9e-492d-9181-47dda9ec8130",
        "fields": {
            "estimate": "df304118-233a-45b2-a318-da2587af629b",
            "particulars": "Gold",
            "shape": "",
            "colour": "",
            "clarity": "",
            "pc": 11,
            "weight": "11.000",
            "unit": "GM",
            "rate": "111.00",
            "amount": "1221.00",
            "order": 0,
            "is_compulsory": true,
            "raw_material": "Gold"
        }
    },
    {
        "model": "vouchers.estimatelineitem",
        "pk": "ee142135-1c9d-4df5-a157-41a7350bd3d4",
        "fields": {
            "estimate": "96f9d0a3-45f6-43b7-93a2-0a431ea57a76",
            "particulars": "Craftsmanship Fee",
            "shape": "2",
            "colour": "",
            "clarity": "",
            "pc": null,
            "weight": "1.000",
            "unit": "",
            "rate": "0.18",
            "amount": "0.18",
            "order": 1,
            "is_compulsory": true,
            "raw_material": "Craftsmanship"
        }
    },
    {
        "model": "vouchers.estimatelineitem",
        "pk": "efb64900-0c6a-4088-a2a8-455f1b487fb8",
        "fields": {
            "estimate": "c684191b-c883-442c-b360-b9c4ec39bff2",
            "particulars": "ab",
            "shape": "",
            "colour": "",
            "clarity": "",
            "pc": 2,
            "weight": "12.000",
            "unit": "",
            "rate": "2123.00",
            "amount": "25476.00",
            "order": 0,
            "is_compulsory": false,
            "raw_material": null
        }
    },
    {
        "model": "vouchers.estimatelineitem",
        "pk": "f013211d-e20c-4b3d-a381-535f574f399d",
        "fields": {
            "estimate": "42d3083e-2a95-4911-b088-f791b7bd295d",
            "particulars": "Gold",
            "shape": "",
            "colour": "",
            "clarity": "",
            "pc": 1,
            "weight": "1.000",
            "unit": "GM",
            "rate": "11.00",
            "amount": "11.00",
            "order": 0,
            "is_compulsory": true,
            "raw_material": "Gold"
        }
    },
    {
        "model": "vouchers.estimatelineitem",
        "pk": "f0f3f979-bc62-46c7-9a21-b5ab2afb0e6b",
        "fields": {
            "estimate": "d9f50b2e-1d82-4c60-8ca6-0d715dd7e983",
            "particulars": "Craftsmanship Fee",
            "shape": "",
            "colour": "",
            "clarity": "",
            "pc": 1,
            "weight": "11.000",
            "unit": "",
            "rate": "22.00",
            "amount": "242.00",
            "order": 1,
            "is_compulsory": true,
            "raw_material": "Craftsmanship"
        }
    },
    {
        "model": "vouchers.estimatelineitem",
        "pk": "f4585f46-59b0-4345-93d7-6838ff1850a4",
        "fields": {
            "estimate": "96993660-fe04-4fb0-9d74-e6e9c8027147",
            "particulars": "Craftsmanship Fee",
            "shape": "",
            "colour": "",
            "clarity": "",
            "pc": 2,
            "weight": "122.000",
            "unit": "",
            "rate": "11.00",
            "amount": "1342.00",
            "order": 1,
            "is_compulsory": true,
            "raw_material": "Craftsmanship"
        }
    },
    {
        "model": "vouchers.estimatelineitem",
        "pk": "f69cede2-8c66-4bcb-917c-ed436daff550",
        "fields": {
            "estimate": "94bc5229-026b-45c3-85e7-34ac1392036c",
            "particulars": "Gold",
            "shape": "",
            "colour": "",
            "clarity": "",
            "pc": 11,
            "weight": "11.000",
            "unit": "GM",
            "rate": "111.00",
            "amount": "1221.00",
            "order": 0,
            "is_compulsory": true,
            "raw_material": "Gold"
        }
    },
    {
        "model": "vouchers.estimatelineitem",
        "pk": "f8daf31d-8482-43e5-abed-06194a531226",
        "fields": {
            "estimate": "f83d12df-0ffc-48b9-9e6c-e89d491ac6ba",
            "particulars": "Craftsmanship Fee",
            "shape": "",
            "colour": "",
            "clarity": "",
            "pc": 11,
            "weight": "22.000",
            "unit": "",
            "rate": "11.00",
            "amount": "242.00",
            "order": 1,
            "is_compulsory": true,
            "raw_material": "Craftsmanship"
        }
    },
    {
        "model": "vouchers.estimatelineitem",
        "pk": "ff9a498b-2761-43e8-ab1e-f3d27065ea4c",
        "fields": {
            "estimate": "1bc8a32c-eb2f-4c48-a115-bf1e634ed5db",
            "particulars": "Craftsmanship Fee",
            "shape": "",
            "colour": "",
            "clarity": "",
            "pc": 1,
            "weight": "11.000",
            "unit": "",
            "rate": "11.00",
            "amount": "121.00",
            "order": 1,
            "is_compulsory": true,
            "raw_material": "Craftsmanship"
        }
    },
    {
        "model": "vouchers.rawmaterialpurchase",
        "pk": "1d7e5866-a44d-4536-ac2f-939483ca282f",
        "fields": {
            "company": "0d1fac01-4068-42b0-a8f6-f2c47375185d",
            "date": "2026-01-29",
            "supplier": "29adc30c-1668-449e-9be3-5239bc112e2f",
            "order_id": null,
            "dia_id": "DIA-DD041376",
            "material_type": "30ac5782-aabc-4012-a531-e12d7fb98219",
            "master_size": null,
            "origin": null,
            "carat_weight": null,
            "number_of_pieces": null,
            "certificate_number": null,
            "additional_details": null,
            "size": null,
            "fluorescence": null,
            "purchase_budget_total": null,
            "purchase_budget_per_carat": null,
            "suggested_supplier": "9f35ad7e-abb0-4a9e-b8d4-d4461f764343",
            "shape": null,
            "carat": "222.000",
            "colour": null,
            "clarity": null,
            "cut": null,
            "pol": null,
            "sym": null,
            "flouro": null,
            "lab": null,
            "cert_no": null,
            "gemstone_type": null,
            "gemstone_shape": null,
            "gemstone_carat_weight": null,
            "gemstone_number_of_pieces": null,
            "gemstone_color": null,
            "gemstone_clarity": null,
            "gemstone_treatment": null,
            "gemstone_lab": null,
            "gemstone_certificate_number": null,
            "gemstone_additional_details": null,
            "gemstone_cut": null,
            "gemstone_size": null,
            "gemstone_purchase_budget_total": null,
            "gemstone_purchase_budget_per_carat": null,
            "gemstone_suggested_supplier": null,
            "gold_purity": null,
            "gold_weight": null,
            "gold_mode": null,
            "gold_suggested_supplier": null,
            "metal_weight_grams": null,
            "metal_purity": null,
            "price_per_gram": null,
            "total_metal_value": null,
            "kt_value": null,
            "purity_percent": null,
            "purity_notes": null,
            "cut_length": null,
            "cut_width": null,
            "cut_height": null,
            "mode_cash": false,
            "mode_bill": false,
            "origin_type": null,
            "sieve_size": null,
            "color_additional_info": null,
            "diamond_number_of_pieces": null,
            "diamond_additional_details": null,
            "diamond_size": null,
            "purchase_budget_total_usd": null,
            "purchase_budget_per_carat_usd": null,
            "gemstone_size_mm": null,
            "gemstone_type_fk": null,
            "gemstone_shape_fk": null,
            "gemstone_color_fk": null,
            "gemstone_clarity_fk": null,
            "gemstone_treatment_fk": null,
            "origin_fk": null,
            "rap": null,
            "discount": null,
            "price_per_ct_usd": null,
            "exchange_rate": "92.01",
            "price_per_ct_inr": null,
            "total": null,
            "proof_image": "",
            "created_by": [
                "niti@nsj.com"
            ],
            "updated_by": null,
            "created_at": "2026-01-29T17:20:38.564Z",
            "updated_at": "2026-01-29T17:20:38.564Z"
        }
    },
    {
        "model": "vouchers.rawmaterialpurchase",
        "pk": "7ac11d21-89f7-48d1-9357-751b0cf1b159",
        "fields": {
            "company": "0d1fac01-4068-42b0-a8f6-f2c47375185d",
            "date": "2026-01-07",
            "supplier": "ea34cf39-48f9-4bb6-91fc-425b585c6fc6",
            "order_id": "1df85f35-9668-43fd-b9e8-a4696bd86b5a",
            "dia_id": "DIA-7AC11D21",
            "material_type": null,
            "master_size": null,
            "origin": null,
            "carat_weight": null,
            "number_of_pieces": null,
            "certificate_number": null,
            "additional_details": null,
            "size": null,
            "fluorescence": null,
            "purchase_budget_total": null,
            "purchase_budget_per_carat": null,
            "suggested_supplier": null,
            "shape": null,
            "carat": "24.000",
            "colour": null,
            "clarity": null,
            "cut": "Very Good",
            "pol": "Very Good",
            "sym": "Very Good",
            "flouro": "Faint",
            "lab": null,
            "cert_no": null,
            "gemstone_type": null,
            "gemstone_shape": null,
            "gemstone_carat_weight": null,
            "gemstone_number_of_pieces": null,
            "gemstone_color": null,
            "gemstone_clarity": null,
            "gemstone_treatment": null,
            "gemstone_lab": null,
            "gemstone_certificate_number": null,
            "gemstone_additional_details": null,
            "gemstone_cut": null,
            "gemstone_size": null,
            "gemstone_purchase_budget_total": null,
            "gemstone_purchase_budget_per_carat": null,
            "gemstone_suggested_supplier": null,
            "gold_purity": null,
            "gold_weight": null,
            "gold_mode": null,
            "gold_suggested_supplier": null,
            "metal_weight_grams": null,
            "metal_purity": null,
            "price_per_gram": null,
            "total_metal_value": null,
            "kt_value": null,
            "purity_percent": null,
            "purity_notes": null,
            "cut_length": null,
            "cut_width": null,
            "cut_height": null,
            "mode_cash": false,
            "mode_bill": false,
            "origin_type": null,
            "sieve_size": null,
            "color_additional_info": null,
            "diamond_number_of_pieces": null,
            "diamond_additional_details": null,
            "diamond_size": null,
            "purchase_budget_total_usd": null,
            "purchase_budget_per_carat_usd": null,
            "gemstone_size_mm": null,
            "gemstone_type_fk": null,
            "gemstone_shape_fk": null,
            "gemstone_color_fk": null,
            "gemstone_clarity_fk": null,
            "gemstone_treatment_fk": null,
            "origin_fk": null,
            "rap": "24.00",
            "discount": "0.36",
            "price_per_ct_usd": "21.00",
            "exchange_rate": "81.00",
            "price_per_ct_inr": "1701.00",
            "total": "40824.00",
            "proof_image": "raw_material_proofs/deb36bc1-7bf5-4d13-a867-37e46cd1e0a8.png",
            "created_by": [
                "niti@nsj.com"
            ],
            "updated_by": null,
            "created_at": "2026-01-07T13:48:14.621Z",
            "updated_at": "2026-01-07T13:48:14.632Z"
        }
    },
    {
        "model": "vouchers.rawmaterialpurchase",
        "pk": "91be4bfa-39d1-4987-83a1-e491f63219f2",
        "fields": {
            "company": "0d1fac01-4068-42b0-a8f6-f2c47375185d",
            "date": "2026-01-08",
            "supplier": "01cd52f4-e7b3-4038-8344-b7dede78fbf5",
            "order_id": null,
            "dia_id": "DIA-91BE4BFA",
            "material_type": null,
            "master_size": null,
            "origin": null,
            "carat_weight": null,
            "number_of_pieces": null,
            "certificate_number": null,
            "additional_details": null,
            "size": null,
            "fluorescence": null,
            "purchase_budget_total": null,
            "purchase_budget_per_carat": null,
            "suggested_supplier": null,
            "shape": null,
            "carat": "2.400",
            "colour": null,
            "clarity": null,
            "cut": "Very Good",
            "pol": "Very Good",
            "sym": "Excellent",
            "flouro": "Faint",
            "lab": null,
            "cert_no": "1",
            "gemstone_type": null,
            "gemstone_shape": null,
            "gemstone_carat_weight": null,
            "gemstone_number_of_pieces": null,
            "gemstone_color": null,
            "gemstone_clarity": null,
            "gemstone_treatment": null,
            "gemstone_lab": null,
            "gemstone_certificate_number": null,
            "gemstone_additional_details": null,
            "gemstone_cut": null,
            "gemstone_size": null,
            "gemstone_purchase_budget_total": null,
            "gemstone_purchase_budget_per_carat": null,
            "gemstone_suggested_supplier": null,
            "gold_purity": null,
            "gold_weight": null,
            "gold_mode": null,
            "gold_suggested_supplier": null,
            "metal_weight_grams": null,
            "metal_purity": null,
            "price_per_gram": null,
            "total_metal_value": null,
            "kt_value": null,
            "purity_percent": null,
            "purity_notes": null,
            "cut_length": null,
            "cut_width": null,
            "cut_height": null,
            "mode_cash": false,
            "mode_bill": false,
            "origin_type": null,
            "sieve_size": null,
            "color_additional_info": null,
            "diamond_number_of_pieces": null,
            "diamond_additional_details": null,
            "diamond_size": null,
            "purchase_budget_total_usd": null,
            "purchase_budget_per_carat_usd": null,
            "gemstone_size_mm": null,
            "gemstone_type_fk": null,
            "gemstone_shape_fk": null,
            "gemstone_color_fk": null,
            "gemstone_clarity_fk": null,
            "gemstone_treatment_fk": null,
            "origin_fk": null,
            "rap": "0.51",
            "discount": "2.00",
            "price_per_ct_usd": "83.00",
            "exchange_rate": "84.00",
            "price_per_ct_inr": "6972.00",
            "total": "16732.80",
            "proof_image": "raw_material_proofs/download_1.jpeg",
            "created_by": [
                "niti@nsj.com"
            ],
            "updated_by": null,
            "created_at": "2026-01-08T13:06:40.625Z",
            "updated_at": "2026-01-08T13:06:40.632Z"
        }
    },
    {
        "model": "vouchers.rawmaterialpurchase",
        "pk": "beb91402-d525-43a6-ba40-1daaf1a75f59",
        "fields": {
            "company": "0d1fac01-4068-42b0-a8f6-f2c47375185d",
            "date": "2026-01-28",
            "supplier": "ea34cf39-48f9-4bb6-91fc-425b585c6fc6",
            "order_id": null,
            "dia_id": "DIA-E1D0F449",
            "material_type": null,
            "master_size": null,
            "origin": null,
            "carat_weight": null,
            "number_of_pieces": null,
            "certificate_number": null,
            "additional_details": null,
            "size": null,
            "fluorescence": null,
            "purchase_budget_total": null,
            "purchase_budget_per_carat": null,
            "suggested_supplier": null,
            "shape": null,
            "carat": null,
            "colour": null,
            "clarity": null,
            "cut": null,
            "pol": null,
            "sym": null,
            "flouro": null,
            "lab": null,
            "cert_no": null,
            "gemstone_type": null,
            "gemstone_shape": null,
            "gemstone_carat_weight": null,
            "gemstone_number_of_pieces": null,
            "gemstone_color": null,
            "gemstone_clarity": null,
            "gemstone_treatment": null,
            "gemstone_lab": null,
            "gemstone_certificate_number": null,
            "gemstone_additional_details": null,
            "gemstone_cut": null,
            "gemstone_size": null,
            "gemstone_purchase_budget_total": null,
            "gemstone_purchase_budget_per_carat": null,
            "gemstone_suggested_supplier": null,
            "gold_purity": null,
            "gold_weight": null,
            "gold_mode": null,
            "gold_suggested_supplier": null,
            "metal_weight_grams": "32.000",
            "metal_purity": "99",
            "price_per_gram": "14231.61",
            "total_metal_value": "455411.52",
            "kt_value": 22,
            "purity_percent": null,
            "purity_notes": null,
            "cut_length": null,
            "cut_width": null,
            "cut_height": null,
            "mode_cash": false,
            "mode_bill": false,
            "origin_type": null,
            "sieve_size": null,
            "color_additional_info": null,
            "diamond_number_of_pieces": null,
            "diamond_additional_details": null,
            "diamond_size": null,
            "purchase_budget_total_usd": null,
            "purchase_budget_per_carat_usd": null,
            "gemstone_size_mm": null,
            "gemstone_type_fk": null,
            "gemstone_shape_fk": null,
            "gemstone_color_fk": null,
            "gemstone_clarity_fk": null,
            "gemstone_treatment_fk": null,
            "origin_fk": null,
            "rap": null,
            "discount": null,
            "price_per_ct_usd": null,
            "exchange_rate": null,
            "price_per_ct_inr": null,
            "total": null,
            "proof_image": "",
            "created_by": [
                "niti@nsj.com"
            ],
            "updated_by": null,
            "created_at": "2026-01-28T15:57:02.098Z",
            "updated_at": "2026-01-28T15:57:02.098Z"
        }
    },
    {
        "model": "vouchers.rawmaterialpurchase",
        "pk": "eb475aa4-ce89-45b5-8298-a9a88745ba1a",
        "fields": {
            "company": "0d1fac01-4068-42b0-a8f6-f2c47375185d",
            "date": "2026-01-07",
            "supplier": "01cd52f4-e7b3-4038-8344-b7dede78fbf5",
            "order_id": "45ea3c3a-085f-4dfb-a182-f823848c1cc4",
            "dia_id": "DIA-EB475AA4",
            "material_type": null,
            "master_size": null,
            "origin": null,
            "carat_weight": null,
            "number_of_pieces": null,
            "certificate_number": null,
            "additional_details": null,
            "size": null,
            "fluorescence": null,
            "purchase_budget_total": null,
            "purchase_budget_per_carat": null,
            "suggested_supplier": null,
            "shape": null,
            "carat": "21.000",
            "colour": null,
            "clarity": null,
            "cut": "Very Good",
            "pol": "Very Good",
            "sym": "Very Good",
            "flouro": "Medium",
            "lab": null,
            "cert_no": null,
            "gemstone_type": null,
            "gemstone_shape": null,
            "gemstone_carat_weight": null,
            "gemstone_number_of_pieces": null,
            "gemstone_color": null,
            "gemstone_clarity": null,
            "gemstone_treatment": null,
            "gemstone_lab": null,
            "gemstone_certificate_number": null,
            "gemstone_additional_details": null,
            "gemstone_cut": null,
            "gemstone_size": null,
            "gemstone_purchase_budget_total": null,
            "gemstone_purchase_budget_per_carat": null,
            "gemstone_suggested_supplier": null,
            "gold_purity": null,
            "gold_weight": null,
            "gold_mode": null,
            "gold_suggested_supplier": null,
            "metal_weight_grams": null,
            "metal_purity": null,
            "price_per_gram": null,
            "total_metal_value": null,
            "kt_value": null,
            "purity_percent": null,
            "purity_notes": null,
            "cut_length": null,
            "cut_width": null,
            "cut_height": null,
            "mode_cash": false,
            "mode_bill": false,
            "origin_type": null,
            "sieve_size": null,
            "color_additional_info": null,
            "diamond_number_of_pieces": null,
            "diamond_additional_details": null,
            "diamond_size": null,
            "purchase_budget_total_usd": null,
            "purchase_budget_per_carat_usd": null,
            "gemstone_size_mm": null,
            "gemstone_type_fk": null,
            "gemstone_shape_fk": null,
            "gemstone_color_fk": null,
            "gemstone_clarity_fk": null,
            "gemstone_treatment_fk": null,
            "origin_fk": null,
            "rap": "12.00",
            "discount": "11.00",
            "price_per_ct_usd": "23.00",
            "exchange_rate": "123.00",
            "price_per_ct_inr": "2829.00",
            "total": "59409.00",
            "proof_image": "",
            "created_by": [
                "niti@nsj.com"
            ],
            "updated_by": null,
            "created_at": "2026-01-07T14:13:43.257Z",
            "updated_at": "2026-01-07T14:13:43.257Z"
        }
    },
    {
        "model": "vouchers.rawmaterialpurchase",
        "pk": "eb495ff3-dc2d-4d3d-99fa-4eac8dbc4db8",
        "fields": {
            "company": "0d1fac01-4068-42b0-a8f6-f2c47375185d",
            "date": "2026-01-29",
            "supplier": "29adc30c-1668-449e-9be3-5239bc112e2f",
            "order_id": null,
            "dia_id": "DIA-7343B67C",
            "material_type": "30ac5782-aabc-4012-a531-e12d7fb98219",
            "master_size": null,
            "origin": null,
            "carat_weight": null,
            "number_of_pieces": null,
            "certificate_number": null,
            "additional_details": null,
            "size": null,
            "fluorescence": null,
            "purchase_budget_total": "111.00",
            "purchase_budget_per_carat": null,
            "suggested_supplier": "9b437b31-45ac-43a5-b4df-a9ac06fa5ea5",
            "shape": null,
            "carat": "1.000",
            "colour": null,
            "clarity": null,
            "cut": null,
            "pol": null,
            "sym": null,
            "flouro": null,
            "lab": null,
            "cert_no": null,
            "gemstone_type": null,
            "gemstone_shape": null,
            "gemstone_carat_weight": null,
            "gemstone_number_of_pieces": null,
            "gemstone_color": null,
            "gemstone_clarity": null,
            "gemstone_treatment": null,
            "gemstone_lab": null,
            "gemstone_certificate_number": null,
            "gemstone_additional_details": null,
            "gemstone_cut": null,
            "gemstone_size": null,
            "gemstone_purchase_budget_total": null,
            "gemstone_purchase_budget_per_carat": null,
            "gemstone_suggested_supplier": null,
            "gold_purity": null,
            "gold_weight": null,
            "gold_mode": null,
            "gold_suggested_supplier": null,
            "metal_weight_grams": null,
            "metal_purity": null,
            "price_per_gram": null,
            "total_metal_value": null,
            "kt_value": null,
            "purity_percent": null,
            "purity_notes": null,
            "cut_length": null,
            "cut_width": null,
            "cut_height": null,
            "mode_cash": false,
            "mode_bill": false,
            "origin_type": "natural",
            "sieve_size": null,
            "color_additional_info": null,
            "diamond_number_of_pieces": null,
            "diamond_additional_details": null,
            "diamond_size": null,
            "purchase_budget_total_usd": "1.21",
            "purchase_budget_per_carat_usd": null,
            "gemstone_size_mm": null,
            "gemstone_type_fk": null,
            "gemstone_shape_fk": null,
            "gemstone_color_fk": null,
            "gemstone_clarity_fk": null,
            "gemstone_treatment_fk": null,
            "origin_fk": null,
            "rap": "1.00",
            "discount": "22.00",
            "price_per_ct_usd": "333.00",
            "exchange_rate": "92.01",
            "price_per_ct_inr": "30639.33",
            "total": "30639.33",
            "proof_image": "",
            "created_by": [
                "niti@nsj.com"
            ],
            "updated_by": null,
            "created_at": "2026-01-29T17:20:02.112Z",
            "updated_at": "2026-01-29T17:20:02.112Z"
        }
    },
    {
        "model": "vouchers.rawmaterialinventory",
        "pk": "0c052777-f804-4e38-88f6-1745a632d995",
        "fields": {
            "company": "0d1fac01-4068-42b0-a8f6-f2c47375185d",
            "purchase": "91be4bfa-39d1-4987-83a1-e491f63219f2",
            "available_carat": "2.400",
            "issued_carat": "0.000",
            "original_carat": "2.400",
            "status": "AVAILABLE",
            "created_at": "2026-01-08T13:06:40.633Z",
            "updated_at": "2026-01-08T13:06:40.633Z"
        }
    },
    {
        "model": "vouchers.rawmaterialinventory",
        "pk": "8fe88f80-ab10-4f5d-8e45-7773f6dd1197",
        "fields": {
            "company": "0d1fac01-4068-42b0-a8f6-f2c47375185d",
            "purchase": "eb495ff3-dc2d-4d3d-99fa-4eac8dbc4db8",
            "available_carat": "1.000",
            "issued_carat": "0.000",
            "original_carat": "1.000",
            "status": "AVAILABLE",
            "created_at": "2026-01-29T17:20:02.121Z",
            "updated_at": "2026-01-29T17:20:02.121Z"
        }
    },
    {
        "model": "vouchers.rawmaterialinventory",
        "pk": "a59448cc-491e-4cae-af0a-d00e8bf7cd91",
        "fields": {
            "company": "0d1fac01-4068-42b0-a8f6-f2c47375185d",
            "purchase": "eb475aa4-ce89-45b5-8298-a9a88745ba1a",
            "available_carat": "6.000",
            "issued_carat": "15.000",
            "original_carat": "21.000",
            "status": "PARTIALLY_ISSUED",
            "created_at": "2026-01-07T14:13:43.271Z",
            "updated_at": "2026-01-08T13:08:02.978Z"
        }
    },
    {
        "model": "vouchers.rawmaterialinventory",
        "pk": "b068452d-a924-4f1d-94d2-3507e9b9e21e",
        "fields": {
            "company": "0d1fac01-4068-42b0-a8f6-f2c47375185d",
            "purchase": "beb91402-d525-43a6-ba40-1daaf1a75f59",
            "available_carat": "32.000",
            "issued_carat": "0.000",
            "original_carat": "32.000",
            "status": "AVAILABLE",
            "created_at": "2026-01-28T15:57:02.102Z",
            "updated_at": "2026-01-28T15:57:02.102Z"
        }
    },
    {
        "model": "vouchers.rawmaterialinventory",
        "pk": "cd0ece9d-580d-40ae-b268-83fd73ec3f4c",
        "fields": {
            "company": "0d1fac01-4068-42b0-a8f6-f2c47375185d",
            "purchase": "7ac11d21-89f7-48d1-9357-751b0cf1b159",
            "available_carat": "13.000",
            "issued_carat": "11.000",
            "original_carat": "24.000",
            "status": "PARTIALLY_ISSUED",
            "created_at": "2026-01-07T13:48:14.633Z",
            "updated_at": "2026-01-07T14:14:12.255Z"
        }
    },
    {
        "model": "vouchers.rawmaterialinventory",
        "pk": "f6961782-8d25-414d-8985-dc4c6b1364d7",
        "fields": {
            "company": "0d1fac01-4068-42b0-a8f6-f2c47375185d",
            "purchase": "1d7e5866-a44d-4536-ac2f-939483ca282f",
            "available_carat": "222.000",
            "issued_carat": "0.000",
            "original_carat": "222.000",
            "status": "AVAILABLE",
            "created_at": "2026-01-29T17:20:38.567Z",
            "updated_at": "2026-01-29T17:20:38.567Z"
        }
    },
    {
        "model": "vouchers.rawmaterialissuance",
        "pk": "861b4e31-e87a-4270-baa4-1d1467aa9ed2",
        "fields": {
            "company": "0d1fac01-4068-42b0-a8f6-f2c47375185d",
            "inventory": "a59448cc-491e-4cae-af0a-d00e8bf7cd91",
            "job": "1df85f35-9668-43fd-b9e8-a4696bd86b5a",
            "job_no": "JOB-28AC3A33249C",
            "issued_carat": "15.000",
            "date": "2026-01-08",
            "purpose": "ring",
            "remarks": null,
            "issued_by": [
                "niti@nsj.com"
            ],
            "created_at": "2026-01-08T13:08:02.972Z",
            "updated_at": "2026-01-08T13:08:02.972Z"
        }
    },
    {
        "model": "vouchers.rawmaterialissuance",
        "pk": "b1ea655b-f890-4167-a943-d1fa344a53fe",
        "fields": {
            "company": "0d1fac01-4068-42b0-a8f6-f2c47375185d",
            "inventory": "cd0ece9d-580d-40ae-b268-83fd73ec3f4c",
            "job": "1df85f35-9668-43fd-b9e8-a4696bd86b5a",
            "job_no": "JOB-28AC3A33249C",
            "issued_carat": "11.000",
            "date": "2026-01-07",
            "purpose": null,
            "remarks": null,
            "issued_by": [
                "niti@nsj.com"
            ],
            "created_at": "2026-01-07T14:14:12.255Z",
            "updated_at": "2026-01-07T14:14:12.255Z"
        }
    },
    {
        "model": "vouchers.dailyreport",
        "pk": "0b8a8c97-c6f3-4d55-abfa-669e87fb99df",
        "fields": {
            "company": "0d1fac01-4068-42b0-a8f6-f2c47375185d",
            "date": "2026-01-08",
            "user": [
                "niti@nsj.com"
            ],
            "tasks_completed": 2,
            "tasks_pending": 1,
            "orders_processed": 1,
            "materials_issued": 1,
            "summary": "completed 2 tasks, processed 1 order",
            "challenges": "none",
            "next_day_plan": "work on other priority tasks",
            "is_submitted": true,
            "submitted_at": "2026-01-08T13:09:32.118Z",
            "created_at": "2026-01-08T13:09:32.121Z",
            "updated_at": "2026-01-08T13:09:32.121Z"
        }
    },
    {
        "model": "vouchers.dailyreport",
        "pk": "3d326fc9-da66-4372-880c-10ae17707569",
        "fields": {
            "company": "0d1fac01-4068-42b0-a8f6-f2c47375185d",
            "date": "2026-01-13",
            "user": [
                "niti@nsj.com"
            ],
            "tasks_completed": 2,
            "tasks_pending": 1,
            "orders_processed": 1,
            "materials_issued": 1,
            "summary": "vfd",
            "challenges": "vcbvc",
            "next_day_plan": "bcvbvcbvc",
            "is_submitted": true,
            "submitted_at": "2026-01-13T11:13:22.939Z",
            "created_at": "2026-01-13T11:13:22.944Z",
            "updated_at": "2026-01-13T11:13:22.944Z"
        }
    },
    {
        "model": "vouchers.dailyreport",
        "pk": "8020a732-40be-43d5-8269-c5f7581bcca6",
        "fields": {
            "company": "0d1fac01-4068-42b0-a8f6-f2c47375185d",
            "date": "2026-01-09",
            "user": [
                "niti@nsj.com"
            ],
            "tasks_completed": 1,
            "tasks_pending": 1,
            "orders_processed": 2,
            "materials_issued": 0,
            "summary": "sdsd",
            "challenges": "asdd",
            "next_day_plan": "adsds",
            "is_submitted": true,
            "submitted_at": "2026-01-09T18:10:01.215Z",
            "created_at": "2026-01-09T18:03:59.208Z",
            "updated_at": "2026-01-09T18:10:01.216Z"
        }
    },
    {
        "model": "vouchers.dailyreport",
        "pk": "811b23f5-2cfc-4910-bbf5-8940b3e2cc62",
        "fields": {
            "company": "0d1fac01-4068-42b0-a8f6-f2c47375185d",
            "date": "2026-01-07",
            "user": [
                "niti@nsj.com"
            ],
            "tasks_completed": 2,
            "tasks_pending": 1,
            "orders_processed": 1,
            "materials_issued": 2,
            "summary": "gfdg",
            "challenges": "dfgd",
            "next_day_plan": "dfdsf",
            "is_submitted": true,
            "submitted_at": "2026-01-07T15:58:17.620Z",
            "created_at": "2026-01-07T14:16:30.601Z",
            "updated_at": "2026-01-07T15:58:17.621Z"
        }
    },
    {
        "model": "vouchers.dailyreport",
        "pk": "9fa1d483-cf76-4298-ad59-da1d8b9bbd9b",
        "fields": {
            "company": "0d1fac01-4068-42b0-a8f6-f2c47375185d",
            "date": "2026-01-08",
            "user": [
                "admin123@gmail.com"
            ],
            "tasks_completed": 5,
            "tasks_pending": 3,
            "orders_processed": 12,
            "materials_issued": 8,
            "summary": "Completed all priority tasks for the day. Processed customer orders efficiently.",
            "challenges": "Minor delay in material delivery from supplier.",
            "next_day_plan": "Focus on pending orders and follow up with supplier.",
            "is_submitted": true,
            "submitted_at": "2026-01-08T13:18:51.326Z",
            "created_at": "2026-01-08T13:18:51.328Z",
            "updated_at": "2026-01-08T13:18:51.328Z"
        }
    },
    {
        "model": "vouchers.threedprintingcam",
        "pk": "862d3b06-bf15-4caf-96d2-2fa642f087d6",
        "fields": {
            "company": "0d1fac01-4068-42b0-a8f6-f2c47375185d",
            "account_order_id": "V-B0C24F1B3F",
            "order": "1df85f35-9668-43fd-b9e8-a4696bd86b5a",
            "cam_piece_image": "3d_printing_cam/download_1.jpeg",
            "cam_piece_quality_check": true,
            "qc_failure_reasons": null,
            "approved_cam_piece": "3d_printing_cam/approved/download_1.jpeg",
            "carry_forward_image": "",
            "created_by": [
                "sanjana@nsj.com"
            ],
            "updated_by": null,
            "created_at": "2026-01-15T10:07:13.986Z",
            "updated_at": "2026-01-15T10:07:13.995Z"
        }
    },
    {
        "model": "vouchers.metalissue",
        "pk": "12b8b8a5-facc-4215-9fd3-577924d657f7",
        "fields": {
            "company": "0d1fac01-4068-42b0-a8f6-f2c47375185d",
            "account_order_id": "V-B0C24F1B3F",
            "order": "1df85f35-9668-43fd-b9e8-a4696bd86b5a",
            "carry_forward_image": "",
            "created_by": [
                "sanjana@nsj.com"
            ],
            "updated_by": null,
            "created_at": "2026-01-15T11:15:23.561Z",
            "updated_at": "2026-01-15T11:15:23.561Z"
        }
    },
    {
        "model": "vouchers.invoicesequence",
        "pk": 1,
        "fields": {
            "company": "0d1fac01-4068-42b0-a8f6-f2c47375185d",
            "current_sequence": 11,
            "prefix": "INV",
            "created_at": "2026-02-09T18:11:25.200Z",
            "updated_at": "2026-02-16T17:18:24.927Z"
        }
    },
    {
        "model": "vouchers.invoice",
        "pk": "42b4c274-4b1b-40ee-a9a6-aae0778c4a84",
        "fields": {
            "company": "0d1fac01-4068-42b0-a8f6-f2c47375185d",
            "account": null,
            "sale": null,
            "estimate": "b5477a86-d5c6-42da-a4b5-7b02176ea60a",
            "sales_query": "4791abca-3232-43c3-9e10-9e0d02b7c96f",
            "invoice_number": "INV000002",
            "invoice_date": "2026-02-09",
            "due_date": "2026-03-11",
            "payment_terms": "net_30",
            "customer_name": "aryan",
            "sub_account": null,
            "phone_number": "990765878578",
            "email": "abc123@gmail.com",
            "address": "Mumbai",
            "pan_gstin": "",
            "item_name": "ring9",
            "jewellery_type": "",
            "size_details": null,
            "sales_person_name": null,
            "subtotal": "116000.00",
            "gst_rate": "3.00",
            "gst_amount": "3480.00",
            "total_amount": "119480.00",
            "amount_paid": "0.00",
            "balance_due": "119480.00",
            "status": "draft",
            "notes": "",
            "terms_and_conditions": "Payment due within 30 days. Late payments may incur additional charges.",
            "product_image": "",
            "created_by": [
                "niti@nsj.com"
            ],
            "updated_by": null,
            "created_at": "2026-02-09T18:20:17.170Z",
            "updated_at": "2026-02-09T18:20:17.170Z",
            "is_deleted": false
        }
    },
    {
        "model": "vouchers.invoice",
        "pk": "5847c77a-faef-47a3-8ec1-9f05a39bdcb2",
        "fields": {
            "company": "0d1fac01-4068-42b0-a8f6-f2c47375185d",
            "account": null,
            "sale": null,
            "estimate": "b5477a86-d5c6-42da-a4b5-7b02176ea60a",
            "sales_query": "4791abca-3232-43c3-9e10-9e0d02b7c96f",
            "invoice_number": "INV000001",
            "invoice_date": "2026-02-09",
            "due_date": "2026-03-11",
            "payment_terms": "net_30",
            "customer_name": "aryan",
            "sub_account": null,
            "phone_number": "990765878578",
            "email": "abc123@gmail.com",
            "address": "Mumbai",
            "pan_gstin": "",
            "item_name": "ring9",
            "jewellery_type": "",
            "size_details": null,
            "sales_person_name": null,
            "subtotal": "116000.00",
            "gst_rate": "3.00",
            "gst_amount": "3480.00",
            "total_amount": "119480.00",
            "amount_paid": "0.00",
            "balance_due": "119480.00",
            "status": "draft",
            "notes": "",
            "terms_and_conditions": "Payment due within 30 days. Late payments may incur additional charges.",
            "product_image": "",
            "created_by": [
                "niti@nsj.com"
            ],
            "updated_by": null,
            "created_at": "2026-02-09T18:11:25.214Z",
            "updated_at": "2026-02-09T18:11:25.214Z",
            "is_deleted": false
        }
    },
    {
        "model": "vouchers.invoice",
        "pk": "596be5cc-f036-47d0-b1fc-e78b236e0f6b",
        "fields": {
            "company": "0d1fac01-4068-42b0-a8f6-f2c47375185d",
            "account": null,
            "sale": null,
            "estimate": "1bc8a32c-eb2f-4c48-a115-bf1e634ed5db",
            "sales_query": "a237bab6-8e10-400e-96a8-459f8d9bcc03",
            "invoice_number": "INV000006",
            "invoice_date": "2026-02-12",
            "due_date": "2026-03-14",
            "payment_terms": "net_30",
            "customer_name": "aryan33",
            "sub_account": null,
            "phone_number": "9920271641",
            "email": "admin2712@gmail.com",
            "address": "Mumbai",
            "pan_gstin": "",
            "item_name": "ring1",
            "jewellery_type": "ring7",
            "size_details": null,
            "sales_person_name": null,
            "subtotal": "2805.00",
            "gst_rate": "3.00",
            "gst_amount": "84.15",
            "total_amount": "2889.15",
            "amount_paid": "0.00",
            "balance_due": "2889.15",
            "status": "draft",
            "notes": "",
            "terms_and_conditions": "Payment due within 30 days. Late payments may incur additional charges.",
            "product_image": "",
            "created_by": [
                "niti@nsj.com"
            ],
            "updated_by": null,
            "created_at": "2026-02-12T15:07:58.350Z",
            "updated_at": "2026-02-12T15:07:58.350Z",
            "is_deleted": false
        }
    },
    {
        "model": "vouchers.invoice",
        "pk": "6bae3def-3572-42a2-bdef-07b29352be57",
        "fields": {
            "company": "0d1fac01-4068-42b0-a8f6-f2c47375185d",
            "account": null,
            "sale": null,
            "estimate": "1bc8a32c-eb2f-4c48-a115-bf1e634ed5db",
            "sales_query": "a237bab6-8e10-400e-96a8-459f8d9bcc03",
            "invoice_number": "INV000009",
            "invoice_date": "2026-02-12",
            "due_date": "2026-02-18",
            "payment_terms": "net_30",
            "customer_name": "aryan33",
            "sub_account": null,
            "phone_number": "9920271641",
            "email": "admin2712@gmail.com",
            "address": "Mumbai",
            "pan_gstin": "",
            "item_name": "ring1",
            "jewellery_type": "ring7",
            "size_details": null,
            "sales_person_name": null,
            "subtotal": "2805.00",
            "gst_rate": "3.00",
            "gst_amount": "84.15",
            "total_amount": "2889.15",
            "amount_paid": "0.00",
            "balance_due": "2889.15",
            "status": "draft",
            "notes": "",
            "terms_and_conditions": "Payment due within 30 days. Late payments may incur additional charges.",
            "product_image": "",
            "created_by": [
                "niti@nsj.com"
            ],
            "updated_by": null,
            "created_at": "2026-02-12T18:08:35.893Z",
            "updated_at": "2026-02-12T18:08:35.895Z",
            "is_deleted": false
        }
    },
    {
        "model": "vouchers.invoice",
        "pk": "7d8c9fee-516f-4a2d-9bdc-fc05bc1c5392",
        "fields": {
            "company": "0d1fac01-4068-42b0-a8f6-f2c47375185d",
            "account": null,
            "sale": null,
            "estimate": "1bc8a32c-eb2f-4c48-a115-bf1e634ed5db",
            "sales_query": "a237bab6-8e10-400e-96a8-459f8d9bcc03",
            "invoice_number": "INV000010",
            "invoice_date": "2026-02-13",
            "due_date": "2026-02-18",
            "payment_terms": "net_30",
            "customer_name": "aryan33",
            "sub_account": null,
            "phone_number": "9920271641",
            "email": "admin2712@gmail.com",
            "address": "Mumbai",
            "pan_gstin": "",
            "item_name": "ring1",
            "jewellery_type": "ring7",
            "size_details": null,
            "sales_person_name": null,
            "subtotal": "2805.00",
            "gst_rate": "3.00",
            "gst_amount": "84.15",
            "total_amount": "2889.15",
            "amount_paid": "0.00",
            "balance_due": "2889.15",
            "status": "draft",
            "notes": "",
            "terms_and_conditions": "Payment due within 30 days. Late payments may incur additional charges.",
            "product_image": "",
            "created_by": [
                "niti@nsj.com"
            ],
            "updated_by": null,
            "created_at": "2026-02-13T09:52:28.522Z",
            "updated_at": "2026-02-13T09:52:28.522Z",
            "is_deleted": false
        }
    },
    {
        "model": "vouchers.invoice",
        "pk": "b1e3481e-e472-46a3-bf4c-bd30d2f7326d",
        "fields": {
            "company": "0d1fac01-4068-42b0-a8f6-f2c47375185d",
            "account": null,
            "sale": null,
            "estimate": "cf18d07e-3a3d-4b1a-8585-d84af456adf4",
            "sales_query": "a237bab6-8e10-400e-96a8-459f8d9bcc03",
            "invoice_number": "INV000007",
            "invoice_date": "2026-02-12",
            "due_date": "2026-03-14",
            "payment_terms": "net_30",
            "customer_name": "aryan33",
            "sub_account": null,
            "phone_number": "9920271641",
            "email": "admin2712@gmail.com",
            "address": "Mumbai",
            "pan_gstin": "",
            "item_name": "ring7",
            "jewellery_type": "ring7",
            "size_details": null,
            "sales_person_name": null,
            "subtotal": "66.00",
            "gst_rate": "3.00",
            "gst_amount": "1.98",
            "total_amount": "67.98",
            "amount_paid": "0.00",
            "balance_due": "67.98",
            "status": "draft",
            "notes": "",
            "terms_and_conditions": "Payment due within 30 days. Late payments may incur additional charges.",
            "product_image": "",
            "created_by": [
                "niti@nsj.com"
            ],
            "updated_by": null,
            "created_at": "2026-02-12T15:09:56.767Z",
            "updated_at": "2026-02-12T15:09:56.767Z",
            "is_deleted": false
        }
    },
    {
        "model": "vouchers.invoice",
        "pk": "b708811d-1bdf-4fe1-b988-e3d2644fddfa",
        "fields": {
            "company": "0d1fac01-4068-42b0-a8f6-f2c47375185d",
            "account": null,
            "sale": null,
            "estimate": "b5477a86-d5c6-42da-a4b5-7b02176ea60a",
            "sales_query": "4791abca-3232-43c3-9e10-9e0d02b7c96f",
            "invoice_number": "INV000003",
            "invoice_date": "2026-02-09",
            "due_date": "2026-03-11",
            "payment_terms": "net_30",
            "customer_name": "aryan",
            "sub_account": null,
            "phone_number": "990765878578",
            "email": "abc123@gmail.com",
            "address": "Mumbai",
            "pan_gstin": "",
            "item_name": "ring9",
            "jewellery_type": "",
            "size_details": null,
            "sales_person_name": null,
            "subtotal": "116000.00",
            "gst_rate": "3.00",
            "gst_amount": "3480.00",
            "total_amount": "119480.00",
            "amount_paid": "0.00",
            "balance_due": "119480.00",
            "status": "draft",
            "notes": "",
            "terms_and_conditions": "Payment due within 30 days. Late payments may incur additional charges.",
            "product_image": "",
            "created_by": [
                "niti@nsj.com"
            ],
            "updated_by": null,
            "created_at": "2026-02-09T18:22:58.177Z",
            "updated_at": "2026-02-09T18:22:58.177Z",
            "is_deleted": false
        }
    },
    {
        "model": "vouchers.invoice",
        "pk": "bf8e2052-1587-4654-a7de-36574a3dc72b",
        "fields": {
            "company": "0d1fac01-4068-42b0-a8f6-f2c47375185d",
            "account": null,
            "sale": null,
            "estimate": "e092d4f1-6003-46de-ad6b-86bf96217344",
            "sales_query": "f46c284d-4ea3-4699-936d-8d97284f16d1",
            "invoice_number": "INV000011",
            "invoice_date": "2026-02-16",
            "due_date": "2026-03-18",
            "payment_terms": "net_30",
            "customer_name": "aryan",
            "sub_account": null,
            "phone_number": "",
            "email": "admin27@gmail.com",
            "address": "",
            "pan_gstin": "",
            "item_name": "ring7",
            "jewellery_type": "",
            "size_details": null,
            "sales_person_name": null,
            "subtotal": "83250.04",
            "gst_rate": "3.00",
            "gst_amount": "2497.50",
            "total_amount": "85747.54",
            "amount_paid": "0.00",
            "balance_due": "85747.54",
            "status": "draft",
            "notes": "",
            "terms_and_conditions": "Payment due within 30 days. Late payments may incur additional charges.",
            "product_image": "",
            "created_by": [
                "niti@nsj.com"
            ],
            "updated_by": null,
            "created_at": "2026-02-16T17:18:24.934Z",
            "updated_at": "2026-02-16T17:18:24.934Z",
            "is_deleted": false
        }
    },
    {
        "model": "vouchers.invoice",
        "pk": "c0f9e98a-cd8f-4a92-acab-288dc265fa0c",
        "fields": {
            "company": "0d1fac01-4068-42b0-a8f6-f2c47375185d",
            "account": null,
            "sale": null,
            "estimate": "b5477a86-d5c6-42da-a4b5-7b02176ea60a",
            "sales_query": "4791abca-3232-43c3-9e10-9e0d02b7c96f",
            "invoice_number": "INV000004",
            "invoice_date": "2026-02-12",
            "due_date": "2026-02-26",
            "payment_terms": "net_30",
            "customer_name": "aryan",
            "sub_account": null,
            "phone_number": "990765878578",
            "email": "abc123@gmail.com",
            "address": "Mumbai",
            "pan_gstin": "",
            "item_name": "ring9",
            "jewellery_type": "",
            "size_details": null,
            "sales_person_name": null,
            "subtotal": "116000.00",
            "gst_rate": "3.00",
            "gst_amount": "3480.00",
            "total_amount": "119480.00",
            "amount_paid": "0.00",
            "balance_due": "119480.00",
            "status": "draft",
            "notes": "",
            "terms_and_conditions": "Payment due within 30 days. Late payments may incur additional charges.",
            "product_image": "",
            "created_by": [
                "niti@nsj.com"
            ],
            "updated_by": null,
            "created_at": "2026-02-12T13:07:13.054Z",
            "updated_at": "2026-02-12T13:07:13.054Z",
            "is_deleted": false
        }
    },
    {
        "model": "vouchers.invoice",
        "pk": "cca99c6c-4837-4580-b2b2-b55278c3ed49",
        "fields": {
            "company": "0d1fac01-4068-42b0-a8f6-f2c47375185d",
            "account": null,
            "sale": null,
            "estimate": "1bc8a32c-eb2f-4c48-a115-bf1e634ed5db",
            "sales_query": "a237bab6-8e10-400e-96a8-459f8d9bcc03",
            "invoice_number": "INV000008",
            "invoice_date": "2026-02-12",
            "due_date": "2026-03-14",
            "payment_terms": "net_30",
            "customer_name": "aryan33",
            "sub_account": null,
            "phone_number": "9920271641",
            "email": "admin2712@gmail.com",
            "address": "Mumbai",
            "pan_gstin": "",
            "item_name": "ring1",
            "jewellery_type": "ring7",
            "size_details": null,
            "sales_person_name": null,
            "subtotal": "2805.00",
            "gst_rate": "3.00",
            "gst_amount": "84.15",
            "total_amount": "2889.15",
            "amount_paid": "0.00",
            "balance_due": "2889.15",
            "status": "draft",
            "notes": "abc",
            "terms_and_conditions": "Payment due within 30 days. Late payments may incur additional charges.",
            "product_image": "",
            "created_by": [
                "niti@nsj.com"
            ],
            "updated_by": null,
            "created_at": "2026-02-12T17:52:27.238Z",
            "updated_at": "2026-02-12T17:52:27.238Z",
            "is_deleted": false
        }
    },
    {
        "model": "vouchers.invoice",
        "pk": "f9ce117a-9894-4a98-baf8-62d6798a050c",
        "fields": {
            "company": "0d1fac01-4068-42b0-a8f6-f2c47375185d",
            "account": null,
            "sale": null,
            "estimate": "86926620-12ca-41d0-964c-c01825ad8a67",
            "sales_query": "a237bab6-8e10-400e-96a8-459f8d9bcc03",
            "invoice_number": "INV000005",
            "invoice_date": "2026-02-12",
            "due_date": "2026-03-14",
            "payment_terms": "net_30",
            "customer_name": "aryan33",
            "sub_account": null,
            "phone_number": "9920271641",
            "email": "admin2712@gmail.com",
            "address": "Mumbai",
            "pan_gstin": "",
            "item_name": "ring7",
            "jewellery_type": "ring7",
            "size_details": null,
            "sales_person_name": null,
            "subtotal": "28305.00",
            "gst_rate": "3.00",
            "gst_amount": "849.15",
            "total_amount": "29154.15",
            "amount_paid": "0.00",
            "balance_due": "29154.15",
            "status": "draft",
            "notes": "",
            "terms_and_conditions": "Payment due within 30 days. Late payments may incur additional charges.",
            "product_image": "",
            "created_by": [
                "niti@nsj.com"
            ],
            "updated_by": null,
            "created_at": "2026-02-12T13:09:04.428Z",
            "updated_at": "2026-02-12T13:09:04.428Z",
            "is_deleted": false
        }
    },
    {
        "model": "vouchers.invoicelineitem",
        "pk": "0f6876ab-b772-4324-bfcb-89a90790369c",
        "fields": {
            "invoice": "596be5cc-f036-47d0-b1fc-e78b236e0f6b",
            "particulars": "Gold",
            "description": "",
            "shape": "",
            "colour": "",
            "clarity": "",
            "quantity": 1,
            "weight": "22.000",
            "unit": "GM",
            "rate": "122.00",
            "amount": "2684.00",
            "order": 1,
            "created_at": "2026-02-12T15:07:58.362Z",
            "updated_at": "2026-02-12T15:07:58.362Z"
        }
    },
    {
        "model": "vouchers.invoicelineitem",
        "pk": "13eb1a1a-c4a9-4fa8-a984-45ac03439915",
        "fields": {
            "invoice": "c0f9e98a-cd8f-4a92-acab-288dc265fa0c",
            "particulars": "abc",
            "description": "",
            "shape": "",
            "colour": "",
            "clarity": "",
            "quantity": 2,
            "weight": "0.116",
            "unit": "",
            "rate": "1000000.00",
            "amount": "116000.00",
            "order": 1,
            "created_at": "2026-02-12T13:07:13.066Z",
            "updated_at": "2026-02-12T13:07:13.066Z"
        }
    },
    {
        "model": "vouchers.invoicelineitem",
        "pk": "1d8826fc-a7d1-40b8-91fd-6b3f4d52c742",
        "fields": {
            "invoice": "b708811d-1bdf-4fe1-b988-e3d2644fddfa",
            "particulars": "abc",
            "description": "",
            "shape": "",
            "colour": "",
            "clarity": "",
            "quantity": 2,
            "weight": "0.116",
            "unit": "",
            "rate": "1000000.00",
            "amount": "116000.00",
            "order": 1,
            "created_at": "2026-02-09T18:22:58.188Z",
            "updated_at": "2026-02-09T18:22:58.188Z"
        }
    },
    {
        "model": "vouchers.invoicelineitem",
        "pk": "3e1fbaaf-9059-4bed-acdb-083586d6bfc6",
        "fields": {
            "invoice": "7d8c9fee-516f-4a2d-9bdc-fc05bc1c5392",
            "particulars": "Craftsmanship Fee",
            "description": "",
            "shape": "",
            "colour": "",
            "clarity": "",
            "quantity": 1,
            "weight": "11.000",
            "unit": "",
            "rate": "11.00",
            "amount": "121.00",
            "order": 2,
            "created_at": "2026-02-13T09:52:28.552Z",
            "updated_at": "2026-02-13T09:52:28.552Z"
        }
    },
    {
        "model": "vouchers.invoicelineitem",
        "pk": "4bb3245d-a1cc-498a-ae92-459e584a5cc1",
        "fields": {
            "invoice": "b1e3481e-e472-46a3-bf4c-bd30d2f7326d",
            "particulars": "Craftsmanship Fee",
            "description": "",
            "shape": "",
            "colour": "",
            "clarity": "",
            "quantity": 2,
            "weight": "2.000",
            "unit": "",
            "rate": "22.00",
            "amount": "44.00",
            "order": 2,
            "created_at": "2026-02-12T15:09:56.783Z",
            "updated_at": "2026-02-12T15:09:56.783Z"
        }
    },
    {
        "model": "vouchers.invoicelineitem",
        "pk": "58986c72-6f13-473b-acbb-a925cdb56785",
        "fields": {
            "invoice": "6bae3def-3572-42a2-bdef-07b29352be57",
            "particulars": "Gold",
            "description": "",
            "shape": "",
            "colour": "",
            "clarity": "",
            "quantity": 1,
            "weight": "22.000",
            "unit": "GM",
            "rate": "122.00",
            "amount": "2684.00",
            "order": 1,
            "created_at": "2026-02-12T18:08:35.905Z",
            "updated_at": "2026-02-12T18:08:35.905Z"
        }
    },
    {
        "model": "vouchers.invoicelineitem",
        "pk": "6488b006-dd49-47fd-a574-f174c1bea285",
        "fields": {
            "invoice": "b1e3481e-e472-46a3-bf4c-bd30d2f7326d",
            "particulars": "Gold",
            "description": "",
            "shape": "",
            "colour": "",
            "clarity": "",
            "quantity": 1,
            "weight": "2.000",
            "unit": "GM",
            "rate": "11.00",
            "amount": "22.00",
            "order": 1,
            "created_at": "2026-02-12T15:09:56.777Z",
            "updated_at": "2026-02-12T15:09:56.777Z"
        }
    },
    {
        "model": "vouchers.invoicelineitem",
        "pk": "670203f6-5aa0-4d76-adb6-854ba5b2df53",
        "fields": {
            "invoice": "cca99c6c-4837-4580-b2b2-b55278c3ed49",
            "particulars": "Gold",
            "description": "",
            "shape": "",
            "colour": "",
            "clarity": "",
            "quantity": 1,
            "weight": "22.000",
            "unit": "GM",
            "rate": "122.00",
            "amount": "2684.00",
            "order": 1,
            "created_at": "2026-02-12T17:52:27.250Z",
            "updated_at": "2026-02-12T17:52:27.250Z"
        }
    },
    {
        "model": "vouchers.invoicelineitem",
        "pk": "83fbcab0-60ec-4222-9574-48fcd6306bea",
        "fields": {
            "invoice": "596be5cc-f036-47d0-b1fc-e78b236e0f6b",
            "particulars": "Craftsmanship Fee",
            "description": "",
            "shape": "",
            "colour": "",
            "clarity": "",
            "quantity": 1,
            "weight": "11.000",
            "unit": "",
            "rate": "11.00",
            "amount": "121.00",
            "order": 2,
            "created_at": "2026-02-12T15:07:58.371Z",
            "updated_at": "2026-02-12T15:07:58.371Z"
        }
    },
    {
        "model": "vouchers.invoicelineitem",
        "pk": "87e9e6e9-e8c7-4c4b-9950-412c47df8233",
        "fields": {
            "invoice": "7d8c9fee-516f-4a2d-9bdc-fc05bc1c5392",
            "particulars": "Gold",
            "description": "",
            "shape": "",
            "colour": "",
            "clarity": "",
            "quantity": 1,
            "weight": "22.000",
            "unit": "GM",
            "rate": "122.00",
            "amount": "2684.00",
            "order": 1,
            "created_at": "2026-02-13T09:52:28.541Z",
            "updated_at": "2026-02-13T09:52:28.541Z"
        }
    },
    {
        "model": "vouchers.invoicelineitem",
        "pk": "91fd0548-042d-4720-a2f0-c99de9838e28",
        "fields": {
            "invoice": "6bae3def-3572-42a2-bdef-07b29352be57",
            "particulars": "Craftsmanship Fee",
            "description": "",
            "shape": "",
            "colour": "",
            "clarity": "",
            "quantity": 1,
            "weight": "11.000",
            "unit": "",
            "rate": "11.00",
            "amount": "121.00",
            "order": 2,
            "created_at": "2026-02-12T18:08:35.910Z",
            "updated_at": "2026-02-12T18:08:35.910Z"
        }
    },
    {
        "model": "vouchers.invoicelineitem",
        "pk": "a7858398-1ae5-4e46-bcfd-ff7e7c4701ed",
        "fields": {
            "invoice": "42b4c274-4b1b-40ee-a9a6-aae0778c4a84",
            "particulars": "abc",
            "description": "",
            "shape": "",
            "colour": "",
            "clarity": "",
            "quantity": 2,
            "weight": "0.116",
            "unit": "",
            "rate": "1000000.00",
            "amount": "116000.00",
            "order": 1,
            "created_at": "2026-02-09T18:20:17.180Z",
            "updated_at": "2026-02-09T18:20:17.180Z"
        }
    },
    {
        "model": "vouchers.invoicelineitem",
        "pk": "b1e75773-a9dd-4a74-b3c5-7a694c4f810a",
        "fields": {
            "invoice": "f9ce117a-9894-4a98-baf8-62d6798a050c",
            "particulars": "Gold",
            "description": "",
            "shape": "",
            "colour": "",
            "clarity": "",
            "quantity": 1,
            "weight": "11.000",
            "unit": "GM",
            "rate": "333.00",
            "amount": "3663.00",
            "order": 1,
            "created_at": "2026-02-12T13:09:04.437Z",
            "updated_at": "2026-02-12T13:09:04.437Z"
        }
    },
    {
        "model": "vouchers.invoicelineitem",
        "pk": "dc3a7c5c-6be0-4fea-927e-1ff02ab17464",
        "fields": {
            "invoice": "f9ce117a-9894-4a98-baf8-62d6798a050c",
            "particulars": "Craftsmanship Fee",
            "description": "",
            "shape": "",
            "colour": "",
            "clarity": "",
            "quantity": 2,
            "weight": "222.000",
            "unit": "",
            "rate": "111.00",
            "amount": "24642.00",
            "order": 2,
            "created_at": "2026-02-12T13:09:04.443Z",
            "updated_at": "2026-02-12T13:09:04.443Z"
        }
    },
    {
        "model": "vouchers.invoicelineitem",
        "pk": "e4c8026a-b2a3-4133-9f66-d6573b8ca5bf",
        "fields": {
            "invoice": "bf8e2052-1587-4654-a7de-36574a3dc72b",
            "particulars": "Gold",
            "description": "",
            "shape": "",
            "colour": "",
            "clarity": "",
            "quantity": 2,
            "weight": "112.000",
            "unit": "GM",
            "rate": "112.00",
            "amount": "12544.00",
            "order": 1,
            "created_at": "2026-02-16T17:18:24.947Z",
            "updated_at": "2026-02-16T17:18:24.947Z"
        }
    },
    {
        "model": "vouchers.invoicelineitem",
        "pk": "f04b3bcf-29f3-4724-a4c2-0e07fdfac576",
        "fields": {
            "invoice": "bf8e2052-1587-4654-a7de-36574a3dc72b",
            "particulars": "Craftsmanship Fee",
            "description": "",
            "shape": "",
            "colour": "",
            "clarity": "",
            "quantity": 11,
            "weight": "332.000",
            "unit": "",
            "rate": "212.97",
            "amount": "70706.04",
            "order": 2,
            "created_at": "2026-02-16T17:18:24.952Z",
            "updated_at": "2026-02-16T17:18:24.952Z"
        }
    },
    {
        "model": "vouchers.invoicelineitem",
        "pk": "f42494a2-185d-457a-8eab-873c014ed663",
        "fields": {
            "invoice": "cca99c6c-4837-4580-b2b2-b55278c3ed49",
            "particulars": "Craftsmanship Fee",
            "description": "",
            "shape": "",
            "colour": "",
            "clarity": "",
            "quantity": 1,
            "weight": "11.000",
            "unit": "",
            "rate": "11.00",
            "amount": "121.00",
            "order": 2,
            "created_at": "2026-02-12T17:52:27.257Z",
            "updated_at": "2026-02-12T17:52:27.257Z"
        }
    },
    {
        "model": "vouchers.orderdraft",
        "pk": "45305bac-3a7f-4f83-9fd4-645dd9a08a39",
        "fields": {
            "source_sale": null,
            "sales_query_id": null,
            "company": "0d1fac01-4068-42b0-a8f6-f2c47375185d",
            "created_by": [
                "niti@nsj.com"
            ],
            "status": "confirmed",
            "receipt_voucher": "dacde5c8-ac38-4706-8652-63a3707c5b3c",
            "advance_amount": "0.00",
            "advance_notes": "",
            "order_data": {
                "account": "01cd52f4-e7b3-4038-8344-b7dede78fbf5",
                "account_id": "01cd52f4-e7b3-4038-8344-b7dede78fbf5",
                "item_name_fk_id": "67cfb098-7fc8-443a-9704-e8812c73527f",
                "item_name": "A D DIAMONDS",
                "order_type": "LOOSE_DIAMONDS",
                "date": "2026-02-16",
                "stamp": "18K",
                "gold_rate": 0,
                "size": "3.3",
                "number_of_pieces": 1,
                "gender": "Male",
                "location": "rose villa,park street,mumbai",
                "series": "DEFAULT",
                "advance_payment_received": "YES"
            },
            "created_at": "2026-02-16T17:30:27.738Z",
            "updated_at": "2026-02-16T17:41:22.132Z",
            "confirmed_at": "2026-02-16T17:41:22.132Z",
            "final_order": "1158d0ed-35cd-4aab-92ef-8e0595dd346f"
        }
    },
    {
        "model": "vouchers.orderdraft",
        "pk": "e7b1d41c-a53a-4c71-9abb-b58ff66af3eb",
        "fields": {
            "source_sale": null,
            "sales_query_id": null,
            "company": "0d1fac01-4068-42b0-a8f6-f2c47375185d",
            "created_by": [
                "niti@nsj.com"
            ],
            "status": "pending_confirmation",
            "receipt_voucher": "fbef0b71-549d-4eff-87ee-6cc484417ab2",
            "advance_amount": "0.00",
            "advance_notes": "",
            "order_data": {
                "account": "01cd52f4-e7b3-4038-8344-b7dede78fbf5",
                "account_id": "01cd52f4-e7b3-4038-8344-b7dede78fbf5",
                "item_name_fk_id": "dffe65f9-e73d-4e37-9c44-3f8fcecada4d",
                "item_name": "DIAMOND CHAIN",
                "order_type": "LOOSE_DIAMONDS",
                "date": "2026-02-16",
                "stamp": "24K",
                "gold_rate": 0,
                "size": "3.3",
                "number_of_pieces": 1,
                "gender": "Male",
                "location": "rose villa,park street,mumbai",
                "delivery_type": "Pickup",
                "series": "DEFAULT",
                "advance_payment_received": "YES"
            },
            "created_at": "2026-02-16T17:29:59.367Z",
            "updated_at": "2026-02-16T17:29:59.367Z",
            "confirmed_at": null,
            "final_order": null
        }
    },
    {
        "model": "vouchers.orderprocessstep",
        "pk": "031433d4-5fe7-4436-ae28-9c408ed1d01f",
        "fields": {
            "order_draft": null,
            "order": "1158d0ed-35cd-4aab-92ef-8e0595dd346f",
            "step_name": "Order Issue to Karigar",
            "description": "Issue order to karigar",
            "department": "Production",
            "position": 5,
            "status": "PENDING",
            "notes": "",
            "reference_id": null,
            "created_at": "2026-02-16T17:41:22.117Z",
            "updated_at": "2026-02-16T17:41:22.117Z",
            "completed_at": null
        }
    },
    {
        "model": "vouchers.orderprocessstep",
        "pk": "05640fff-2874-4278-ab65-403004b54667",
        "fields": {
            "order_draft": null,
            "order": "1158d0ed-35cd-4aab-92ef-8e0595dd346f",
            "step_name": "Ghat Trial Approval",
            "description": "Customer trial approval for ghat",
            "department": "Sales",
            "position": 15,
            "status": "PENDING",
            "notes": "",
            "reference_id": null,
            "created_at": "2026-02-16T17:41:22.120Z",
            "updated_at": "2026-02-16T17:41:22.120Z",
            "completed_at": null
        }
    },
    {
        "model": "vouchers.orderprocessstep",
        "pk": "06008de3-5e89-4eb0-94af-77743a818879",
        "fields": {
            "order_draft": null,
            "order": "1158d0ed-35cd-4aab-92ef-8e0595dd346f",
            "step_name": "Certification",
            "description": "Generate authenticity certificate",
            "department": "Compliance",
            "position": 26,
            "status": "PENDING",
            "notes": "",
            "reference_id": null,
            "created_at": "2026-02-16T17:41:22.124Z",
            "updated_at": "2026-02-16T17:41:22.124Z",
            "completed_at": null
        }
    },
    {
        "model": "vouchers.orderprocessstep",
        "pk": "0c7b7460-e1d9-43aa-b3b3-268ce1182b1e",
        "fields": {
            "order_draft": "45305bac-3a7f-4f83-9fd4-645dd9a08a39",
            "order": null,
            "step_name": "Raw Material Tally",
            "description": "Tally raw materials used",
            "department": "Inventory",
            "position": 23,
            "status": "PENDING",
            "notes": "",
            "reference_id": null,
            "created_at": "2026-02-16T17:41:22.030Z",
            "updated_at": "2026-02-16T17:41:22.030Z",
            "completed_at": null
        }
    },
    {
        "model": "vouchers.orderprocessstep",
        "pk": "1190fa92-35ed-4c03-9cb4-837e6c46c35c",
        "fields": {
            "order_draft": "45305bac-3a7f-4f83-9fd4-645dd9a08a39",
            "order": null,
            "step_name": "Certification",
            "description": "Generate authenticity certificate",
            "department": "Compliance",
            "position": 26,
            "status": "PENDING",
            "notes": "",
            "reference_id": null,
            "created_at": "2026-02-16T17:41:22.031Z",
            "updated_at": "2026-02-16T17:41:22.031Z",
            "completed_at": null
        }
    },
    {
        "model": "vouchers.orderprocessstep",
        "pk": "11e49859-b313-48b1-8b5f-513f36016a54",
        "fields": {
            "order_draft": "45305bac-3a7f-4f83-9fd4-645dd9a08a39",
            "order": null,
            "step_name": "Pre Rhodium QC",
            "description": "Quality check before rhodium",
            "department": "QC",
            "position": 20,
            "status": "PENDING",
            "notes": "",
            "reference_id": null,
            "created_at": "2026-02-16T17:41:22.029Z",
            "updated_at": "2026-02-16T17:41:22.029Z",
            "completed_at": null
        }
    },
    {
        "model": "vouchers.orderprocessstep",
        "pk": "1b56c403-3975-4dc6-a6aa-475dc8009e41",
        "fields": {
            "order_draft": null,
            "order": "1158d0ed-35cd-4aab-92ef-8e0595dd346f",
            "step_name": "Invoice",
            "description": "Generate invoice",
            "department": "Accounts",
            "position": 27,
            "status": "PENDING",
            "notes": "",
            "reference_id": null,
            "created_at": "2026-02-16T17:41:22.124Z",
            "updated_at": "2026-02-16T17:41:22.124Z",
            "completed_at": null
        }
    },
    {
        "model": "vouchers.orderprocessstep",
        "pk": "1cf6615c-0a69-49c5-a947-2a175e7d5053",
        "fields": {
            "order_draft": "45305bac-3a7f-4f83-9fd4-645dd9a08a39",
            "order": null,
            "step_name": "Photo/Video for Catalogue",
            "description": "Product photography and videography",
            "department": "Marketing",
            "position": 24,
            "status": "PENDING",
            "notes": "",
            "reference_id": null,
            "created_at": "2026-02-16T17:41:22.031Z",
            "updated_at": "2026-02-16T17:41:22.031Z",
            "completed_at": null
        }
    },
    {
        "model": "vouchers.orderprocessstep",
        "pk": "21205eb5-1ee2-4306-8d56-856859cb04b2",
        "fields": {
            "order_draft": "45305bac-3a7f-4f83-9fd4-645dd9a08a39",
            "order": null,
            "step_name": "Rhodium + Stamping",
            "description": "Rhodium plating and stamping",
            "department": "Production",
            "position": 21,
            "status": "PENDING",
            "notes": "",
            "reference_id": null,
            "created_at": "2026-02-16T17:41:22.030Z",
            "updated_at": "2026-02-16T17:41:22.030Z",
            "completed_at": null
        }
    },
    {
        "model": "vouchers.orderprocessstep",
        "pk": "2287d692-5fb6-4c94-908b-10ce1e67e9b3",
        "fields": {
            "order_draft": "45305bac-3a7f-4f83-9fd4-645dd9a08a39",
            "order": null,
            "step_name": "CAM Piece QC",
            "description": "Quality check for CAM piece",
            "department": "QC",
            "position": 9,
            "status": "PENDING",
            "notes": "",
            "reference_id": null,
            "created_at": "2026-02-16T17:41:22.024Z",
            "updated_at": "2026-02-16T17:41:22.024Z",
            "completed_at": null
        }
    },
    {
        "model": "vouchers.orderprocessstep",
        "pk": "22923006-aa01-485d-b90b-4bcb595a0028",
        "fields": {
            "order_draft": null,
            "order": "1158d0ed-35cd-4aab-92ef-8e0595dd346f",
            "step_name": "Delivery",
            "description": "Deliver to customer",
            "department": "Logistics",
            "position": 29,
            "status": "PENDING",
            "notes": "",
            "reference_id": null,
            "created_at": "2026-02-16T17:41:22.125Z",
            "updated_at": "2026-02-16T17:41:22.125Z",
            "completed_at": null
        }
    },
    {
        "model": "vouchers.orderprocessstep",
        "pk": "23377a0f-2e9d-453f-89e8-a1ea961532b5",
        "fields": {
            "order_draft": "45305bac-3a7f-4f83-9fd4-645dd9a08a39",
            "order": null,
            "step_name": "3D Design",
            "description": "Create 3D design model",
            "department": "Design",
            "position": 6,
            "status": "PENDING",
            "notes": "",
            "reference_id": null,
            "created_at": "2026-02-16T17:41:22.023Z",
            "updated_at": "2026-02-16T17:41:22.023Z",
            "completed_at": null
        }
    },
    {
        "model": "vouchers.orderprocessstep",
        "pk": "2985e118-d95b-4032-9fcd-5812a18e8e69",
        "fields": {
            "order_draft": "e7b1d41c-a53a-4c71-9abb-b58ff66af3eb",
            "order": null,
            "step_name": "Raw Material Tally",
            "description": "Tally raw materials used",
            "department": "Inventory",
            "position": 23,
            "status": "PENDING",
            "notes": "",
            "reference_id": null,
            "created_at": "2026-02-16T17:29:59.389Z",
            "updated_at": "2026-02-16T17:29:59.389Z",
            "completed_at": null
        }
    },
    {
        "model": "vouchers.orderprocessstep",
        "pk": "2fdc34c4-906c-4d8b-bf44-7aa093020a61",
        "fields": {
            "order_draft": null,
            "order": "1158d0ed-35cd-4aab-92ef-8e0595dd346f",
            "step_name": "2D Design Approval",
            "description": "Customer approves 2D design",
            "department": "Design",
            "position": 3,
            "status": "PENDING",
            "notes": "",
            "reference_id": null,
            "created_at": "2026-02-16T17:41:22.115Z",
            "updated_at": "2026-02-16T17:41:22.115Z",
            "completed_at": null
        }
    },
    {
        "model": "vouchers.orderprocessstep",
        "pk": "31d05099-4ead-4c5b-a68e-ad26efbd812a",
        "fields": {
            "order_draft": "e7b1d41c-a53a-4c71-9abb-b58ff66af3eb",
            "order": null,
            "step_name": "Delivery",
            "description": "Deliver to customer",
            "department": "Logistics",
            "position": 29,
            "status": "PENDING",
            "notes": "",
            "reference_id": null,
            "created_at": "2026-02-16T17:29:59.393Z",
            "updated_at": "2026-02-16T17:29:59.393Z",
            "completed_at": null
        }
    },
    {
        "model": "vouchers.orderprocessstep",
        "pk": "3394ede7-a8b3-41c5-b52a-df65ab44ed72",
        "fields": {
            "order_draft": "45305bac-3a7f-4f83-9fd4-645dd9a08a39",
            "order": null,
            "step_name": "Ghat Trial Approval",
            "description": "Customer trial approval for ghat",
            "department": "Sales",
            "position": 15,
            "status": "PENDING",
            "notes": "",
            "reference_id": null,
            "created_at": "2026-02-16T17:41:22.027Z",
            "updated_at": "2026-02-16T17:41:22.027Z",
            "completed_at": null
        }
    },
    {
        "model": "vouchers.orderprocessstep",
        "pk": "35f16635-9321-4552-9e7a-70fa82371ddc",
        "fields": {
            "order_draft": "45305bac-3a7f-4f83-9fd4-645dd9a08a39",
            "order": null,
            "step_name": "Gemstone Purchase/Issue",
            "description": "Gemstone procurement and issue",
            "department": "Purchase",
            "position": 18,
            "status": "PENDING",
            "notes": "",
            "reference_id": null,
            "created_at": "2026-02-16T17:41:22.028Z",
            "updated_at": "2026-02-16T17:41:22.028Z",
            "completed_at": null
        }
    },
    {
        "model": "vouchers.orderprocessstep",
        "pk": "3e258a8b-2916-47b4-a311-5a37cdf20063",
        "fields": {
            "order_draft": null,
            "order": "1158d0ed-35cd-4aab-92ef-8e0595dd346f",
            "step_name": "Raw Material Tally",
            "description": "Tally raw materials used",
            "department": "Inventory",
            "position": 23,
            "status": "PENDING",
            "notes": "",
            "reference_id": null,
            "created_at": "2026-02-16T17:41:22.123Z",
            "updated_at": "2026-02-16T17:41:22.123Z",
            "completed_at": null
        }
    },
    {
        "model": "vouchers.orderprocessstep",
        "pk": "40f77b08-829d-4664-b19a-58849bf2b51f",
        "fields": {
            "order_draft": "45305bac-3a7f-4f83-9fd4-645dd9a08a39",
            "order": null,
            "step_name": "3D Design Approval",
            "description": "Customer approves 3D design",
            "department": "Design",
            "position": 7,
            "status": "PENDING",
            "notes": "",
            "reference_id": null,
            "created_at": "2026-02-16T17:41:22.024Z",
            "updated_at": "2026-02-16T17:41:22.024Z",
            "completed_at": null
        }
    },
    {
        "model": "vouchers.orderprocessstep",
        "pk": "4d08515d-184b-4a3f-bed2-3a7a661816e2",
        "fields": {
            "order_draft": null,
            "order": "1158d0ed-35cd-4aab-92ef-8e0595dd346f",
            "step_name": "Diamond Purchase/Issue",
            "description": "Diamond procurement and issue",
            "department": "Purchase",
            "position": 17,
            "status": "PENDING",
            "notes": "",
            "reference_id": null,
            "created_at": "2026-02-16T17:41:22.121Z",
            "updated_at": "2026-02-16T17:41:22.121Z",
            "completed_at": null
        }
    },
    {
        "model": "vouchers.orderprocessstep",
        "pk": "4eafd380-bab4-4f19-a5ca-5c6266e1002f",
        "fields": {
            "order_draft": null,
            "order": "1158d0ed-35cd-4aab-92ef-8e0595dd346f",
            "step_name": "Item with Final Packing List In",
            "description": "Item with final packing list",
            "department": "Packing",
            "position": 22,
            "status": "PENDING",
            "notes": "",
            "reference_id": null,
            "created_at": "2026-02-16T17:41:22.123Z",
            "updated_at": "2026-02-16T17:41:22.123Z",
            "completed_at": null
        }
    },
    {
        "model": "vouchers.orderprocessstep",
        "pk": "4f7f99b0-f864-4c4f-9ed9-8199b41192a9",
        "fields": {
            "order_draft": "e7b1d41c-a53a-4c71-9abb-b58ff66af3eb",
            "order": null,
            "step_name": "Estimate Approval",
            "description": "Customer approves estimate",
            "department": "Sales",
            "position": 4,
            "status": "PENDING",
            "notes": "",
            "reference_id": null,
            "created_at": "2026-02-16T17:29:59.378Z",
            "updated_at": "2026-02-16T17:29:59.378Z",
            "completed_at": null
        }
    },
    {
        "model": "vouchers.orderprocessstep",
        "pk": "50b0debb-a969-4117-852c-5649da49fc22",
        "fields": {
            "order_draft": "e7b1d41c-a53a-4c71-9abb-b58ff66af3eb",
            "order": null,
            "step_name": "Rhodium + Stamping",
            "description": "Rhodium plating and stamping",
            "department": "Production",
            "position": 21,
            "status": "PENDING",
            "notes": "",
            "reference_id": null,
            "created_at": "2026-02-16T17:29:59.388Z",
            "updated_at": "2026-02-16T17:29:59.388Z",
            "completed_at": null
        }
    },
    {
        "model": "vouchers.orderprocessstep",
        "pk": "528f4f1b-165d-4409-b3ec-ae1d874a20b5",
        "fields": {
            "order_draft": "e7b1d41c-a53a-4c71-9abb-b58ff66af3eb",
            "order": null,
            "step_name": "Advance Received",
            "description": "Advance payment received from customer",
            "department": "Accounts",
            "position": 1,
            "status": "PENDING",
            "notes": "",
            "reference_id": null,
            "created_at": "2026-02-16T17:29:59.374Z",
            "updated_at": "2026-02-16T17:29:59.374Z",
            "completed_at": null
        }
    },
    {
        "model": "vouchers.orderprocessstep",
        "pk": "52f4801a-e26f-4d9a-9152-532b1414206d",
        "fields": {
            "order_draft": "e7b1d41c-a53a-4c71-9abb-b58ff66af3eb",
            "order": null,
            "step_name": "Diamond Purchase/Issue",
            "description": "Diamond procurement and issue",
            "department": "Purchase",
            "position": 17,
            "status": "PENDING",
            "notes": "",
            "reference_id": null,
            "created_at": "2026-02-16T17:29:59.386Z",
            "updated_at": "2026-02-16T17:29:59.386Z",
            "completed_at": null
        }
    },
    {
        "model": "vouchers.orderprocessstep",
        "pk": "533f6b52-6d7e-48c5-acd5-cf2aebf8dc6e",
        "fields": {
            "order_draft": "45305bac-3a7f-4f83-9fd4-645dd9a08a39",
            "order": null,
            "step_name": "Item with Final Packing List In",
            "description": "Item with final packing list",
            "department": "Packing",
            "position": 22,
            "status": "PENDING",
            "notes": "",
            "reference_id": null,
            "created_at": "2026-02-16T17:41:22.030Z",
            "updated_at": "2026-02-16T17:41:22.030Z",
            "completed_at": null
        }
    },
    {
        "model": "vouchers.orderprocessstep",
        "pk": "56d9e0de-6d17-4edf-92ac-db8177521e93",
        "fields": {
            "order_draft": "e7b1d41c-a53a-4c71-9abb-b58ff66af3eb",
            "order": null,
            "step_name": "3D Printing/CAM Piece",
            "description": "3D printing or CAM processing",
            "department": "Production",
            "position": 8,
            "status": "PENDING",
            "notes": "",
            "reference_id": null,
            "created_at": "2026-02-16T17:29:59.380Z",
            "updated_at": "2026-02-16T17:29:59.380Z",
            "completed_at": null
        }
    },
    {
        "model": "vouchers.orderprocessstep",
        "pk": "5bff01ed-9544-41e6-9c8b-4e13a9c09b1c",
        "fields": {
            "order_draft": "45305bac-3a7f-4f83-9fd4-645dd9a08a39",
            "order": null,
            "step_name": "Delivery",
            "description": "Deliver to customer",
            "department": "Logistics",
            "position": 29,
            "status": "PENDING",
            "notes": "",
            "reference_id": null,
            "created_at": "2026-02-16T17:41:22.032Z",
            "updated_at": "2026-02-16T17:41:22.032Z",
            "completed_at": null
        }
    },
    {
        "model": "vouchers.orderprocessstep",
        "pk": "5dd51672-041b-4e4d-b70b-e375b108f537",
        "fields": {
            "order_draft": "45305bac-3a7f-4f83-9fd4-645dd9a08a39",
            "order": null,
            "step_name": "Advance Received",
            "description": "Advance payment received from customer",
            "department": "Accounts",
            "position": 1,
            "status": "PENDING",
            "notes": "",
            "reference_id": null,
            "created_at": "2026-02-16T17:41:22.022Z",
            "updated_at": "2026-02-16T17:41:22.022Z",
            "completed_at": null
        }
    },
    {
        "model": "vouchers.orderprocessstep",
        "pk": "5e0b00be-57fc-40f1-95c9-70c4baf19c7b",
        "fields": {
            "order_draft": "e7b1d41c-a53a-4c71-9abb-b58ff66af3eb",
            "order": null,
            "step_name": "3D Design Approval",
            "description": "Customer approves 3D design",
            "department": "Design",
            "position": 7,
            "status": "PENDING",
            "notes": "",
            "reference_id": null,
            "created_at": "2026-02-16T17:29:59.380Z",
            "updated_at": "2026-02-16T17:29:59.380Z",
            "completed_at": null
        }
    },
    {
        "model": "vouchers.orderprocessstep",
        "pk": "603698ab-5315-4205-8d2a-dfe67b292817",
        "fields": {
            "order_draft": null,
            "order": "1158d0ed-35cd-4aab-92ef-8e0595dd346f",
            "step_name": "Tagging",
            "description": "Tag the jewelry item",
            "department": "Admin",
            "position": 25,
            "status": "PENDING",
            "notes": "",
            "reference_id": null,
            "created_at": "2026-02-16T17:41:22.124Z",
            "updated_at": "2026-02-16T17:41:22.124Z",
            "completed_at": null
        }
    },
    {
        "model": "vouchers.orderprocessstep",
        "pk": "634a63b8-a70e-46ea-b18a-a458656b7f55",
        "fields": {
            "order_draft": "e7b1d41c-a53a-4c71-9abb-b58ff66af3eb",
            "order": null,
            "step_name": "Ghat QC",
            "description": "Ghat quality check",
            "department": "QC",
            "position": 14,
            "status": "PENDING",
            "notes": "",
            "reference_id": null,
            "created_at": "2026-02-16T17:29:59.384Z",
            "updated_at": "2026-02-16T17:29:59.384Z",
            "completed_at": null
        }
    },
    {
        "model": "vouchers.orderprocessstep",
        "pk": "643ab93a-7b70-4b41-a61f-5aec486082c7",
        "fields": {
            "order_draft": "45305bac-3a7f-4f83-9fd4-645dd9a08a39",
            "order": null,
            "step_name": "Invoice",
            "description": "Generate invoice",
            "department": "Accounts",
            "position": 27,
            "status": "PENDING",
            "notes": "",
            "reference_id": null,
            "created_at": "2026-02-16T17:41:22.032Z",
            "updated_at": "2026-02-16T17:41:22.032Z",
            "completed_at": null
        }
    },
    {
        "model": "vouchers.orderprocessstep",
        "pk": "64998436-e8aa-4b96-9f0d-eba3c1e11a73",
        "fields": {
            "order_draft": null,
            "order": "1158d0ed-35cd-4aab-92ef-8e0595dd346f",
            "step_name": "Photo/Video for Catalogue",
            "description": "Product photography and videography",
            "department": "Marketing",
            "position": 24,
            "status": "PENDING",
            "notes": "",
            "reference_id": null,
            "created_at": "2026-02-16T17:41:22.123Z",
            "updated_at": "2026-02-16T17:41:22.123Z",
            "completed_at": null
        }
    },
    {
        "model": "vouchers.orderprocessstep",
        "pk": "6912220c-db73-497a-9429-972ae6022bed",
        "fields": {
            "order_draft": null,
            "order": "1158d0ed-35cd-4aab-92ef-8e0595dd346f",
            "step_name": "3D Printing/CAM Piece",
            "description": "3D printing or CAM processing",
            "department": "Production",
            "position": 8,
            "status": "PENDING",
            "notes": "",
            "reference_id": null,
            "created_at": "2026-02-16T17:41:22.118Z",
            "updated_at": "2026-02-16T17:41:22.118Z",
            "completed_at": null
        }
    },
    {
        "model": "vouchers.orderprocessstep",
        "pk": "6c986b82-a237-4561-bd0b-30378b64e398",
        "fields": {
            "order_draft": "e7b1d41c-a53a-4c71-9abb-b58ff66af3eb",
            "order": null,
            "step_name": "Order Issue to Karigar",
            "description": "Issue order to karigar",
            "department": "Production",
            "position": 5,
            "status": "PENDING",
            "notes": "",
            "reference_id": null,
            "created_at": "2026-02-16T17:29:59.379Z",
            "updated_at": "2026-02-16T17:29:59.379Z",
            "completed_at": null
        }
    },
    {
        "model": "vouchers.orderprocessstep",
        "pk": "6e1b7142-31b6-48c0-9b54-b792f6bf638c",
        "fields": {
            "order_draft": "e7b1d41c-a53a-4c71-9abb-b58ff66af3eb",
            "order": null,
            "step_name": "Bagging Ready",
            "description": "Item ready for bagging",
            "department": "Production",
            "position": 16,
            "status": "PENDING",
            "notes": "",
            "reference_id": null,
            "created_at": "2026-02-16T17:29:59.385Z",
            "updated_at": "2026-02-16T17:29:59.385Z",
            "completed_at": null
        }
    },
    {
        "model": "vouchers.orderprocessstep",
        "pk": "74c52f34-b7ac-4eed-a3a2-e1da9458df90",
        "fields": {
            "order_draft": "45305bac-3a7f-4f83-9fd4-645dd9a08a39",
            "order": null,
            "step_name": "Generate Order ID",
            "description": "Generate unique order ID",
            "department": "Admin",
            "position": 2,
            "status": "COMPLETED",
            "notes": "",
            "reference_id": null,
            "created_at": "2026-02-16T17:41:22.023Z",
            "updated_at": "2026-02-16T17:41:22.023Z",
            "completed_at": null
        }
    },
    {
        "model": "vouchers.orderprocessstep",
        "pk": "74f7e56a-3562-470e-967e-566cd90b3ca1",
        "fields": {
            "order_draft": "e7b1d41c-a53a-4c71-9abb-b58ff66af3eb",
            "order": null,
            "step_name": "CAM Piece QC",
            "description": "Quality check for CAM piece",
            "department": "QC",
            "position": 9,
            "status": "PENDING",
            "notes": "",
            "reference_id": null,
            "created_at": "2026-02-16T17:29:59.380Z",
            "updated_at": "2026-02-16T17:29:59.380Z",
            "completed_at": null
        }
    },
    {
        "model": "vouchers.orderprocessstep",
        "pk": "77470778-e237-4f61-b839-4820382659d2",
        "fields": {
            "order_draft": "e7b1d41c-a53a-4c71-9abb-b58ff66af3eb",
            "order": null,
            "step_name": "CAM Piece Trial Approval",
            "description": "Customer trial approval for CAM piece",
            "department": "Sales",
            "position": 10,
            "status": "PENDING",
            "notes": "",
            "reference_id": null,
            "created_at": "2026-02-16T17:29:59.382Z",
            "updated_at": "2026-02-16T17:29:59.382Z",
            "completed_at": null
        }
    },
    {
        "model": "vouchers.orderprocessstep",
        "pk": "7930ed5a-cb8d-4396-8f84-28990daf72d4",
        "fields": {
            "order_draft": "45305bac-3a7f-4f83-9fd4-645dd9a08a39",
            "order": null,
            "step_name": "Stone Demand to Bagging",
            "description": "Stone demand to bagging department",
            "department": "Purchase",
            "position": 11,
            "status": "PENDING",
            "notes": "",
            "reference_id": null,
            "created_at": "2026-02-16T17:41:22.026Z",
            "updated_at": "2026-02-16T17:41:22.026Z",
            "completed_at": null
        }
    },
    {
        "model": "vouchers.orderprocessstep",
        "pk": "79dc5cc4-21b7-4d57-975e-85f293027c9c",
        "fields": {
            "order_draft": "e7b1d41c-a53a-4c71-9abb-b58ff66af3eb",
            "order": null,
            "step_name": "Tagging",
            "description": "Tag the jewelry item",
            "department": "Admin",
            "position": 25,
            "status": "PENDING",
            "notes": "",
            "reference_id": null,
            "created_at": "2026-02-16T17:29:59.390Z",
            "updated_at": "2026-02-16T17:29:59.390Z",
            "completed_at": null
        }
    },
    {
        "model": "vouchers.orderprocessstep",
        "pk": "7dd30008-d01b-4c98-accb-b4b2da23c65b",
        "fields": {
            "order_draft": null,
            "order": "1158d0ed-35cd-4aab-92ef-8e0595dd346f",
            "step_name": "3D Design Approval",
            "description": "Customer approves 3D design",
            "department": "Design",
            "position": 7,
            "status": "PENDING",
            "notes": "",
            "reference_id": null,
            "created_at": "2026-02-16T17:41:22.118Z",
            "updated_at": "2026-02-16T17:41:22.118Z",
            "completed_at": null
        }
    },
    {
        "model": "vouchers.orderprocessstep",
        "pk": "82a430a6-2ff4-412b-b8c2-b6ee91caf1f3",
        "fields": {
            "order_draft": "e7b1d41c-a53a-4c71-9abb-b58ff66af3eb",
            "order": null,
            "step_name": "Certification",
            "description": "Generate authenticity certificate",
            "department": "Compliance",
            "position": 26,
            "status": "PENDING",
            "notes": "",
            "reference_id": null,
            "created_at": "2026-02-16T17:29:59.390Z",
            "updated_at": "2026-02-16T17:29:59.390Z",
            "completed_at": null
        }
    },
    {
        "model": "vouchers.orderprocessstep",
        "pk": "84369e06-7974-41c4-bb2b-f66f2e1f0d89",
        "fields": {
            "order_draft": "e7b1d41c-a53a-4c71-9abb-b58ff66af3eb",
            "order": null,
            "step_name": "2D Design Approval",
            "description": "Customer approves 2D design",
            "department": "Design",
            "position": 3,
            "status": "PENDING",
            "notes": "",
            "reference_id": null,
            "created_at": "2026-02-16T17:29:59.378Z",
            "updated_at": "2026-02-16T17:29:59.378Z",
            "completed_at": null
        }
    },
    {
        "model": "vouchers.orderprocessstep",
        "pk": "84e94245-3131-4b5d-9547-a2510bd6efe1",
        "fields": {
            "order_draft": "45305bac-3a7f-4f83-9fd4-645dd9a08a39",
            "order": null,
            "step_name": "Tagging",
            "description": "Tag the jewelry item",
            "department": "Admin",
            "position": 25,
            "status": "PENDING",
            "notes": "",
            "reference_id": null,
            "created_at": "2026-02-16T17:41:22.031Z",
            "updated_at": "2026-02-16T17:41:22.031Z",
            "completed_at": null
        }
    },
    {
        "model": "vouchers.orderprocessstep",
        "pk": "89195da6-7ef1-43c0-a362-c77c894d65e1",
        "fields": {
            "order_draft": "45305bac-3a7f-4f83-9fd4-645dd9a08a39",
            "order": null,
            "step_name": "Estimate Approval",
            "description": "Customer approves estimate",
            "department": "Sales",
            "position": 4,
            "status": "PENDING",
            "notes": "",
            "reference_id": null,
            "created_at": "2026-02-16T17:41:22.023Z",
            "updated_at": "2026-02-16T17:41:22.023Z",
            "completed_at": null
        }
    },
    {
        "model": "vouchers.orderprocessstep",
        "pk": "8aac4314-08d0-4b19-b7c1-db8560299363",
        "fields": {
            "order_draft": "45305bac-3a7f-4f83-9fd4-645dd9a08a39",
            "order": null,
            "step_name": "CAM Piece Trial Approval",
            "description": "Customer trial approval for CAM piece",
            "department": "Sales",
            "position": 10,
            "status": "PENDING",
            "notes": "",
            "reference_id": null,
            "created_at": "2026-02-16T17:41:22.024Z",
            "updated_at": "2026-02-16T17:41:22.024Z",
            "completed_at": null
        }
    },
    {
        "model": "vouchers.orderprocessstep",
        "pk": "8acce589-adf2-44e0-8979-73679fba2a68",
        "fields": {
            "order_draft": "45305bac-3a7f-4f83-9fd4-645dd9a08a39",
            "order": null,
            "step_name": "3D Printing/CAM Piece",
            "description": "3D printing or CAM processing",
            "department": "Production",
            "position": 8,
            "status": "PENDING",
            "notes": "",
            "reference_id": null,
            "created_at": "2026-02-16T17:41:22.024Z",
            "updated_at": "2026-02-16T17:41:22.024Z",
            "completed_at": null
        }
    },
    {
        "model": "vouchers.orderprocessstep",
        "pk": "8bc81dc3-8c90-4054-a539-90ec4a9d2486",
        "fields": {
            "order_draft": "e7b1d41c-a53a-4c71-9abb-b58ff66af3eb",
            "order": null,
            "step_name": "Casting",
            "description": "Metal casting process",
            "department": "Production",
            "position": 13,
            "status": "PENDING",
            "notes": "",
            "reference_id": null,
            "created_at": "2026-02-16T17:29:59.384Z",
            "updated_at": "2026-02-16T17:29:59.384Z",
            "completed_at": null
        }
    },
    {
        "model": "vouchers.orderprocessstep",
        "pk": "8fdfc951-2a9a-49b6-8b9c-280456f0f75e",
        "fields": {
            "order_draft": "45305bac-3a7f-4f83-9fd4-645dd9a08a39",
            "order": null,
            "step_name": "Metal Issue",
            "description": "Issue metal for production",
            "department": "Inventory",
            "position": 12,
            "status": "PENDING",
            "notes": "",
            "reference_id": null,
            "created_at": "2026-02-16T17:41:22.026Z",
            "updated_at": "2026-02-16T17:41:22.026Z",
            "completed_at": null
        }
    },
    {
        "model": "vouchers.orderprocessstep",
        "pk": "90c1f9ce-6699-4989-b0f6-78e6b4f58fd9",
        "fields": {
            "order_draft": null,
            "order": "1158d0ed-35cd-4aab-92ef-8e0595dd346f",
            "step_name": "Advance Received",
            "description": "Advance payment received from customer",
            "department": "Accounts",
            "position": 1,
            "status": "IN_PROGRESS",
            "notes": "",
            "reference_id": null,
            "created_at": "2026-02-16T17:41:22.114Z",
            "updated_at": "2026-02-16T17:41:22.128Z",
            "completed_at": null
        }
    },
    {
        "model": "vouchers.orderprocessstep",
        "pk": "93af5799-4357-4399-9226-d4d5a5f724b2",
        "fields": {
            "order_draft": "45305bac-3a7f-4f83-9fd4-645dd9a08a39",
            "order": null,
            "step_name": "Casting",
            "description": "Metal casting process",
            "department": "Production",
            "position": 13,
            "status": "PENDING",
            "notes": "",
            "reference_id": null,
            "created_at": "2026-02-16T17:41:22.026Z",
            "updated_at": "2026-02-16T17:41:22.026Z",
            "completed_at": null
        }
    },
    {
        "model": "vouchers.orderprocessstep",
        "pk": "9ecb4c8e-af23-4b4e-a971-601068613700",
        "fields": {
            "order_draft": null,
            "order": "1158d0ed-35cd-4aab-92ef-8e0595dd346f",
            "step_name": "3D Design",
            "description": "Create 3D design model",
            "department": "Design",
            "position": 6,
            "status": "PENDING",
            "notes": "",
            "reference_id": null,
            "created_at": "2026-02-16T17:41:22.117Z",
            "updated_at": "2026-02-16T17:41:22.117Z",
            "completed_at": null
        }
    },
    {
        "model": "vouchers.orderprocessstep",
        "pk": "9f1b0370-5fa8-4e14-9183-afa991aa51eb",
        "fields": {
            "order_draft": null,
            "order": "1158d0ed-35cd-4aab-92ef-8e0595dd346f",
            "step_name": "Generate Order ID",
            "description": "Generate unique order ID",
            "department": "Admin",
            "position": 2,
            "status": "COMPLETED",
            "notes": "",
            "reference_id": null,
            "created_at": "2026-02-16T17:41:22.115Z",
            "updated_at": "2026-02-16T17:41:22.115Z",
            "completed_at": null
        }
    },
    {
        "model": "vouchers.orderprocessstep",
        "pk": "a5ef8f23-e6ad-417c-bc2e-d503c71d97d7",
        "fields": {
            "order_draft": null,
            "order": "1158d0ed-35cd-4aab-92ef-8e0595dd346f",
            "step_name": "CAM Piece Trial Approval",
            "description": "Customer trial approval for CAM piece",
            "department": "Sales",
            "position": 10,
            "status": "PENDING",
            "notes": "",
            "reference_id": null,
            "created_at": "2026-02-16T17:41:22.118Z",
            "updated_at": "2026-02-16T17:41:22.118Z",
            "completed_at": null
        }
    },
    {
        "model": "vouchers.orderprocessstep",
        "pk": "a7c665f9-b0cf-4e54-a60b-2af8e32efb01",
        "fields": {
            "order_draft": null,
            "order": "1158d0ed-35cd-4aab-92ef-8e0595dd346f",
            "step_name": "Bagging Ready",
            "description": "Item ready for bagging",
            "department": "Production",
            "position": 16,
            "status": "COMPLETED",
            "notes": "",
            "reference_id": null,
            "created_at": "2026-02-16T17:41:22.121Z",
            "updated_at": "2026-02-16T17:41:40.798Z",
            "completed_at": "2026-02-16T17:41:40.798Z"
        }
    },
    {
        "model": "vouchers.orderprocessstep",
        "pk": "a82ec77d-f7cf-4326-8707-42fc55f36d73",
        "fields": {
            "order_draft": "45305bac-3a7f-4f83-9fd4-645dd9a08a39",
            "order": null,
            "step_name": "Ghat QC",
            "description": "Ghat quality check",
            "department": "QC",
            "position": 14,
            "status": "PENDING",
            "notes": "",
            "reference_id": null,
            "created_at": "2026-02-16T17:41:22.027Z",
            "updated_at": "2026-02-16T17:41:22.027Z",
            "completed_at": null
        }
    },
    {
        "model": "vouchers.orderprocessstep",
        "pk": "a917301a-f397-4f14-b0a7-87b24fbdc6e4",
        "fields": {
            "order_draft": "e7b1d41c-a53a-4c71-9abb-b58ff66af3eb",
            "order": null,
            "step_name": "Metal Issue",
            "description": "Issue metal for production",
            "department": "Inventory",
            "position": 12,
            "status": "PENDING",
            "notes": "",
            "reference_id": null,
            "created_at": "2026-02-16T17:29:59.383Z",
            "updated_at": "2026-02-16T17:29:59.383Z",
            "completed_at": null
        }
    },
    {
        "model": "vouchers.orderprocessstep",
        "pk": "aea3de5b-ba40-4a52-8c6e-e71e12250ecb",
        "fields": {
            "order_draft": "e7b1d41c-a53a-4c71-9abb-b58ff66af3eb",
            "order": null,
            "step_name": "Stone Demand to Bagging",
            "description": "Stone demand to bagging department",
            "department": "Purchase",
            "position": 11,
            "status": "PENDING",
            "notes": "",
            "reference_id": null,
            "created_at": "2026-02-16T17:29:59.382Z",
            "updated_at": "2026-02-16T17:29:59.383Z",
            "completed_at": null
        }
    },
    {
        "model": "vouchers.orderprocessstep",
        "pk": "aed6a912-66b4-4fed-8f6b-a72a27b6ea7e",
        "fields": {
            "order_draft": null,
            "order": "1158d0ed-35cd-4aab-92ef-8e0595dd346f",
            "step_name": "Casting",
            "description": "Metal casting process",
            "department": "Production",
            "position": 13,
            "status": "PENDING",
            "notes": "",
            "reference_id": null,
            "created_at": "2026-02-16T17:41:22.120Z",
            "updated_at": "2026-02-16T17:41:22.120Z",
            "completed_at": null
        }
    },
    {
        "model": "vouchers.orderprocessstep",
        "pk": "af459d1d-9c92-4c68-bafb-067d4c9d6e39",
        "fields": {
            "order_draft": "e7b1d41c-a53a-4c71-9abb-b58ff66af3eb",
            "order": null,
            "step_name": "Pre Rhodium QC",
            "description": "Quality check before rhodium",
            "department": "QC",
            "position": 20,
            "status": "PENDING",
            "notes": "",
            "reference_id": null,
            "created_at": "2026-02-16T17:29:59.387Z",
            "updated_at": "2026-02-16T17:29:59.387Z",
            "completed_at": null
        }
    },
    {
        "model": "vouchers.orderprocessstep",
        "pk": "b0dd549d-919a-4a62-a614-bd5e5ca423ce",
        "fields": {
            "order_draft": "45305bac-3a7f-4f83-9fd4-645dd9a08a39",
            "order": null,
            "step_name": "Diamond Purchase/Issue",
            "description": "Diamond procurement and issue",
            "department": "Purchase",
            "position": 17,
            "status": "PENDING",
            "notes": "",
            "reference_id": null,
            "created_at": "2026-02-16T17:41:22.028Z",
            "updated_at": "2026-02-16T17:41:22.028Z",
            "completed_at": null
        }
    },
    {
        "model": "vouchers.orderprocessstep",
        "pk": "b982ac84-f93d-4ef5-a522-25b9ed6a0fb2",
        "fields": {
            "order_draft": "e7b1d41c-a53a-4c71-9abb-b58ff66af3eb",
            "order": null,
            "step_name": "Stone Setting",
            "description": "Set stones in jewelry",
            "department": "Production",
            "position": 19,
            "status": "PENDING",
            "notes": "",
            "reference_id": null,
            "created_at": "2026-02-16T17:29:59.387Z",
            "updated_at": "2026-02-16T17:29:59.387Z",
            "completed_at": null
        }
    },
    {
        "model": "vouchers.orderprocessstep",
        "pk": "bc0fba5f-5f89-49e1-afd3-47da8d225e0f",
        "fields": {
            "order_draft": "e7b1d41c-a53a-4c71-9abb-b58ff66af3eb",
            "order": null,
            "step_name": "3D Design",
            "description": "Create 3D design model",
            "department": "Design",
            "position": 6,
            "status": "PENDING",
            "notes": "",
            "reference_id": null,
            "created_at": "2026-02-16T17:29:59.379Z",
            "updated_at": "2026-02-16T17:29:59.379Z",
            "completed_at": null
        }
    },
    {
        "model": "vouchers.orderprocessstep",
        "pk": "c15b6470-3af2-43a3-ae24-3f49c1b5280a",
        "fields": {
            "order_draft": "e7b1d41c-a53a-4c71-9abb-b58ff66af3eb",
            "order": null,
            "step_name": "Payment",
            "description": "Receive final payment",
            "department": "Accounts",
            "position": 28,
            "status": "PENDING",
            "notes": "",
            "reference_id": null,
            "created_at": "2026-02-16T17:29:59.392Z",
            "updated_at": "2026-02-16T17:29:59.392Z",
            "completed_at": null
        }
    },
    {
        "model": "vouchers.orderprocessstep",
        "pk": "c19d28e4-51f3-4122-8c16-8c92ac998cff",
        "fields": {
            "order_draft": null,
            "order": "1158d0ed-35cd-4aab-92ef-8e0595dd346f",
            "step_name": "Stone Setting",
            "description": "Set stones in jewelry",
            "department": "Production",
            "position": 19,
            "status": "PENDING",
            "notes": "",
            "reference_id": null,
            "created_at": "2026-02-16T17:41:22.122Z",
            "updated_at": "2026-02-16T17:41:22.122Z",
            "completed_at": null
        }
    },
    {
        "model": "vouchers.orderprocessstep",
        "pk": "c3f69022-7148-43d4-9563-dd54ebb0050f",
        "fields": {
            "order_draft": "e7b1d41c-a53a-4c71-9abb-b58ff66af3eb",
            "order": null,
            "step_name": "Ghat Trial Approval",
            "description": "Customer trial approval for ghat",
            "department": "Sales",
            "position": 15,
            "status": "PENDING",
            "notes": "",
            "reference_id": null,
            "created_at": "2026-02-16T17:29:59.385Z",
            "updated_at": "2026-02-16T17:29:59.385Z",
            "completed_at": null
        }
    },
    {
        "model": "vouchers.orderprocessstep",
        "pk": "c456cc12-c67e-48e2-90d4-8eb6ceacf64b",
        "fields": {
            "order_draft": "45305bac-3a7f-4f83-9fd4-645dd9a08a39",
            "order": null,
            "step_name": "Stone Setting",
            "description": "Set stones in jewelry",
            "department": "Production",
            "position": 19,
            "status": "PENDING",
            "notes": "",
            "reference_id": null,
            "created_at": "2026-02-16T17:41:22.029Z",
            "updated_at": "2026-02-16T17:41:22.029Z",
            "completed_at": null
        }
    },
    {
        "model": "vouchers.orderprocessstep",
        "pk": "ccf098e1-5c9c-4618-bcf7-c140276d5aa9",
        "fields": {
            "order_draft": "e7b1d41c-a53a-4c71-9abb-b58ff66af3eb",
            "order": null,
            "step_name": "Item with Final Packing List In",
            "description": "Item with final packing list",
            "department": "Packing",
            "position": 22,
            "status": "PENDING",
            "notes": "",
            "reference_id": null,
            "created_at": "2026-02-16T17:29:59.388Z",
            "updated_at": "2026-02-16T17:29:59.388Z",
            "completed_at": null
        }
    },
    {
        "model": "vouchers.orderprocessstep",
        "pk": "cd5dad1d-806a-4da6-a24c-20fbddc5d184",
        "fields": {
            "order_draft": null,
            "order": "1158d0ed-35cd-4aab-92ef-8e0595dd346f",
            "step_name": "Rhodium + Stamping",
            "description": "Rhodium plating and stamping",
            "department": "Production",
            "position": 21,
            "status": "PENDING",
            "notes": "",
            "reference_id": null,
            "created_at": "2026-02-16T17:41:22.122Z",
            "updated_at": "2026-02-16T17:41:22.123Z",
            "completed_at": null
        }
    },
    {
        "model": "vouchers.orderprocessstep",
        "pk": "d26734a3-256d-40ed-be0e-361b53cfc34f",
        "fields": {
            "order_draft": null,
            "order": "1158d0ed-35cd-4aab-92ef-8e0595dd346f",
            "step_name": "CAM Piece QC",
            "description": "Quality check for CAM piece",
            "department": "QC",
            "position": 9,
            "status": "PENDING",
            "notes": "",
            "reference_id": null,
            "created_at": "2026-02-16T17:41:22.118Z",
            "updated_at": "2026-02-16T17:41:22.118Z",
            "completed_at": null
        }
    },
    {
        "model": "vouchers.orderprocessstep",
        "pk": "d3aff0b8-e7eb-4f8d-a539-40caa6e32d8d",
        "fields": {
            "order_draft": "e7b1d41c-a53a-4c71-9abb-b58ff66af3eb",
            "order": null,
            "step_name": "Invoice",
            "description": "Generate invoice",
            "department": "Accounts",
            "position": 27,
            "status": "PENDING",
            "notes": "",
            "reference_id": null,
            "created_at": "2026-02-16T17:29:59.392Z",
            "updated_at": "2026-02-16T17:29:59.392Z",
            "completed_at": null
        }
    },
    {
        "model": "vouchers.orderprocessstep",
        "pk": "d4899dda-659e-4065-a3de-c0680a5b5e48",
        "fields": {
            "order_draft": null,
            "order": "1158d0ed-35cd-4aab-92ef-8e0595dd346f",
            "step_name": "Estimate Approval",
            "description": "Customer approves estimate",
            "department": "Sales",
            "position": 4,
            "status": "PENDING",
            "notes": "",
            "reference_id": null,
            "created_at": "2026-02-16T17:41:22.115Z",
            "updated_at": "2026-02-16T17:41:22.115Z",
            "completed_at": null
        }
    },
    {
        "model": "vouchers.orderprocessstep",
        "pk": "d4bd59de-31ed-46e9-b5d8-0ba138bd585a",
        "fields": {
            "order_draft": null,
            "order": "1158d0ed-35cd-4aab-92ef-8e0595dd346f",
            "step_name": "Gemstone Purchase/Issue",
            "description": "Gemstone procurement and issue",
            "department": "Purchase",
            "position": 18,
            "status": "PENDING",
            "notes": "",
            "reference_id": null,
            "created_at": "2026-02-16T17:41:22.121Z",
            "updated_at": "2026-02-16T17:41:22.122Z",
            "completed_at": null
        }
    },
    {
        "model": "vouchers.orderprocessstep",
        "pk": "d506f12a-7ae0-438b-9015-8cc703a7bb34",
        "fields": {
            "order_draft": null,
            "order": "1158d0ed-35cd-4aab-92ef-8e0595dd346f",
            "step_name": "Payment",
            "description": "Receive final payment",
            "department": "Accounts",
            "position": 28,
            "status": "PENDING",
            "notes": "",
            "reference_id": null,
            "created_at": "2026-02-16T17:41:22.125Z",
            "updated_at": "2026-02-16T17:41:22.125Z",
            "completed_at": null
        }
    },
    {
        "model": "vouchers.orderprocessstep",
        "pk": "d678bcfa-2cba-4c8f-a67d-c3a96552f6eb",
        "fields": {
            "order_draft": "45305bac-3a7f-4f83-9fd4-645dd9a08a39",
            "order": null,
            "step_name": "Payment",
            "description": "Receive final payment",
            "department": "Accounts",
            "position": 28,
            "status": "PENDING",
            "notes": "",
            "reference_id": null,
            "created_at": "2026-02-16T17:41:22.032Z",
            "updated_at": "2026-02-16T17:41:22.032Z",
            "completed_at": null
        }
    },
    {
        "model": "vouchers.orderprocessstep",
        "pk": "da98d244-3b77-47a4-8152-18b2a3bb1826",
        "fields": {
            "order_draft": "e7b1d41c-a53a-4c71-9abb-b58ff66af3eb",
            "order": null,
            "step_name": "Photo/Video for Catalogue",
            "description": "Product photography and videography",
            "department": "Marketing",
            "position": 24,
            "status": "PENDING",
            "notes": "",
            "reference_id": null,
            "created_at": "2026-02-16T17:29:59.389Z",
            "updated_at": "2026-02-16T17:29:59.389Z",
            "completed_at": null
        }
    },
    {
        "model": "vouchers.orderprocessstep",
        "pk": "db2995be-2cda-4b7b-b49c-5dcea400e747",
        "fields": {
            "order_draft": null,
            "order": "1158d0ed-35cd-4aab-92ef-8e0595dd346f",
            "step_name": "Stone Demand to Bagging",
            "description": "Stone demand to bagging department",
            "department": "Purchase",
            "position": 11,
            "status": "PENDING",
            "notes": "",
            "reference_id": null,
            "created_at": "2026-02-16T17:41:22.119Z",
            "updated_at": "2026-02-16T17:41:22.119Z",
            "completed_at": null
        }
    },
    {
        "model": "vouchers.orderprocessstep",
        "pk": "dbc51407-c8bd-46ff-879b-8c1dd4adb3e5",
        "fields": {
            "order_draft": "e7b1d41c-a53a-4c71-9abb-b58ff66af3eb",
            "order": null,
            "step_name": "Gemstone Purchase/Issue",
            "description": "Gemstone procurement and issue",
            "department": "Purchase",
            "position": 18,
            "status": "PENDING",
            "notes": "",
            "reference_id": null,
            "created_at": "2026-02-16T17:29:59.386Z",
            "updated_at": "2026-02-16T17:29:59.386Z",
            "completed_at": null
        }
    },
    {
        "model": "vouchers.orderprocessstep",
        "pk": "dd9f752a-905f-4464-b2bb-531260da5fb4",
        "fields": {
            "order_draft": "45305bac-3a7f-4f83-9fd4-645dd9a08a39",
            "order": null,
            "step_name": "Bagging Ready",
            "description": "Item ready for bagging",
            "department": "Production",
            "position": 16,
            "status": "PENDING",
            "notes": "",
            "reference_id": null,
            "created_at": "2026-02-16T17:41:22.027Z",
            "updated_at": "2026-02-16T17:41:22.027Z",
            "completed_at": null
        }
    },
    {
        "model": "vouchers.orderprocessstep",
        "pk": "deaeb185-8f22-4e70-83e8-227ec23d18a1",
        "fields": {
            "order_draft": "45305bac-3a7f-4f83-9fd4-645dd9a08a39",
            "order": null,
            "step_name": "2D Design Approval",
            "description": "Customer approves 2D design",
            "department": "Design",
            "position": 3,
            "status": "PENDING",
            "notes": "",
            "reference_id": null,
            "created_at": "2026-02-16T17:41:22.023Z",
            "updated_at": "2026-02-16T17:41:22.023Z",
            "completed_at": null
        }
    },
    {
        "model": "vouchers.orderprocessstep",
        "pk": "e1e4371d-6323-469f-af53-1e385c735229",
        "fields": {
            "order_draft": null,
            "order": "1158d0ed-35cd-4aab-92ef-8e0595dd346f",
            "step_name": "Ghat QC",
            "description": "Ghat quality check",
            "department": "QC",
            "position": 14,
            "status": "PENDING",
            "notes": "",
            "reference_id": null,
            "created_at": "2026-02-16T17:41:22.120Z",
            "updated_at": "2026-02-16T17:41:22.120Z",
            "completed_at": null
        }
    },
    {
        "model": "vouchers.orderprocessstep",
        "pk": "e8b8bb63-9281-4f94-add4-767c1fe268f9",
        "fields": {
            "order_draft": "e7b1d41c-a53a-4c71-9abb-b58ff66af3eb",
            "order": null,
            "step_name": "Generate Order ID",
            "description": "Generate unique order ID",
            "department": "Admin",
            "position": 2,
            "status": "PENDING",
            "notes": "",
            "reference_id": null,
            "created_at": "2026-02-16T17:29:59.377Z",
            "updated_at": "2026-02-16T17:29:59.377Z",
            "completed_at": null
        }
    },
    {
        "model": "vouchers.orderprocessstep",
        "pk": "f267e133-189c-4a9d-9ce1-86f0cb9dba6a",
        "fields": {
            "order_draft": "45305bac-3a7f-4f83-9fd4-645dd9a08a39",
            "order": null,
            "step_name": "Order Issue to Karigar",
            "description": "Issue order to karigar",
            "department": "Production",
            "position": 5,
            "status": "PENDING",
            "notes": "",
            "reference_id": null,
            "created_at": "2026-02-16T17:41:22.023Z",
            "updated_at": "2026-02-16T17:41:22.023Z",
            "completed_at": null
        }
    },
    {
        "model": "vouchers.orderprocessstep",
        "pk": "f3a7d8ca-d34a-4654-81ac-555ace7e5257",
        "fields": {
            "order_draft": null,
            "order": "1158d0ed-35cd-4aab-92ef-8e0595dd346f",
            "step_name": "Metal Issue",
            "description": "Issue metal for production",
            "department": "Inventory",
            "position": 12,
            "status": "PENDING",
            "notes": "",
            "reference_id": null,
            "created_at": "2026-02-16T17:41:22.119Z",
            "updated_at": "2026-02-16T17:41:22.119Z",
            "completed_at": null
        }
    },
    {
        "model": "vouchers.orderprocessstep",
        "pk": "fdc00d15-14c2-4ae0-bcc5-6eec76d05684",
        "fields": {
            "order_draft": null,
            "order": "1158d0ed-35cd-4aab-92ef-8e0595dd346f",
            "step_name": "Pre Rhodium QC",
            "description": "Quality check before rhodium",
            "department": "QC",
            "position": 20,
            "status": "PENDING",
            "notes": "",
            "reference_id": null,
            "created_at": "2026-02-16T17:41:22.122Z",
            "updated_at": "2026-02-16T17:41:22.122Z",
            "completed_at": null
        }
    },
    {
        "model": "vouchers.orderprocesslock",
        "pk": "2f64b1d4-27da-4045-b582-8d86f9569b9b",
        "fields": {
            "order": "1158d0ed-35cd-4aab-92ef-8e0595dd346f",
            "lock_level": "LOCKED_FOR_EDIT",
            "locked_at": "2026-02-16T17:41:22.130Z",
            "locked_by": [
                "niti@nsj.com"
            ],
            "courier_dispatched": false,
            "courier_dispatched_at": null
        }
    },
    {
        "model": "issues.query",
        "pk": "00ecd2bf-4f27-437e-9122-a75ba23811d4",
        "fields": {
            "account": "01cd52f4-e7b3-4038-8344-b7dede78fbf5",
            "subaccount": null,
            "item_name": null,
            "item_name_custom": "ring7",
            "gold_carat": "18K",
            "gender": "Woman",
            "size": "3.3",
            "location": "rose villa,park street,mumbai",
            "delivery_type": "Pickup",
            "query_in_date": "2025-12-24",
            "expiry_date": "2025-12-27",
            "reference_image": "query_references/download_1_3GAjxve.jpeg",
            "status": "converted_to_order",
            "created_by": [
                "admin27@gmail.com"
            ],
            "created_at": "2025-12-17T14:21:33.441Z",
            "updated_at": "2025-12-17T14:21:33.441Z"
        }
    },
    {
        "model": "issues.query",
        "pk": "0e3f211e-dd76-4f84-aacf-7b716d72ac90",
        "fields": {
            "account": "9f35ad7e-abb0-4a9e-b8d4-d4461f764343",
            "subaccount": null,
            "item_name": null,
            "item_name_custom": "ring9",
            "gold_carat": "24K",
            "gender": "Man",
            "size": "3.3",
            "location": "mumbai",
            "delivery_type": "Pickup",
            "query_in_date": "2025-12-10",
            "expiry_date": "2025-12-15",
            "reference_image": "query_references/download_1_qIDPrNz.jpeg",
            "status": "converted_to_order",
            "created_by": [
                "admin123@gmail.com"
            ],
            "created_at": "2025-12-10T06:13:56.972Z",
            "updated_at": "2025-12-10T06:13:56.972Z"
        }
    },
    {
        "model": "issues.query",
        "pk": "125611b5-3274-4fb8-999f-c9efc5b94256",
        "fields": {
            "account": "8153d7ce-64d1-43aa-87b4-629d4f9143da",
            "subaccount": null,
            "item_name": null,
            "item_name_custom": null,
            "gold_carat": "18K",
            "gender": "Woman",
            "size": "3.3",
            "location": "powai",
            "delivery_type": "Pickup",
            "query_in_date": "2025-12-08",
            "expiry_date": "2025-12-15",
            "reference_image": "query_references/download_1_dQEmVZI.jpeg",
            "status": "pending",
            "created_by": [
                "admin123@gmail.com"
            ],
            "created_at": "2025-12-08T16:17:43.647Z",
            "updated_at": "2025-12-08T16:17:43.647Z"
        }
    },
    {
        "model": "issues.query",
        "pk": "15e11fa5-34a8-489c-9941-2707ec32792d",
        "fields": {
            "account": "01cd52f4-e7b3-4038-8344-b7dede78fbf5",
            "subaccount": null,
            "item_name": null,
            "item_name_custom": "ring7",
            "gold_carat": "18K",
            "gender": "Man",
            "size": "3.3",
            "location": "rose villa,park street,mumbai",
            "delivery_type": "Home Delivery",
            "query_in_date": "2025-12-11",
            "expiry_date": "2025-12-14",
            "reference_image": "query_references/download_1_RdcV5ad.jpeg",
            "status": "converted_to_order",
            "created_by": [
                "admin123@gmail.com"
            ],
            "created_at": "2025-12-11T13:49:09.856Z",
            "updated_at": "2025-12-11T13:49:09.856Z"
        }
    },
    {
        "model": "issues.query",
        "pk": "18acc0b8-124d-4b70-a178-aac53333d40b",
        "fields": {
            "account": "00ca0ba8-657a-42eb-9e43-e6e5a4ba0733",
            "subaccount": null,
            "item_name": null,
            "item_name_custom": null,
            "gold_carat": "18K",
            "gender": "Woman",
            "size": "3.3",
            "location": "powai",
            "delivery_type": "Pickup",
            "query_in_date": "2025-12-08",
            "expiry_date": "2025-12-17",
            "reference_image": "query_references/download_1.jpeg",
            "status": "converted_to_order",
            "created_by": [
                "admin123@gmail.com"
            ],
            "created_at": "2025-12-08T15:49:12.279Z",
            "updated_at": "2025-12-08T15:49:12.279Z"
        }
    },
    {
        "model": "issues.query",
        "pk": "2c40d5c1-b5d2-4d53-9127-b823f4bcc0f8",
        "fields": {
            "account": "9f35ad7e-abb0-4a9e-b8d4-d4461f764343",
            "subaccount": null,
            "item_name": null,
            "item_name_custom": "ring11",
            "gold_carat": "24K",
            "gender": "Man",
            "size": "3.4",
            "location": "mumbai",
            "delivery_type": "Pickup",
            "query_in_date": "2025-12-10",
            "expiry_date": "2025-12-14",
            "reference_image": "query_references/download_1_PEgJxRE.jpeg",
            "status": "converted_to_order",
            "created_by": [
                "admin123@gmail.com"
            ],
            "created_at": "2025-12-10T05:30:15.597Z",
            "updated_at": "2025-12-10T05:30:15.597Z"
        }
    },
    {
        "model": "issues.query",
        "pk": "2cff8aa2-818f-4ba3-87b7-3f36feb31dc8",
        "fields": {
            "account": "9f35ad7e-abb0-4a9e-b8d4-d4461f764343",
            "subaccount": "temp",
            "item_name": null,
            "item_name_custom": "ring",
            "gold_carat": "18K",
            "gender": "Man",
            "size": "3.7",
            "location": "powai",
            "delivery_type": "Pickup",
            "query_in_date": "2025-12-09",
            "expiry_date": "2025-12-14",
            "reference_image": "query_references/download_1_rXnDNuv.jpeg",
            "status": "archived",
            "created_by": [
                "admin123@gmail.com"
            ],
            "created_at": "2025-12-09T18:00:17.928Z",
            "updated_at": "2025-12-09T18:00:17.929Z"
        }
    },
    {
        "model": "issues.query",
        "pk": "2fb47de0-4119-4394-ace8-497cad447921",
        "fields": {
            "account": "29adc30c-1668-449e-9be3-5239bc112e2f",
            "subaccount": null,
            "item_name": null,
            "item_name_custom": "ring9",
            "gold_carat": "24K",
            "gender": "Man",
            "size": "3.3",
            "location": "telecom staff quarters,powai",
            "delivery_type": "Home Delivery",
            "query_in_date": "2025-12-11",
            "expiry_date": "2025-12-15",
            "reference_image": "query_references/download_1_hTvOyzM.jpeg",
            "status": "archived",
            "created_by": [
                "admin123@gmail.com"
            ],
            "created_at": "2025-12-11T11:05:45.325Z",
            "updated_at": "2025-12-11T11:05:45.325Z"
        }
    },
    {
        "model": "issues.query",
        "pk": "34631aed-72d3-4936-9ca4-e585b1933c9e",
        "fields": {
            "account": "9f35ad7e-abb0-4a9e-b8d4-d4461f764343",
            "subaccount": "temp",
            "item_name": null,
            "item_name_custom": "ring1",
            "gold_carat": "18K",
            "gender": "Man",
            "size": "3.3",
            "location": "powai",
            "delivery_type": "Home Delivery",
            "query_in_date": "2025-12-09",
            "expiry_date": "2025-12-14",
            "reference_image": "query_references/download_1_n2tkMu6.jpeg",
            "status": "converted_to_order",
            "created_by": [
                "admin123@gmail.com"
            ],
            "created_at": "2025-12-09T17:49:39.168Z",
            "updated_at": "2025-12-09T17:49:39.168Z"
        }
    },
    {
        "model": "issues.query",
        "pk": "390e5d81-e982-4698-9dcd-e5cb56e76377",
        "fields": {
            "account": "9f35ad7e-abb0-4a9e-b8d4-d4461f764343",
            "subaccount": null,
            "item_name": null,
            "item_name_custom": "pendant",
            "gold_carat": "18K",
            "gender": "Woman",
            "size": "3.7",
            "location": "mumbai",
            "delivery_type": "Pickup",
            "query_in_date": "2025-12-09",
            "expiry_date": "2025-12-12",
            "reference_image": "query_references/download_1_1weEgZt.jpeg",
            "status": "archived",
            "created_by": [
                "admin123@gmail.com"
            ],
            "created_at": "2025-12-09T18:21:07.269Z",
            "updated_at": "2025-12-09T18:21:07.269Z"
        }
    },
    {
        "model": "issues.query",
        "pk": "431ace76-5ee5-4eda-8b45-9913e368cd06",
        "fields": {
            "account": "01cd52f4-e7b3-4038-8344-b7dede78fbf5",
            "subaccount": null,
            "item_name": null,
            "item_name_custom": "ring7",
            "gold_carat": "24K",
            "gender": "Man",
            "size": "3.3",
            "location": "rose villa,park street,mumbai",
            "delivery_type": "Pickup",
            "query_in_date": "2025-12-24",
            "expiry_date": "2025-12-31",
            "reference_image": "query_references/download_1_vLEUTnd.jpeg",
            "status": "converted_to_order",
            "created_by": [
                "niti@nsj.com"
            ],
            "created_at": "2025-12-24T09:32:25.527Z",
            "updated_at": "2025-12-24T09:32:25.527Z"
        }
    },
    {
        "model": "issues.query",
        "pk": "4695efa3-b6e4-4baa-9a8c-30c83477ce38",
        "fields": {
            "account": "29adc30c-1668-449e-9be3-5239bc112e2f",
            "subaccount": null,
            "item_name": null,
            "item_name_custom": "ring9",
            "gold_carat": "24K",
            "gender": "Man",
            "size": "3.3",
            "location": "telecom staff quarters,powai",
            "delivery_type": "Pickup",
            "query_in_date": "2025-12-11",
            "expiry_date": "2025-12-16",
            "reference_image": "query_references/download_1_MeFZf7Q.jpeg",
            "status": "archived",
            "created_by": [
                "admin123@gmail.com"
            ],
            "created_at": "2025-12-11T11:10:21.660Z",
            "updated_at": "2025-12-11T11:10:21.660Z"
        }
    },
    {
        "model": "issues.query",
        "pk": "4ae24bd3-1378-4e83-82f9-abd66b210fd0",
        "fields": {
            "account": "00ca0ba8-657a-42eb-9e43-e6e5a4ba0733",
            "subaccount": "temp",
            "item_name": null,
            "item_name_custom": "pendant",
            "gold_carat": "18K",
            "gender": "Woman",
            "size": "3.3",
            "location": "powai",
            "delivery_type": "Pickup",
            "query_in_date": "2025-12-09",
            "expiry_date": "2025-12-15",
            "reference_image": "query_references/download_1_q0NdYN6.jpeg",
            "status": "converted_to_order",
            "created_by": [
                "admin123@gmail.com"
            ],
            "created_at": "2025-12-09T12:41:05.530Z",
            "updated_at": "2025-12-09T12:41:05.530Z"
        }
    },
    {
        "model": "issues.query",
        "pk": "4b514525-2fcb-4979-a68a-e7d190725b16",
        "fields": {
            "account": "00ca0ba8-657a-42eb-9e43-e6e5a4ba0733",
            "subaccount": "temp",
            "item_name": null,
            "item_name_custom": "ring",
            "gold_carat": "18K",
            "gender": "Woman",
            "size": "3.3",
            "location": "mumbai",
            "delivery_type": "Pickup",
            "query_in_date": "2025-12-09",
            "expiry_date": "2025-12-14",
            "reference_image": "query_references/download_1_I2P5c4A.jpeg",
            "status": "converted_to_order",
            "created_by": [
                "admin123@gmail.com"
            ],
            "created_at": "2025-12-09T17:15:52.296Z",
            "updated_at": "2025-12-09T17:15:52.296Z"
        }
    },
    {
        "model": "issues.query",
        "pk": "54823b1d-708e-4e72-8676-e1198ecda5b6",
        "fields": {
            "account": "01cd52f4-e7b3-4038-8344-b7dede78fbf5",
            "subaccount": null,
            "item_name": "67cfb098-7fc8-443a-9704-e8812c73527f",
            "item_name_custom": null,
            "gold_carat": "18K",
            "gender": "Male",
            "size": "3.3",
            "location": "rose villa,park street,mumbai",
            "delivery_type": null,
            "query_in_date": "2026-02-03",
            "expiry_date": "2026-04-21",
            "reference_image": "query_references/Screenshot_2026-01-20_140337.png",
            "status": "converted_to_order",
            "created_by": [
                "niti@nsj.com"
            ],
            "created_at": "2026-02-03T17:47:32.718Z",
            "updated_at": "2026-02-03T17:47:32.718Z"
        }
    },
    {
        "model": "issues.query",
        "pk": "57e2061d-b370-40a5-9dad-924ccdb90874",
        "fields": {
            "account": "29adc30c-1668-449e-9be3-5239bc112e2f",
            "subaccount": null,
            "item_name": null,
            "item_name_custom": "ring9",
            "gold_carat": "24K",
            "gender": "Man",
            "size": "3.9",
            "location": "telecom staff quarters,powai",
            "delivery_type": "Pickup",
            "query_in_date": "2025-12-11",
            "expiry_date": "2025-12-14",
            "reference_image": "query_references/download_1_kX0jf9Z.jpeg",
            "status": "archived",
            "created_by": [
                "admin123@gmail.com"
            ],
            "created_at": "2025-12-11T11:14:31.625Z",
            "updated_at": "2025-12-11T11:14:31.625Z"
        }
    },
    {
        "model": "issues.query",
        "pk": "62061f7b-7cac-436e-a732-5b352440c8f4",
        "fields": {
            "account": "9f35ad7e-abb0-4a9e-b8d4-d4461f764343",
            "subaccount": null,
            "item_name": null,
            "item_name_custom": "ring5",
            "gold_carat": "24K",
            "gender": "Man",
            "size": "3.9",
            "location": "mumbai",
            "delivery_type": "Pickup",
            "query_in_date": "2025-12-10",
            "expiry_date": "2025-12-15",
            "reference_image": "query_references/download_1_GcyeDMN.jpeg",
            "status": "converted_to_order",
            "created_by": [
                "admin123@gmail.com"
            ],
            "created_at": "2025-12-10T05:37:34.659Z",
            "updated_at": "2025-12-10T05:37:34.659Z"
        }
    },
    {
        "model": "issues.query",
        "pk": "62fa0758-2d28-480f-aa66-df731315988f",
        "fields": {
            "account": "9f35ad7e-abb0-4a9e-b8d4-d4461f764343",
            "subaccount": null,
            "item_name": null,
            "item_name_custom": "ring21",
            "gold_carat": "24K",
            "gender": "Man",
            "size": "3.3",
            "location": "mumbai",
            "delivery_type": "Pickup",
            "query_in_date": "2025-12-10",
            "expiry_date": "2025-12-15",
            "reference_image": "query_references/download_1_NQZvajv.jpeg",
            "status": "converted_to_order",
            "created_by": [
                "admin123@gmail.com"
            ],
            "created_at": "2025-12-10T05:32:25.139Z",
            "updated_at": "2025-12-10T05:32:25.139Z"
        }
    },
    {
        "model": "issues.query",
        "pk": "71e55f74-75c0-4353-b0cf-a36d5d550f9b",
        "fields": {
            "account": "00ca0ba8-657a-42eb-9e43-e6e5a4ba0733",
            "subaccount": "temp",
            "item_name": null,
            "item_name_custom": "pendant",
            "gold_carat": "24K",
            "gender": "Woman",
            "size": "3.3",
            "location": "powai",
            "delivery_type": "Pickup",
            "query_in_date": "2025-12-09",
            "expiry_date": "2025-12-11",
            "reference_image": "",
            "status": "converted_to_order",
            "created_by": [
                "admin123@gmail.com"
            ],
            "created_at": "2025-12-09T15:42:35.926Z",
            "updated_at": "2025-12-09T15:42:35.926Z"
        }
    },
    {
        "model": "issues.query",
        "pk": "8e1378fa-a426-41d2-bd92-9d8b446463f1",
        "fields": {
            "account": "9f35ad7e-abb0-4a9e-b8d4-d4461f764343",
            "subaccount": null,
            "item_name": null,
            "item_name_custom": "ring9",
            "gold_carat": "18K",
            "gender": "Man",
            "size": "3.9",
            "location": "mumbai",
            "delivery_type": "Pickup",
            "query_in_date": "2025-12-10",
            "expiry_date": "2025-12-16",
            "reference_image": "query_references/download_1_2KKY8cO.jpeg",
            "status": "converted_to_order",
            "created_by": [
                "admin123@gmail.com"
            ],
            "created_at": "2025-12-10T05:15:35.486Z",
            "updated_at": "2025-12-10T05:15:35.486Z"
        }
    },
    {
        "model": "issues.query",
        "pk": "8e1d39d6-cfd2-42e1-a4fa-7c1756f94a50",
        "fields": {
            "account": "ea34cf39-48f9-4bb6-91fc-425b585c6fc6",
            "subaccount": null,
            "item_name": null,
            "item_name_custom": "ring7",
            "gold_carat": "24K",
            "gender": "Man",
            "size": "2",
            "location": "rose villa,park street",
            "delivery_type": "Pickup",
            "query_in_date": "2025-12-15",
            "expiry_date": "2025-12-18",
            "reference_image": "query_references/download_1_7sdj92p.jpeg",
            "status": "converted_to_order",
            "created_by": [
                "admin27@gmail.com"
            ],
            "created_at": "2025-12-15T07:23:16.431Z",
            "updated_at": "2025-12-15T07:23:16.431Z"
        }
    },
    {
        "model": "issues.query",
        "pk": "8edae5a3-b25c-4737-be28-f445f0a02b85",
        "fields": {
            "account": "9f35ad7e-abb0-4a9e-b8d4-d4461f764343",
            "subaccount": null,
            "item_name": null,
            "item_name_custom": "ring7",
            "gold_carat": "24K",
            "gender": "Man",
            "size": "3.9",
            "location": "mumbai",
            "delivery_type": "Pickup",
            "query_in_date": "2025-12-10",
            "expiry_date": "2025-12-15",
            "reference_image": "query_references/download_1_TM9HoWv.jpeg",
            "status": "converted_to_order",
            "created_by": [
                "admin123@gmail.com"
            ],
            "created_at": "2025-12-10T05:08:57.909Z",
            "updated_at": "2025-12-10T05:09:23.250Z"
        }
    },
    {
        "model": "issues.query",
        "pk": "92211ccf-cb20-456b-819e-4d379913e252",
        "fields": {
            "account": "9f35ad7e-abb0-4a9e-b8d4-d4461f764343",
            "subaccount": null,
            "item_name": null,
            "item_name_custom": "ring8",
            "gold_carat": "18K",
            "gender": "Man",
            "size": "3.3",
            "location": "mumbai",
            "delivery_type": "Pickup",
            "query_in_date": "2025-12-10",
            "expiry_date": "2025-12-16",
            "reference_image": "query_references/download_1_bg3LK1j.jpeg",
            "status": "converted_to_order",
            "created_by": [
                "admin123@gmail.com"
            ],
            "created_at": "2025-12-10T05:52:56.707Z",
            "updated_at": "2025-12-10T05:52:56.707Z"
        }
    },
    {
        "model": "issues.query",
        "pk": "9aa5da85-4927-4221-9b4e-89b3962ebff0",
        "fields": {
            "account": "00ca0ba8-657a-42eb-9e43-e6e5a4ba0733",
            "subaccount": "temp",
            "item_name": null,
            "item_name_custom": "pendant",
            "gold_carat": "24K",
            "gender": "Man",
            "size": "3.3",
            "location": "powai",
            "delivery_type": "Pickup",
            "query_in_date": "2025-12-09",
            "expiry_date": "2025-12-12",
            "reference_image": "",
            "status": "archived",
            "created_by": [
                "admin123@gmail.com"
            ],
            "created_at": "2025-12-09T15:39:24.219Z",
            "updated_at": "2025-12-09T15:39:24.219Z"
        }
    },
    {
        "model": "issues.query",
        "pk": "9b037040-cb10-4601-a887-1fb061573aeb",
        "fields": {
            "account": "00ca0ba8-657a-42eb-9e43-e6e5a4ba0733",
            "subaccount": "temp",
            "item_name": null,
            "item_name_custom": "pendant",
            "gold_carat": "18K",
            "gender": "Man",
            "size": "3.3",
            "location": "powai",
            "delivery_type": "Pickup",
            "query_in_date": "2025-12-09",
            "expiry_date": "2025-12-15",
            "reference_image": "query_references/download_1_YH5cG4R.jpeg",
            "status": "converted_to_order",
            "created_by": [
                "admin123@gmail.com"
            ],
            "created_at": "2025-12-09T16:27:07.797Z",
            "updated_at": "2025-12-09T16:27:07.797Z"
        }
    },
    {
        "model": "issues.query",
        "pk": "a5137018-cef9-455d-867e-49394da61643",
        "fields": {
            "account": "00ca0ba8-657a-42eb-9e43-e6e5a4ba0733",
            "subaccount": null,
            "item_name": null,
            "item_name_custom": "ring2",
            "gold_carat": "9K",
            "gender": "Woman",
            "size": "3.5",
            "location": "ads",
            "delivery_type": "Home Delivery",
            "query_in_date": "2025-12-10",
            "expiry_date": "2025-12-17",
            "reference_image": "query_references/download_1_EVEVVSb.jpeg",
            "status": "converted_to_order",
            "created_by": [
                "admin123@gmail.com"
            ],
            "created_at": "2025-12-10T05:17:06.233Z",
            "updated_at": "2025-12-10T05:17:06.233Z"
        }
    },
    {
        "model": "issues.query",
        "pk": "a67d1ab2-e5c4-46f8-b766-43a0c27476e6",
        "fields": {
            "account": "9f35ad7e-abb0-4a9e-b8d4-d4461f764343",
            "subaccount": null,
            "item_name": null,
            "item_name_custom": "ring6",
            "gold_carat": "18K",
            "gender": "Man",
            "size": "3.4",
            "location": "mumbai",
            "delivery_type": "Pickup",
            "query_in_date": "2025-12-10",
            "expiry_date": "2025-12-16",
            "reference_image": "query_references/download_1_XSW2Inw.jpeg",
            "status": "converted_to_order",
            "created_by": [
                "admin123@gmail.com"
            ],
            "created_at": "2025-12-10T05:28:10.662Z",
            "updated_at": "2025-12-10T05:28:10.662Z"
        }
    },
    {
        "model": "issues.query",
        "pk": "a74052fc-1e4e-402a-99f5-0b94d8aaa1ae",
        "fields": {
            "account": "00ca0ba8-657a-42eb-9e43-e6e5a4ba0733",
            "subaccount": null,
            "item_name": null,
            "item_name_custom": null,
            "gold_carat": "24K",
            "gender": "Woman",
            "size": "3.3",
            "location": "mumbai",
            "delivery_type": "In-Store",
            "query_in_date": "2025-12-16",
            "expiry_date": "2025-12-18",
            "reference_image": "query_references/download_1_flAq5Nb.jpeg",
            "status": "converted_to_order",
            "created_by": [
                "admin123@gmail.com"
            ],
            "created_at": "2025-12-09T10:37:33.976Z",
            "updated_at": "2025-12-09T10:40:35.138Z"
        }
    },
    {
        "model": "issues.query",
        "pk": "aa55a67d-8946-459d-9073-ef3411a6627e",
        "fields": {
            "account": "9f35ad7e-abb0-4a9e-b8d4-d4461f764343",
            "subaccount": null,
            "item_name": null,
            "item_name_custom": "ring9",
            "gold_carat": "24K",
            "gender": "Man",
            "size": "3.3",
            "location": "mumbai",
            "delivery_type": "Pickup",
            "query_in_date": "2025-12-10",
            "expiry_date": "2025-12-15",
            "reference_image": "query_references/download_1_EZdzHkW.jpeg",
            "status": "converted_to_order",
            "created_by": [
                "admin123@gmail.com"
            ],
            "created_at": "2025-12-10T06:09:54.819Z",
            "updated_at": "2025-12-10T06:09:54.819Z"
        }
    },
    {
        "model": "issues.query",
        "pk": "ad12a9f3-92cc-4f7a-b790-a07bc20bc20c",
        "fields": {
            "account": "9f35ad7e-abb0-4a9e-b8d4-d4461f764343",
            "subaccount": null,
            "item_name": null,
            "item_name_custom": "ring3",
            "gold_carat": "24K",
            "gender": "Man",
            "size": "3.9",
            "location": "mumbai",
            "delivery_type": "Pickup",
            "query_in_date": "2025-12-10",
            "expiry_date": "2025-12-15",
            "reference_image": "query_references/download_1_jr3pCnb.jpeg",
            "status": "converted_to_order",
            "created_by": [
                "admin123@gmail.com"
            ],
            "created_at": "2025-12-10T05:06:58.250Z",
            "updated_at": "2025-12-10T05:06:58.250Z"
        }
    },
    {
        "model": "issues.query",
        "pk": "b1834b58-1dee-4d2f-b81b-09cae3c1856f",
        "fields": {
            "account": "01cd52f4-e7b3-4038-8344-b7dede78fbf5",
            "subaccount": null,
            "item_name": null,
            "item_name_custom": "ring7",
            "gold_carat": "18K",
            "gender": "Man",
            "size": "2",
            "location": "rose villa,park street,mumbai",
            "delivery_type": "Pickup",
            "query_in_date": "2025-12-15",
            "expiry_date": "2025-12-18",
            "reference_image": "query_references/download_1_Gt6Fha1.jpeg",
            "status": "converted_to_order",
            "created_by": [
                "admin27@gmail.com"
            ],
            "created_at": "2025-12-15T07:33:43.095Z",
            "updated_at": "2025-12-15T07:33:43.095Z"
        }
    },
    {
        "model": "issues.query",
        "pk": "b4b1eac0-de30-4a4f-9534-bb4e235c7052",
        "fields": {
            "account": "01cd52f4-e7b3-4038-8344-b7dede78fbf5",
            "subaccount": null,
            "item_name": "dffe65f9-e73d-4e37-9c44-3f8fcecada4d",
            "item_name_custom": null,
            "gold_carat": "24K",
            "gender": "Male",
            "size": "3.3",
            "location": "rose villa,park street,mumbai",
            "delivery_type": "Pickup",
            "query_in_date": "2026-02-16",
            "expiry_date": "2026-02-19",
            "reference_image": "query_references/download_1_QyRh4gJ.jpeg",
            "status": "converted_to_order",
            "created_by": [
                "niti@nsj.com"
            ],
            "created_at": "2026-02-16T17:29:31.340Z",
            "updated_at": "2026-02-16T17:29:31.340Z"
        }
    },
    {
        "model": "issues.query",
        "pk": "bc4bd9c4-cba8-4424-9a47-84940398ea81",
        "fields": {
            "account": "29adc30c-1668-449e-9be3-5239bc112e2f",
            "subaccount": null,
            "item_name": null,
            "item_name_custom": "ring9",
            "gold_carat": "24K",
            "gender": "Woman",
            "size": "3.3",
            "location": "telecom staff quarters,powai",
            "delivery_type": "Pickup",
            "query_in_date": "2025-12-10",
            "expiry_date": "2025-12-15",
            "reference_image": "query_references/download_1_I8FKZcc.jpeg",
            "status": "converted_to_order",
            "created_by": [
                "admin123@gmail.com"
            ],
            "created_at": "2025-12-10T13:27:52.468Z",
            "updated_at": "2025-12-10T13:29:37.429Z"
        }
    },
    {
        "model": "issues.query",
        "pk": "bca7960b-9c49-4370-8897-069174d814b1",
        "fields": {
            "account": "ea34cf39-48f9-4bb6-91fc-425b585c6fc6",
            "subaccount": null,
            "item_name": null,
            "item_name_custom": "ring7",
            "gold_carat": "24K",
            "gender": "Man",
            "size": "3.7",
            "location": "rose villa,park street",
            "delivery_type": "Pickup",
            "query_in_date": "2025-12-15",
            "expiry_date": "2025-12-17",
            "reference_image": "query_references/download_1_lAuFX8g.jpeg",
            "status": "archived",
            "created_by": [
                "admin123@gmail.com"
            ],
            "created_at": "2025-12-15T11:51:06.678Z",
            "updated_at": "2025-12-15T11:51:06.678Z"
        }
    },
    {
        "model": "issues.query",
        "pk": "c6b2fc80-05fc-451e-8865-78bac2b204c8",
        "fields": {
            "account": "00ca0ba8-657a-42eb-9e43-e6e5a4ba0733",
            "subaccount": "temp",
            "item_name": null,
            "item_name_custom": "pendant",
            "gold_carat": "18K",
            "gender": "Woman",
            "size": "3.3",
            "location": "powai",
            "delivery_type": "Pickup",
            "query_in_date": "2025-12-09",
            "expiry_date": "2025-12-14",
            "reference_image": "",
            "status": "archived",
            "created_by": [
                "admin123@gmail.com"
            ],
            "created_at": "2025-12-09T15:04:09.795Z",
            "updated_at": "2025-12-09T15:04:09.795Z"
        }
    },
    {
        "model": "issues.query",
        "pk": "d3d2cab5-8673-4df3-bd3a-09f98391223f",
        "fields": {
            "account": "01cd52f4-e7b3-4038-8344-b7dede78fbf5",
            "subaccount": null,
            "item_name": null,
            "item_name_custom": "ring7",
            "gold_carat": "24K",
            "gender": "Man",
            "size": "3.3",
            "location": "rose villa,park street,mumbai",
            "delivery_type": "Home Delivery",
            "query_in_date": "2025-12-24",
            "expiry_date": "2026-01-05",
            "reference_image": "query_references/download_1_QyJXh9W.jpeg",
            "status": "converted_to_order",
            "created_by": [
                "niti@nsj.com"
            ],
            "created_at": "2025-12-24T10:10:46.180Z",
            "updated_at": "2025-12-24T10:10:46.180Z"
        }
    },
    {
        "model": "issues.query",
        "pk": "d896cf1f-310d-4269-82da-7166f4e25734",
        "fields": {
            "account": "8153d7ce-64d1-43aa-87b4-629d4f9143da",
            "subaccount": null,
            "item_name": null,
            "item_name_custom": null,
            "gold_carat": "24K",
            "gender": "Woman",
            "size": "3.7",
            "location": "powai",
            "delivery_type": "Pickup",
            "query_in_date": "2025-12-09",
            "expiry_date": "2025-12-15",
            "reference_image": "query_references/download_1_wxoMWE2.jpeg",
            "status": "archived",
            "created_by": [
                "admin123@gmail.com"
            ],
            "created_at": "2025-12-09T10:29:04.207Z",
            "updated_at": "2025-12-09T10:29:04.207Z"
        }
    },
    {
        "model": "issues.query",
        "pk": "e6d735d6-076d-4e39-81ba-23c32d87fd19",
        "fields": {
            "account": "00ca0ba8-657a-42eb-9e43-e6e5a4ba0733",
            "subaccount": null,
            "item_name": null,
            "item_name_custom": null,
            "gold_carat": "14K",
            "gender": "Woman",
            "size": "3.3",
            "location": "powai",
            "delivery_type": "Pickup",
            "query_in_date": "2025-12-08",
            "expiry_date": "2025-12-15",
            "reference_image": "query_references/download_1_iHIv9js.jpeg",
            "status": "archived",
            "created_by": [
                "admin123@gmail.com"
            ],
            "created_at": "2025-12-08T16:09:48.567Z",
            "updated_at": "2025-12-08T16:09:48.567Z"
        }
    },
    {
        "model": "issues.query",
        "pk": "efe5c036-fe00-43d1-9163-811d08eeb340",
        "fields": {
            "account": "9f35ad7e-abb0-4a9e-b8d4-d4461f764343",
            "subaccount": null,
            "item_name": null,
            "item_name_custom": "ring",
            "gold_carat": "18K",
            "gender": "Woman",
            "size": "3.3",
            "location": "mumbai",
            "delivery_type": "Pickup",
            "query_in_date": "2025-12-10",
            "expiry_date": "2025-12-11",
            "reference_image": "query_references/download_1_WMwmtwD.jpeg",
            "status": "converted_to_order",
            "created_by": [
                "admin123@gmail.com"
            ],
            "created_at": "2025-12-10T05:00:33.052Z",
            "updated_at": "2025-12-10T05:00:33.052Z"
        }
    },
    {
        "model": "issues.query",
        "pk": "f99fee4e-2eac-44ab-9c38-dd4f0a0ad5b7",
        "fields": {
            "account": "00ca0ba8-657a-42eb-9e43-e6e5a4ba0733",
            "subaccount": "temp",
            "item_name": null,
            "item_name_custom": "pendant",
            "gold_carat": "24K",
            "gender": "Woman",
            "size": "3.3",
            "location": "powai",
            "delivery_type": "Pickup",
            "query_in_date": "2025-12-09",
            "expiry_date": "2025-12-14",
            "reference_image": "",
            "status": "converted_to_order",
            "created_by": [
                "admin123@gmail.com"
            ],
            "created_at": "2025-12-09T15:50:12.152Z",
            "updated_at": "2025-12-09T15:50:12.152Z"
        }
    },
    {
        "model": "issues.orderissue",
        "pk": "023dc761-8c5f-4abf-bc88-a0d9a30244c6",
        "fields": {
            "order": "4a21e2ab-3f53-47ac-8496-d517fcf3a58b",
            "account": "29adc30c-1668-449e-9be3-5239bc112e2f",
            "item_name": null,
            "metal": "24K",
            "total_size": "3.3",
            "base_metal_colour": "yellow gold",
            "rhodium_instructions": null,
            "prong_style": "bezel",
            "locking_system": "box clasp",
            "final_finish": "high polish",
            "additional_notes": null,
            "order_ref": null,
            "status": "pending",
            "description": null,
            "created_by": [
                "admin123@gmail.com"
            ],
            "created_at": "2025-12-10T13:36:31.791Z",
            "updated_at": "2025-12-10T13:36:31.791Z"
        }
    },
    {
        "model": "issues.orderissue",
        "pk": "11217b3f-a404-4716-b598-8792e9a23d40",
        "fields": {
            "order": "df963200-a1b3-4baf-bd68-e1293939b7db",
            "account": "9f35ad7e-abb0-4a9e-b8d4-d4461f764343",
            "item_name": null,
            "metal": "22",
            "total_size": "3.3",
            "base_metal_colour": "jh",
            "rhodium_instructions": null,
            "prong_style": "a",
            "locking_system": "b",
            "final_finish": "kj",
            "additional_notes": null,
            "order_ref": null,
            "status": "pending",
            "description": null,
            "created_by": [
                "admin123@gmail.com"
            ],
            "created_at": "2025-12-10T04:32:36.917Z",
            "updated_at": "2025-12-10T04:32:36.917Z"
        }
    },
    {
        "model": "issues.orderissue",
        "pk": "192c274e-1c45-4ce5-9bb1-d086dbee6f5d",
        "fields": {
            "order": "df963200-a1b3-4baf-bd68-e1293939b7db",
            "account": "9f35ad7e-abb0-4a9e-b8d4-d4461f764343",
            "item_name": null,
            "metal": "18K",
            "total_size": "3.3",
            "base_metal_colour": "yellow gold",
            "rhodium_instructions": null,
            "prong_style": null,
            "locking_system": null,
            "final_finish": "high polish",
            "additional_notes": null,
            "order_ref": null,
            "status": "pending",
            "description": null,
            "created_by": [
                "admin123@gmail.com"
            ],
            "created_at": "2025-12-10T04:50:59.511Z",
            "updated_at": "2025-12-10T04:50:59.511Z"
        }
    },
    {
        "model": "issues.orderissue",
        "pk": "3bb01253-33f2-405c-80b3-38c6c2abfbda",
        "fields": {
            "order": "5f13ade0-675f-4ad9-b207-685f22678820",
            "account": "9f35ad7e-abb0-4a9e-b8d4-d4461f764343",
            "item_name": null,
            "metal": "24K",
            "total_size": "3.3",
            "base_metal_colour": "yellow gold",
            "rhodium_instructions": null,
            "prong_style": "bezel",
            "locking_system": "box clasp",
            "final_finish": "high polish",
            "additional_notes": null,
            "order_ref": null,
            "status": "pending",
            "description": null,
            "created_by": [
                "admin123@gmail.com"
            ],
            "created_at": "2025-12-10T06:15:16.207Z",
            "updated_at": "2025-12-10T06:15:16.207Z"
        }
    },
    {
        "model": "issues.orderissue",
        "pk": "468472f3-1d88-4b49-9274-821ea068b5a6",
        "fields": {
            "order": "1df85f35-9668-43fd-b9e8-a4696bd86b5a",
            "account": "01cd52f4-e7b3-4038-8344-b7dede78fbf5",
            "item_name": null,
            "metal": "24K",
            "total_size": "3.3",
            "base_metal_colour": "white gold",
            "rhodium_instructions": null,
            "prong_style": "bezel",
            "locking_system": "box clasp",
            "final_finish": "matte",
            "additional_notes": null,
            "order_ref": null,
            "status": "pending",
            "description": null,
            "created_by": [
                "niti@nsj.com"
            ],
            "created_at": "2025-12-24T10:11:48.180Z",
            "updated_at": "2025-12-24T10:11:48.180Z"
        }
    },
    {
        "model": "issues.orderissue",
        "pk": "503acb89-8def-4dbc-80d3-b12156d54c0f",
        "fields": {
            "order": "1bd20548-306e-4bcb-998f-d49995fdb1ae",
            "account": "01cd52f4-e7b3-4038-8344-b7dede78fbf5",
            "item_name": null,
            "metal": "24K",
            "total_size": "3.3",
            "base_metal_colour": "white gold",
            "rhodium_instructions": null,
            "prong_style": "bezel",
            "locking_system": "box clasp",
            "final_finish": "matte",
            "additional_notes": null,
            "order_ref": null,
            "status": "pending",
            "description": null,
            "created_by": [
                "niti@nsj.com"
            ],
            "created_at": "2025-12-24T09:35:23.629Z",
            "updated_at": "2025-12-24T09:35:23.629Z"
        }
    },
    {
        "model": "issues.orderissue",
        "pk": "6c26bdf5-6a48-4a19-9dc5-fd8b25dfb653",
        "fields": {
            "order": "8c05c6ce-f5c4-4c8c-bf81-74df20b54e9f",
            "account": "ea34cf39-48f9-4bb6-91fc-425b585c6fc6",
            "item_name": null,
            "metal": "24K",
            "total_size": "2",
            "base_metal_colour": "white gold",
            "rhodium_instructions": null,
            "prong_style": "bezel",
            "locking_system": "box clasp",
            "final_finish": "matte",
            "additional_notes": null,
            "order_ref": null,
            "status": "pending",
            "description": null,
            "created_by": [
                "admin27@gmail.com"
            ],
            "created_at": "2025-12-15T07:31:39.657Z",
            "updated_at": "2025-12-15T07:31:39.657Z"
        }
    },
    {
        "model": "issues.orderissue",
        "pk": "6fe66378-c32e-42ee-a80a-855881e495e9",
        "fields": {
            "order": "85c9bf49-9539-4e9f-825d-386668ae1657",
            "account": "9f35ad7e-abb0-4a9e-b8d4-d4461f764343",
            "item_name": null,
            "metal": "24K",
            "total_size": "3.9",
            "base_metal_colour": "yellow gold",
            "rhodium_instructions": null,
            "prong_style": null,
            "locking_system": null,
            "final_finish": "high polish",
            "additional_notes": null,
            "order_ref": null,
            "status": "pending",
            "description": null,
            "created_by": [
                "admin123@gmail.com"
            ],
            "created_at": "2025-12-10T05:38:25.184Z",
            "updated_at": "2025-12-10T05:38:25.184Z"
        }
    },
    {
        "model": "issues.orderissue",
        "pk": "8302b7c4-bc98-4a70-a5a3-082cc115a03b",
        "fields": {
            "order": "df963200-a1b3-4baf-bd68-e1293939b7db",
            "account": "9f35ad7e-abb0-4a9e-b8d4-d4461f764343",
            "item_name": null,
            "metal": "22",
            "total_size": "3.3",
            "base_metal_colour": "jh",
            "rhodium_instructions": null,
            "prong_style": "a",
            "locking_system": "b",
            "final_finish": "kj",
            "additional_notes": null,
            "order_ref": null,
            "status": "pending",
            "description": null,
            "created_by": [
                "admin123@gmail.com"
            ],
            "created_at": "2025-12-10T04:35:19.378Z",
            "updated_at": "2025-12-10T04:35:19.378Z"
        }
    },
    {
        "model": "issues.orderissue",
        "pk": "94349c45-971c-42ec-b9a7-ca00921f73b4",
        "fields": {
            "order": "72d068ba-6d18-4133-823e-c1048f440bab",
            "account": "01cd52f4-e7b3-4038-8344-b7dede78fbf5",
            "item_name": null,
            "metal": "18K",
            "total_size": "3.3",
            "base_metal_colour": "yellow gold",
            "rhodium_instructions": null,
            "prong_style": "bezel",
            "locking_system": "box clasp",
            "final_finish": "high polish",
            "additional_notes": null,
            "order_ref": null,
            "status": "pending",
            "description": null,
            "created_by": [
                "admin123@gmail.com"
            ],
            "created_at": "2025-12-11T14:19:30.595Z",
            "updated_at": "2025-12-11T14:19:30.595Z"
        }
    },
    {
        "model": "issues.orderissue",
        "pk": "a3cf04e8-b94e-4e7a-be6d-185846214919",
        "fields": {
            "order": "df963200-a1b3-4baf-bd68-e1293939b7db",
            "account": "9f35ad7e-abb0-4a9e-b8d4-d4461f764343",
            "item_name": null,
            "metal": "22",
            "total_size": "3.3",
            "base_metal_colour": "jh",
            "rhodium_instructions": null,
            "prong_style": null,
            "locking_system": null,
            "final_finish": "kj",
            "additional_notes": null,
            "order_ref": null,
            "status": "pending",
            "description": null,
            "created_by": [
                "admin123@gmail.com"
            ],
            "created_at": "2025-12-10T04:19:58.320Z",
            "updated_at": "2025-12-10T04:19:58.320Z"
        }
    },
    {
        "model": "issues.orderissue",
        "pk": "be683cbe-6d82-43da-9192-ddf8abbe014a",
        "fields": {
            "order": "df963200-a1b3-4baf-bd68-e1293939b7db",
            "account": "9f35ad7e-abb0-4a9e-b8d4-d4461f764343",
            "item_name": null,
            "metal": "22",
            "total_size": "3.3",
            "base_metal_colour": "jh",
            "rhodium_instructions": null,
            "prong_style": "a",
            "locking_system": "b",
            "final_finish": "kj",
            "additional_notes": null,
            "order_ref": null,
            "status": "pending",
            "description": null,
            "created_by": [
                "admin123@gmail.com"
            ],
            "created_at": "2025-12-10T04:32:51.541Z",
            "updated_at": "2025-12-10T04:32:51.541Z"
        }
    },
    {
        "model": "issues.orderissue",
        "pk": "f0f2f356-aa2b-4910-908b-550e95c60ed1",
        "fields": {
            "order": "df963200-a1b3-4baf-bd68-e1293939b7db",
            "account": "9f35ad7e-abb0-4a9e-b8d4-d4461f764343",
            "item_name": null,
            "metal": "22",
            "total_size": "3.3",
            "base_metal_colour": "jh",
            "rhodium_instructions": null,
            "prong_style": "a",
            "locking_system": "b",
            "final_finish": "kj",
            "additional_notes": null,
            "order_ref": null,
            "status": "pending",
            "description": null,
            "created_by": [
                "admin123@gmail.com"
            ],
            "created_at": "2025-12-10T04:32:43.509Z",
            "updated_at": "2025-12-10T04:32:43.509Z"
        }
    },
    {
        "model": "tasks.task",
        "pk": "05b6dedc-f87a-4090-ac7b-ad341020f6f5",
        "fields": {
            "company": "0d1fac01-4068-42b0-a8f6-f2c47375185d",
            "title": "New Order Alert - ring7",
            "description": "Query converted to order.\n\nCustomer: aryan33\nItem: ring7\nGold Carat: 24K\nSize: 3.3\n\nPlease review and prepare for production.",
            "deadline": "2025-12-25",
            "urgency": "HIGH",
            "output_medium": "Production preparation",
            "department": "PRODUCTION",
            "sub_department": "CUSTOM_JEWELLERY",
            "assigned_to": [
                "sanjana@nsj.com"
            ],
            "assigned_to_name": "Sanjana",
            "created_by": [
                "niti@nsj.com"
            ],
            "status": "PENDING",
            "attachment": "",
            "requires_completion_proof": false,
            "completion_proof": "",
            "completion_notes": "",
            "created_at": "2025-12-24T10:11:06.151Z",
            "updated_at": "2025-12-24T10:11:06.151Z",
            "completed_at": null,
            "assignees": []
        }
    },
    {
        "model": "tasks.task",
        "pk": "0f27d06c-f210-4376-8d1d-eb0de515ebec",
        "fields": {
            "company": "0d1fac01-4068-42b0-a8f6-f2c47375185d",
            "title": "New Order Alert - A D DIAMONDS",
            "description": "Query converted to order.\n\nCustomer: aryan33\nItem: A D DIAMONDS\nGold Carat: 18K\nSize: 3.3\n\nPlease review and prepare for production.",
            "deadline": "2026-02-17",
            "urgency": "HIGH",
            "output_medium": "Production preparation",
            "department": "PRODUCTION",
            "sub_department": "CUSTOM_JEWELLERY",
            "assigned_to": [
                "sanjana@nsj.com"
            ],
            "assigned_to_name": "Sanjana",
            "created_by": [
                "niti@nsj.com"
            ],
            "status": "PENDING",
            "attachment": "",
            "requires_completion_proof": false,
            "completion_proof": "",
            "completion_notes": "",
            "created_at": "2026-02-16T17:30:27.811Z",
            "updated_at": "2026-02-16T17:30:27.811Z",
            "completed_at": null,
            "assignees": []
        }
    },
    {
        "model": "tasks.task",
        "pk": "1310ff21-2a9a-4638-add0-781546693501",
        "fields": {
            "company": "0d1fac01-4068-42b0-a8f6-f2c47375185d",
            "title": "ytrfh",
            "description": "gfhgfh",
            "deadline": "2025-12-22",
            "urgency": "MEDIUM",
            "output_medium": "",
            "department": "QUALITY",
            "sub_department": null,
            "assigned_to": null,
            "assigned_to_name": null,
            "created_by": [
                "admin123@gmail.com"
            ],
            "status": "NEED_FOUNDER",
            "attachment": "",
            "requires_completion_proof": false,
            "completion_proof": "",
            "completion_notes": "",
            "created_at": "2025-12-22T11:05:18.127Z",
            "updated_at": "2025-12-22T11:05:27.708Z",
            "completed_at": null,
            "assignees": []
        }
    },
    {
        "model": "tasks.task",
        "pk": "1665f488-0871-4aa7-ae4a-0bb6cad12710",
        "fields": {
            "company": "0d1fac01-4068-42b0-a8f6-f2c47375185d",
            "title": "New Order Alert - DIAMOND CHAIN",
            "description": "Query converted to order.\n\nCustomer: aryan33\nItem: DIAMOND CHAIN\nGold Carat: 24K\nSize: 3.3\n\nPlease review and prepare for production.",
            "deadline": "2026-02-17",
            "urgency": "HIGH",
            "output_medium": "Production preparation",
            "department": "PRODUCTION",
            "sub_department": "CUSTOM_JEWELLERY",
            "assigned_to": [
                "sanjana@nsj.com"
            ],
            "assigned_to_name": "Sanjana",
            "created_by": [
                "niti@nsj.com"
            ],
            "status": "PENDING",
            "attachment": "",
            "requires_completion_proof": false,
            "completion_proof": "",
            "completion_notes": "",
            "created_at": "2026-02-16T17:29:59.454Z",
            "updated_at": "2026-02-16T17:29:59.454Z",
            "completed_at": null,
            "assignees": []
        }
    },
    {
        "model": "tasks.task",
        "pk": "1b86624e-4527-4d85-98dc-5564a3ff3172",
        "fields": {
            "company": "0d1fac01-4068-42b0-a8f6-f2c47375185d",
            "title": "afafd",
            "description": "fjfjyv",
            "deadline": "2025-12-26",
            "urgency": "MEDIUM",
            "output_medium": "fdsfsd",
            "department": "LOGISTICS",
            "sub_department": "LOCAL",
            "assigned_to": null,
            "assigned_to_name": "Pradip Bhai",
            "created_by": [
                "admin123@gmail.com"
            ],
            "status": "PENDING",
            "attachment": "",
            "requires_completion_proof": false,
            "completion_proof": "",
            "completion_notes": "",
            "created_at": "2025-12-23T17:15:10.664Z",
            "updated_at": "2025-12-23T17:15:10.664Z",
            "completed_at": null,
            "assignees": []
        }
    },
    {
        "model": "tasks.task",
        "pk": "244e4bdb-09a6-4c02-bca5-d50fa3131dd0",
        "fields": {
            "company": "0d1fac01-4068-42b0-a8f6-f2c47375185d",
            "title": "Test Task",
            "description": "This is a test task",
            "deadline": "2025-12-25",
            "urgency": "MEDIUM",
            "output_medium": "Document",
            "department": "IT",
            "sub_department": null,
            "assigned_to": [
                "admin123@gmail.com"
            ],
            "assigned_to_name": null,
            "created_by": [
                "admin123@gmail.com"
            ],
            "status": "COMPLETED",
            "attachment": "",
            "requires_completion_proof": false,
            "completion_proof": "",
            "completion_notes": "",
            "created_at": "2025-12-19T17:57:09.338Z",
            "updated_at": "2025-12-22T10:44:30.294Z",
            "completed_at": "2025-12-22T10:44:30.294Z",
            "assignees": []
        }
    },
    {
        "model": "tasks.task",
        "pk": "29b459c3-8b63-4e7d-b213-1f44ff25f75d",
        "fields": {
            "company": "0d1fac01-4068-42b0-a8f6-f2c47375185d",
            "title": "afdfsdf",
            "description": "dfdsfdsf",
            "deadline": "2025-12-24",
            "urgency": "MEDIUM",
            "output_medium": "",
            "department": "PRODUCTION",
            "sub_department": null,
            "assigned_to": null,
            "assigned_to_name": null,
            "created_by": [
                "admin123@gmail.com"
            ],
            "status": "COMPLETED",
            "attachment": "",
            "requires_completion_proof": false,
            "completion_proof": "",
            "completion_notes": "",
            "created_at": "2025-12-22T10:22:44.961Z",
            "updated_at": "2025-12-22T10:44:06.821Z",
            "completed_at": "2025-12-22T10:44:06.821Z",
            "assignees": []
        }
    },
    {
        "model": "tasks.task",
        "pk": "3248151e-6abc-40c9-8ced-357eb3189cbb",
        "fields": {
            "company": "0d1fac01-4068-42b0-a8f6-f2c47375185d",
            "title": "dsada",
            "description": "adsdsa",
            "deadline": "2025-12-24",
            "urgency": "MEDIUM",
            "output_medium": "",
            "department": "MARKETING",
            "sub_department": null,
            "assigned_to": null,
            "assigned_to_name": "Rahul Patel",
            "created_by": [
                "admin123@gmail.com"
            ],
            "status": "PENDING",
            "attachment": "",
            "requires_completion_proof": false,
            "completion_proof": "",
            "completion_notes": "",
            "created_at": "2025-12-22T11:39:37.781Z",
            "updated_at": "2025-12-22T11:39:37.781Z",
            "completed_at": null,
            "assignees": []
        }
    },
    {
        "model": "tasks.task",
        "pk": "32f3ad5f-44b5-4f14-ae10-1b9ecb16e09f",
        "fields": {
            "company": "0d1fac01-4068-42b0-a8f6-f2c47375185d",
            "title": "jbkb",
            "description": "hjk",
            "deadline": "2025-12-25",
            "urgency": "MEDIUM",
            "output_medium": "fdsfsd",
            "department": "ACCOUNTS",
            "sub_department": "GST",
            "assigned_to": null,
            "assigned_to_name": "Mehul",
            "created_by": [
                "admin123@gmail.com"
            ],
            "status": "PENDING",
            "attachment": "",
            "requires_completion_proof": false,
            "completion_proof": "",
            "completion_notes": "",
            "created_at": "2025-12-23T17:09:56.990Z",
            "updated_at": "2025-12-23T17:09:56.990Z",
            "completed_at": null,
            "assignees": []
        }
    },
    {
        "model": "tasks.task",
        "pk": "38da7e5d-3ca8-4cb8-8cfe-a505deed6394",
        "fields": {
            "company": "0d1fac01-4068-42b0-a8f6-f2c47375185d",
            "title": "Design Verification - Order V-B0C24F1B3F",
            "description": "Verify design specifications.\nSize: 3.3\nFinish: matte",
            "deadline": "2025-12-27",
            "urgency": "MEDIUM",
            "output_medium": "Order completion milestone",
            "department": "PRODUCT_DESIGN",
            "sub_department": "2D_DESIGN",
            "assigned_to": null,
            "assigned_to_name": null,
            "created_by": [
                "niti@nsj.com"
            ],
            "status": "PENDING",
            "attachment": "",
            "requires_completion_proof": false,
            "completion_proof": "",
            "completion_notes": "",
            "created_at": "2025-12-24T10:11:48.208Z",
            "updated_at": "2025-12-24T10:11:48.208Z",
            "completed_at": null,
            "assignees": []
        }
    },
    {
        "model": "tasks.task",
        "pk": "3d2a04d6-4673-45fa-97da-bb9c06268b75",
        "fields": {
            "company": "0d1fac01-4068-42b0-a8f6-f2c47375185d",
            "title": "fyiyfif",
            "description": "kfgykgfik",
            "deadline": "2025-12-26",
            "urgency": "MEDIUM",
            "output_medium": "fdsfsd",
            "department": "LOGISTICS",
            "sub_department": "SHIPPING",
            "assigned_to": null,
            "assigned_to_name": "Pradip Bhai",
            "created_by": [
                "admin123@gmail.com"
            ],
            "status": "PENDING",
            "attachment": "",
            "requires_completion_proof": false,
            "completion_proof": "",
            "completion_notes": "",
            "created_at": "2025-12-23T17:14:02.418Z",
            "updated_at": "2025-12-23T17:14:02.418Z",
            "completed_at": null,
            "assignees": []
        }
    },
    {
        "model": "tasks.task",
        "pk": "43532c5f-5d2f-4005-9f53-9beec7be9e40",
        "fields": {
            "company": "0d1fac01-4068-42b0-a8f6-f2c47375185d",
            "title": "gfdg",
            "description": "gfdhgf",
            "deadline": "2025-12-28",
            "urgency": "MEDIUM",
            "output_medium": "",
            "department": "LOGISTICS",
            "sub_department": "LOCAL",
            "assigned_to": null,
            "assigned_to_name": "Pradip Bhai",
            "created_by": [
                "niti@nsj.com"
            ],
            "status": "COMPLETED",
            "attachment": "",
            "requires_completion_proof": false,
            "completion_proof": "",
            "completion_notes": "",
            "created_at": "2025-12-23T17:20:59.162Z",
            "updated_at": "2025-12-23T17:22:55.000Z",
            "completed_at": "2025-12-23T17:22:55.000Z",
            "assignees": []
        }
    },
    {
        "model": "tasks.task",
        "pk": "4d458ee9-78fe-4087-a592-26fc3d0e655f",
        "fields": {
            "company": "0d1fac01-4068-42b0-a8f6-f2c47375185d",
            "title": "Material Sourcing - Order V-B0C24F1B3F",
            "description": "Source raw materials for order.\nItem: N/A\nMetal: 24K",
            "deadline": "2025-12-26",
            "urgency": "HIGH",
            "output_medium": "Order completion milestone",
            "department": "RAW_MATERIAL_INVENTORY",
            "sub_department": "DAILY_IN_OUT",
            "assigned_to": [
                "jinu@nsj.com"
            ],
            "assigned_to_name": "Jinu Bhai",
            "created_by": [
                "niti@nsj.com"
            ],
            "status": "PENDING",
            "attachment": "",
            "requires_completion_proof": false,
            "completion_proof": "",
            "completion_notes": "",
            "created_at": "2025-12-24T10:11:48.189Z",
            "updated_at": "2025-12-24T10:11:48.189Z",
            "completed_at": null,
            "assignees": []
        }
    },
    {
        "model": "tasks.task",
        "pk": "54f3329e-d76b-4f5a-96ce-12c8497e66bc",
        "fields": {
            "company": "0d1fac01-4068-42b0-a8f6-f2c47375185d",
            "title": "Material Sourcing - Order V-07B82DFA48",
            "description": "Source raw materials for order.\nItem: N/A\nMetal: 24K",
            "deadline": "2025-12-26",
            "urgency": "HIGH",
            "output_medium": "Order completion milestone",
            "department": "RAW_MATERIAL_INVENTORY",
            "sub_department": "DAILY_IN_OUT",
            "assigned_to": [
                "jinu@nsj.com"
            ],
            "assigned_to_name": "Jinu Bhai",
            "created_by": [
                "niti@nsj.com"
            ],
            "status": "PENDING",
            "attachment": "",
            "requires_completion_proof": false,
            "completion_proof": "",
            "completion_notes": "",
            "created_at": "2025-12-24T09:35:23.645Z",
            "updated_at": "2025-12-24T09:35:23.645Z",
            "completed_at": null,
            "assignees": []
        }
    },
    {
        "model": "tasks.task",
        "pk": "659f012a-3ffd-4df5-8ed6-f956607572d0",
        "fields": {
            "company": "0d1fac01-4068-42b0-a8f6-f2c47375185d",
            "title": "asd",
            "description": "asdas",
            "deadline": "2025-12-24",
            "urgency": "MEDIUM",
            "output_medium": "asdads",
            "department": "ACCOUNTS",
            "sub_department": "BOOKKEEPING",
            "assigned_to": null,
            "assigned_to_name": "Mehul",
            "created_by": [
                "admin123@gmail.com"
            ],
            "status": "PENDING",
            "attachment": "",
            "requires_completion_proof": false,
            "completion_proof": "",
            "completion_notes": "",
            "created_at": "2025-12-22T15:17:34.907Z",
            "updated_at": "2025-12-22T15:17:34.907Z",
            "completed_at": null,
            "assignees": []
        }
    },
    {
        "model": "tasks.task",
        "pk": "684b143c-d178-45c2-92d0-665039585d60",
        "fields": {
            "company": "0d1fac01-4068-42b0-a8f6-f2c47375185d",
            "title": "Manufacturing - Order V-B0C24F1B3F",
            "description": "Begin manufacturing process.\nProng Style: bezel\nLocking: box clasp",
            "deadline": "2025-12-31",
            "urgency": "HIGH",
            "output_medium": "Order completion milestone",
            "department": "PRODUCTION",
            "sub_department": "CUSTOM_JEWELLERY",
            "assigned_to": [
                "sanjana@nsj.com"
            ],
            "assigned_to_name": "Sanjana",
            "created_by": [
                "niti@nsj.com"
            ],
            "status": "PENDING",
            "attachment": "",
            "requires_completion_proof": false,
            "completion_proof": "",
            "completion_notes": "",
            "created_at": "2025-12-24T10:11:48.221Z",
            "updated_at": "2025-12-24T10:11:48.221Z",
            "completed_at": null,
            "assignees": []
        }
    },
    {
        "model": "tasks.task",
        "pk": "68c713f0-1528-4d81-82d5-e14c6c822019",
        "fields": {
            "company": "0d1fac01-4068-42b0-a8f6-f2c47375185d",
            "title": "Design Verification - Order V-07B82DFA48",
            "description": "Verify design specifications.\nSize: 3.3\nFinish: matte",
            "deadline": "2025-12-27",
            "urgency": "MEDIUM",
            "output_medium": "Order completion milestone",
            "department": "PRODUCT_DESIGN",
            "sub_department": "2D_DESIGN",
            "assigned_to": null,
            "assigned_to_name": null,
            "created_by": [
                "niti@nsj.com"
            ],
            "status": "PENDING",
            "attachment": "",
            "requires_completion_proof": false,
            "completion_proof": "",
            "completion_notes": "",
            "created_at": "2025-12-24T09:35:23.672Z",
            "updated_at": "2025-12-24T09:35:23.672Z",
            "completed_at": null,
            "assignees": []
        }
    },
    {
        "model": "tasks.task",
        "pk": "6dc3fcc8-77a8-47a4-a388-57b687e00632",
        "fields": {
            "company": "0d1fac01-4068-42b0-a8f6-f2c47375185d",
            "title": "test",
            "description": "123",
            "deadline": "2026-01-28",
            "urgency": "MEDIUM",
            "output_medium": "",
            "department": "ADMINISTRATION",
            "sub_department": "ERP",
            "assigned_to": [
                "sandhya@nsj.com"
            ],
            "assigned_to_name": "Sandhya",
            "created_by": [
                "niti@nsj.com"
            ],
            "status": "NEED_FOUNDER",
            "attachment": "",
            "requires_completion_proof": false,
            "completion_proof": "",
            "completion_notes": "",
            "created_at": "2026-01-21T17:59:22.289Z",
            "updated_at": "2026-01-21T18:04:24.673Z",
            "completed_at": null,
            "assignees": []
        }
    },
    {
        "model": "tasks.task",
        "pk": "6f23362b-5da4-4f5f-af3c-90e0e7192238",
        "fields": {
            "company": "0d1fac01-4068-42b0-a8f6-f2c47375185d",
            "title": "New Order Alert - ring7",
            "description": "Query converted to order.\n\nCustomer: aryan33\nItem: ring7\nGold Carat: 24K\nSize: 3.3\n\nPlease review and prepare for production.",
            "deadline": "2025-12-25",
            "urgency": "HIGH",
            "output_medium": "Production preparation",
            "department": "PRODUCTION",
            "sub_department": "CUSTOM_JEWELLERY",
            "assigned_to": [
                "sanjana@nsj.com"
            ],
            "assigned_to_name": "Sanjana",
            "created_by": [
                "niti@nsj.com"
            ],
            "status": "PENDING",
            "attachment": "",
            "requires_completion_proof": false,
            "completion_proof": "",
            "completion_notes": "",
            "created_at": "2025-12-24T09:33:02.920Z",
            "updated_at": "2025-12-24T09:33:02.920Z",
            "completed_at": null,
            "assignees": []
        }
    },
    {
        "model": "tasks.task",
        "pk": "711a5d5a-b524-4da4-9811-bcbc9caeb100",
        "fields": {
            "company": "0d1fac01-4068-42b0-a8f6-f2c47375185d",
            "title": "gfdg",
            "description": "dfgdf",
            "deadline": "2025-12-27",
            "urgency": "MEDIUM",
            "output_medium": "gfdgdf",
            "department": "LOGISTICS",
            "sub_department": "SHIPPING",
            "assigned_to": null,
            "assigned_to_name": "Pradip Bhai",
            "created_by": [
                "niti@nsj.com"
            ],
            "status": "COMPLETED",
            "attachment": "",
            "requires_completion_proof": false,
            "completion_proof": "",
            "completion_notes": "",
            "created_at": "2025-12-24T06:12:43.022Z",
            "updated_at": "2025-12-24T06:30:16.252Z",
            "completed_at": "2025-12-24T06:30:16.249Z",
            "assignees": []
        }
    },
    {
        "model": "tasks.task",
        "pk": "74f89832-8657-4368-b806-9c1fe8cc414d",
        "fields": {
            "company": "0d1fac01-4068-42b0-a8f6-f2c47375185d",
            "title": "procure raw materials",
            "description": "dsfdf",
            "deadline": "2025-12-28",
            "urgency": "HIGH",
            "output_medium": "",
            "department": "PRODUCTION",
            "sub_department": "STOCK_JEWELLERY",
            "assigned_to": null,
            "assigned_to_name": "Sanjana",
            "created_by": [
                "niti@nsj.com"
            ],
            "status": "COMPLETED",
            "attachment": "",
            "requires_completion_proof": false,
            "completion_proof": "",
            "completion_notes": "",
            "created_at": "2025-12-24T09:02:03.773Z",
            "updated_at": "2025-12-24T09:03:42.883Z",
            "completed_at": "2025-12-24T09:03:42.882Z",
            "assignees": []
        }
    },
    {
        "model": "tasks.task",
        "pk": "75c97661-2366-422c-9047-0bbeb598de69",
        "fields": {
            "company": "0d1fac01-4068-42b0-a8f6-f2c47375185d",
            "title": "dsf",
            "description": "fdsfsd",
            "deadline": "2026-01-23",
            "urgency": "MEDIUM",
            "output_medium": "",
            "department": "LOGISTICS",
            "sub_department": "LOCAL",
            "assigned_to": [
                "pradip@nsj.com"
            ],
            "assigned_to_name": "Pradip Bhai",
            "created_by": [
                "niti@nsj.com"
            ],
            "status": "NEED_FOUNDER",
            "attachment": "",
            "requires_completion_proof": false,
            "completion_proof": "",
            "completion_notes": "",
            "created_at": "2026-01-21T18:06:24.452Z",
            "updated_at": "2026-01-29T14:57:43.632Z",
            "completed_at": null,
            "assignees": [
                [
                    "pradip@nsj.com"
                ]
            ]
        }
    },
    {
        "model": "tasks.task",
        "pk": "75d2b8b1-9807-4214-921d-2993a63697f1",
        "fields": {
            "company": "0d1fac01-4068-42b0-a8f6-f2c47375185d",
            "title": "Quality Check - Order V-07B82DFA48",
            "description": "Perform quality inspection.\nRhodium: N/A",
            "deadline": "2026-01-01",
            "urgency": "HIGH",
            "output_medium": "Order completion milestone",
            "department": "PRODUCTION",
            "sub_department": "VENDOR_HANDLING",
            "assigned_to": [
                "sanjana@nsj.com"
            ],
            "assigned_to_name": "Sanjana",
            "created_by": [
                "niti@nsj.com"
            ],
            "status": "PENDING",
            "attachment": "",
            "requires_completion_proof": false,
            "completion_proof": "",
            "completion_notes": "",
            "created_at": "2025-12-24T09:35:23.701Z",
            "updated_at": "2025-12-24T09:35:23.701Z",
            "completed_at": null,
            "assignees": []
        }
    },
    {
        "model": "tasks.task",
        "pk": "848b4cdc-edcf-4bcc-89c8-5c10689fd6c9",
        "fields": {
            "company": "0d1fac01-4068-42b0-a8f6-f2c47375185d",
            "title": "Final Finishing - Order V-B0C24F1B3F",
            "description": "Apply final finish and polish.\nBase Color: white gold",
            "deadline": "2026-01-02",
            "urgency": "MEDIUM",
            "output_medium": "Order completion milestone",
            "department": "PRODUCTION",
            "sub_department": "CUSTOM_JEWELLERY",
            "assigned_to": [
                "sanjana@nsj.com"
            ],
            "assigned_to_name": "Sanjana",
            "created_by": [
                "niti@nsj.com"
            ],
            "status": "COMPLETED",
            "attachment": "",
            "requires_completion_proof": false,
            "completion_proof": "",
            "completion_notes": "",
            "created_at": "2025-12-24T10:11:48.257Z",
            "updated_at": "2026-01-15T10:34:17.179Z",
            "completed_at": "2026-01-15T10:34:17.174Z",
            "assignees": []
        }
    },
    {
        "model": "tasks.task",
        "pk": "84aa6e16-0bf9-41ae-b2c2-40f484c8ab18",
        "fields": {
            "company": "0d1fac01-4068-42b0-a8f6-f2c47375185d",
            "title": "dsfdsf",
            "description": "dsfsd",
            "deadline": "2025-12-27",
            "urgency": "MEDIUM",
            "output_medium": "fdsfsd",
            "department": "ADMINISTRATION",
            "sub_department": "ERP",
            "assigned_to": null,
            "assigned_to_name": "Sandhya",
            "created_by": [
                "pradip@nsj.com"
            ],
            "status": "COMPLETED",
            "attachment": "",
            "requires_completion_proof": false,
            "completion_proof": "",
            "completion_notes": "",
            "created_at": "2025-12-23T20:02:09.101Z",
            "updated_at": "2025-12-23T20:12:43.394Z",
            "completed_at": "2025-12-23T20:12:43.394Z",
            "assignees": []
        }
    },
    {
        "model": "tasks.task",
        "pk": "8e927584-6cc9-490d-96cc-3c35d92dd6d4",
        "fields": {
            "company": "0d1fac01-4068-42b0-a8f6-f2c47375185d",
            "title": "temp123",
            "description": "fdfsgfg",
            "deadline": "2025-12-27",
            "urgency": "HIGH",
            "output_medium": "dfsfdsf",
            "department": "LOGISTICS",
            "sub_department": "SHIPPING",
            "assigned_to": null,
            "assigned_to_name": "Pradip Bhai",
            "created_by": [
                "niti@nsj.com"
            ],
            "status": "COMPLETED",
            "attachment": "",
            "requires_completion_proof": false,
            "completion_proof": "",
            "completion_notes": "",
            "created_at": "2025-12-24T08:35:37.292Z",
            "updated_at": "2025-12-24T08:35:43.176Z",
            "completed_at": "2025-12-24T08:35:43.175Z",
            "assignees": []
        }
    },
    {
        "model": "tasks.task",
        "pk": "99d969ba-1c21-4b36-980a-da157cf966a8",
        "fields": {
            "company": "0d1fac01-4068-42b0-a8f6-f2c47375185d",
            "title": "fdf",
            "description": "sdfsdf",
            "deadline": "2025-12-24",
            "urgency": "MEDIUM",
            "output_medium": "fdsfsd",
            "department": "SOURCING",
            "sub_department": "GOLD_SOURCING",
            "assigned_to": null,
            "assigned_to_name": "Niti",
            "created_by": [
                "admin123@gmail.com"
            ],
            "status": "COMPLETED",
            "attachment": "",
            "requires_completion_proof": false,
            "completion_proof": "",
            "completion_notes": "",
            "created_at": "2025-12-22T14:21:04.150Z",
            "updated_at": "2025-12-22T14:21:18.250Z",
            "completed_at": "2025-12-22T14:21:18.249Z",
            "assignees": []
        }
    },
    {
        "model": "tasks.task",
        "pk": "a1b03652-34c6-425a-aa9d-e57f2470ba75",
        "fields": {
            "company": "0d1fac01-4068-42b0-a8f6-f2c47375185d",
            "title": "order raw materials",
            "description": "fdgsdf",
            "deadline": "2025-12-30",
            "urgency": "MEDIUM",
            "output_medium": "",
            "department": "PRODUCTION",
            "sub_department": "STOCK_JEWELLERY",
            "assigned_to": null,
            "assigned_to_name": "Sanjana",
            "created_by": [
                "niti@nsj.com"
            ],
            "status": "COMPLETED",
            "attachment": "",
            "requires_completion_proof": false,
            "completion_proof": "",
            "completion_notes": "",
            "created_at": "2025-12-24T08:29:18.058Z",
            "updated_at": "2025-12-24T08:29:42.744Z",
            "completed_at": "2025-12-24T08:29:42.742Z",
            "assignees": []
        }
    },
    {
        "model": "tasks.task",
        "pk": "bbe35341-f027-4013-b38d-1cfdda1cb72e",
        "fields": {
            "company": "0d1fac01-4068-42b0-a8f6-f2c47375185d",
            "title": "procuring raw materials",
            "description": "dsfd",
            "deadline": "2025-12-27",
            "urgency": "MEDIUM",
            "output_medium": "",
            "department": "PRODUCTION",
            "sub_department": "REPAIRS",
            "assigned_to": null,
            "assigned_to_name": "Sanjana",
            "created_by": [
                "niti@nsj.com"
            ],
            "status": "COMPLETED",
            "attachment": "",
            "requires_completion_proof": false,
            "completion_proof": "",
            "completion_notes": "",
            "created_at": "2025-12-24T08:53:04.451Z",
            "updated_at": "2025-12-24T08:56:28.732Z",
            "completed_at": "2025-12-24T08:56:28.731Z",
            "assignees": []
        }
    },
    {
        "model": "tasks.task",
        "pk": "bdd4abfb-5909-445b-b83d-99d0377360eb",
        "fields": {
            "company": "0d1fac01-4068-42b0-a8f6-f2c47375185d",
            "title": "tally status",
            "description": "check tally integration done or not",
            "deadline": "2025-12-29",
            "urgency": "MEDIUM",
            "output_medium": "",
            "department": "ACCOUNTS",
            "sub_department": "BILLING",
            "assigned_to": null,
            "assigned_to_name": "Mehul",
            "created_by": [
                "niti@nsj.com"
            ],
            "status": "PENDING",
            "attachment": "",
            "requires_completion_proof": false,
            "completion_proof": "",
            "completion_notes": "",
            "created_at": "2025-12-24T06:48:04.259Z",
            "updated_at": "2025-12-24T06:48:04.259Z",
            "completed_at": null,
            "assignees": []
        }
    },
    {
        "model": "tasks.task",
        "pk": "be5f2276-7fe4-4429-8c1b-f3116f4a0286",
        "fields": {
            "company": "0d1fac01-4068-42b0-a8f6-f2c47375185d",
            "title": "temp",
            "description": "dsgdg",
            "deadline": "2025-12-27",
            "urgency": "MEDIUM",
            "output_medium": "abc",
            "department": "ADMINISTRATION",
            "sub_department": "ERP",
            "assigned_to": null,
            "assigned_to_name": "Sandhya",
            "created_by": [
                "admin123@gmail.com"
            ],
            "status": "COMPLETED",
            "attachment": "",
            "requires_completion_proof": false,
            "completion_proof": "",
            "completion_notes": "",
            "created_at": "2025-12-23T17:16:24.776Z",
            "updated_at": "2025-12-24T06:30:18.535Z",
            "completed_at": "2025-12-24T06:30:18.534Z",
            "assignees": []
        }
    },
    {
        "model": "tasks.task",
        "pk": "c91fe8a4-6e35-4723-bfa3-823527ebe2d7",
        "fields": {
            "company": "0d1fac01-4068-42b0-a8f6-f2c47375185d",
            "title": "Packaging & Dispatch - Order V-07B82DFA48",
            "description": "Package and prepare for dispatch.\nAdditional Notes: None",
            "deadline": "2026-01-03",
            "urgency": "MEDIUM",
            "output_medium": "Order completion milestone",
            "department": "LOGISTICS",
            "sub_department": "LOCAL",
            "assigned_to": [
                "pradip@nsj.com"
            ],
            "assigned_to_name": "Pradip Bhai",
            "created_by": [
                "niti@nsj.com"
            ],
            "status": "PENDING",
            "attachment": "",
            "requires_completion_proof": false,
            "completion_proof": "",
            "completion_notes": "",
            "created_at": "2025-12-24T09:35:23.732Z",
            "updated_at": "2025-12-24T09:35:23.732Z",
            "completed_at": null,
            "assignees": []
        }
    },
    {
        "model": "tasks.task",
        "pk": "c9794e24-b19e-4bd3-b8b0-dbc9a04d07ba",
        "fields": {
            "company": "0d1fac01-4068-42b0-a8f6-f2c47375185d",
            "title": "Final Finishing - Order V-07B82DFA48",
            "description": "Apply final finish and polish.\nBase Color: white gold",
            "deadline": "2026-01-02",
            "urgency": "MEDIUM",
            "output_medium": "Order completion milestone",
            "department": "PRODUCTION",
            "sub_department": "CUSTOM_JEWELLERY",
            "assigned_to": [
                "sanjana@nsj.com"
            ],
            "assigned_to_name": "Sanjana",
            "created_by": [
                "niti@nsj.com"
            ],
            "status": "PENDING",
            "attachment": "",
            "requires_completion_proof": false,
            "completion_proof": "",
            "completion_notes": "",
            "created_at": "2025-12-24T09:35:23.716Z",
            "updated_at": "2025-12-24T09:35:23.716Z",
            "completed_at": null,
            "assignees": []
        }
    },
    {
        "model": "tasks.task",
        "pk": "c9acd86f-ddcc-4d9c-b09e-a71040d484ff",
        "fields": {
            "company": "0d1fac01-4068-42b0-a8f6-f2c47375185d",
            "title": "temp123",
            "description": "hghjgv",
            "deadline": "2025-12-27",
            "urgency": "MEDIUM",
            "output_medium": "abc",
            "department": "PRODUCTION",
            "sub_department": "STOCK_JEWELLERY",
            "assigned_to": null,
            "assigned_to_name": "Sanjana",
            "created_by": [
                "niti@nsj.com"
            ],
            "status": "COMPLETED",
            "attachment": "",
            "requires_completion_proof": false,
            "completion_proof": "",
            "completion_notes": "",
            "created_at": "2025-12-24T06:49:23.926Z",
            "updated_at": "2025-12-24T06:50:08.526Z",
            "completed_at": "2025-12-24T06:50:08.525Z",
            "assignees": []
        }
    },
    {
        "model": "tasks.task",
        "pk": "d6447acf-81c8-4573-8ea6-a6c40c76f3fb",
        "fields": {
            "company": "0d1fac01-4068-42b0-a8f6-f2c47375185d",
            "title": "Packaging & Dispatch - Order V-B0C24F1B3F",
            "description": "Package and prepare for dispatch.\nAdditional Notes: None",
            "deadline": "2026-01-03",
            "urgency": "MEDIUM",
            "output_medium": "Order completion milestone",
            "department": "LOGISTICS",
            "sub_department": "LOCAL",
            "assigned_to": [
                "pradip@nsj.com"
            ],
            "assigned_to_name": "Pradip Bhai",
            "created_by": [
                "niti@nsj.com"
            ],
            "status": "PENDING",
            "attachment": "",
            "requires_completion_proof": false,
            "completion_proof": "",
            "completion_notes": "",
            "created_at": "2025-12-24T10:11:48.277Z",
            "updated_at": "2025-12-24T10:11:48.277Z",
            "completed_at": null,
            "assignees": []
        }
    },
    {
        "model": "tasks.task",
        "pk": "d6dd8369-17b8-41d4-b0b7-d0f7a4c0ef71",
        "fields": {
            "company": "0d1fac01-4068-42b0-a8f6-f2c47375185d",
            "title": "Manufacturing - Order V-07B82DFA48",
            "description": "Begin manufacturing process.\nProng Style: bezel\nLocking: box clasp",
            "deadline": "2025-12-31",
            "urgency": "HIGH",
            "output_medium": "Order completion milestone",
            "department": "PRODUCTION",
            "sub_department": "CUSTOM_JEWELLERY",
            "assigned_to": [
                "sanjana@nsj.com"
            ],
            "assigned_to_name": "Sanjana",
            "created_by": [
                "niti@nsj.com"
            ],
            "status": "PENDING",
            "attachment": "",
            "requires_completion_proof": false,
            "completion_proof": "",
            "completion_notes": "",
            "created_at": "2025-12-24T09:35:23.684Z",
            "updated_at": "2025-12-24T09:35:23.684Z",
            "completed_at": null,
            "assignees": []
        }
    },
    {
        "model": "tasks.task",
        "pk": "dfa0581a-b60f-4df9-9265-d358bdf81703",
        "fields": {
            "company": "0d1fac01-4068-42b0-a8f6-f2c47375185d",
            "title": "Quality Check - Order V-B0C24F1B3F",
            "description": "Perform quality inspection.\nRhodium: N/A",
            "deadline": "2026-01-01",
            "urgency": "HIGH",
            "output_medium": "Order completion milestone",
            "department": "PRODUCTION",
            "sub_department": "VENDOR_HANDLING",
            "assigned_to": [
                "sanjana@nsj.com"
            ],
            "assigned_to_name": "Sanjana",
            "created_by": [
                "niti@nsj.com"
            ],
            "status": "PENDING",
            "attachment": "",
            "requires_completion_proof": false,
            "completion_proof": "",
            "completion_notes": "",
            "created_at": "2025-12-24T10:11:48.239Z",
            "updated_at": "2025-12-24T10:11:48.239Z",
            "completed_at": null,
            "assignees": []
        }
    },
    {
        "model": "tasks.task",
        "pk": "f12a3f52-524d-4609-8169-c8dca6b8175c",
        "fields": {
            "company": "0d1fac01-4068-42b0-a8f6-f2c47375185d",
            "title": "fsdgfd",
            "description": "fdgfd",
            "deadline": "2025-12-27",
            "urgency": "MEDIUM",
            "output_medium": "gfdgf",
            "department": "RAW_MATERIAL_INVENTORY",
            "sub_department": "DAILY_IN_OUT",
            "assigned_to": null,
            "assigned_to_name": "Jinu Bhai",
            "created_by": [
                "niti@nsj.com"
            ],
            "status": "PENDING",
            "attachment": "",
            "requires_completion_proof": false,
            "completion_proof": "",
            "completion_notes": "",
            "created_at": "2025-12-24T06:24:17.282Z",
            "updated_at": "2025-12-24T06:24:17.282Z",
            "completed_at": null,
            "assignees": []
        }
    },
    {
        "model": "tasks.task",
        "pk": "f6c754b9-c7cc-4b81-b576-5ed7b39856b7",
        "fields": {
            "company": "0d1fac01-4068-42b0-a8f6-f2c47375185d",
            "title": "tft",
            "description": "yetyhrt",
            "deadline": "2025-12-24",
            "urgency": "MEDIUM",
            "output_medium": "",
            "department": "QUALITY",
            "sub_department": null,
            "assigned_to": null,
            "assigned_to_name": null,
            "created_by": [
                "admin123@gmail.com"
            ],
            "status": "COMPLETED",
            "attachment": "",
            "requires_completion_proof": false,
            "completion_proof": "",
            "completion_notes": "",
            "created_at": "2025-12-22T10:37:03.747Z",
            "updated_at": "2025-12-22T10:43:52.773Z",
            "completed_at": "2025-12-22T10:43:52.773Z",
            "assignees": []
        }
    },
    {
        "model": "tasks.taskstatushistory",
        "pk": "01d6eb36-f4c5-499c-a7ae-26628360195f",
        "fields": {
            "task": "75c97661-2366-422c-9047-0bbeb598de69",
            "old_status": "PENDING",
            "new_status": "NEED_FOUNDER",
            "changed_by": [
                "niti@nsj.com"
            ],
            "changed_at": "2026-01-29T14:57:43.653Z",
            "notes": "Status updated from Pending to Need Founder Intervention"
        }
    },
    {
        "model": "tasks.taskstatushistory",
        "pk": "0304fc09-c800-4867-a6f4-979a5b00a1fa",
        "fields": {
            "task": "84aa6e16-0bf9-41ae-b2c2-40f484c8ab18",
            "old_status": "PENDING",
            "new_status": "COMPLETED",
            "changed_by": [
                "sandhya@nsj.com"
            ],
            "changed_at": "2025-12-23T20:12:43.404Z",
            "notes": "Status updated from Pending to Completed"
        }
    },
    {
        "model": "tasks.taskstatushistory",
        "pk": "0958f3f5-a55d-43a9-b7c9-e7764f9d6f2d",
        "fields": {
            "task": "75c97661-2366-422c-9047-0bbeb598de69",
            "old_status": null,
            "new_status": "PENDING",
            "changed_by": [
                "niti@nsj.com"
            ],
            "changed_at": "2026-01-21T18:06:24.460Z",
            "notes": "Task created"
        }
    },
    {
        "model": "tasks.taskstatushistory",
        "pk": "0c0f2427-8659-4575-9231-d8719d593f1d",
        "fields": {
            "task": "8e927584-6cc9-490d-96cc-3c35d92dd6d4",
            "old_status": "PENDING",
            "new_status": "COMPLETED",
            "changed_by": [
                "niti@nsj.com"
            ],
            "changed_at": "2025-12-24T08:35:43.193Z",
            "notes": "Status updated from Pending to Completed"
        }
    },
    {
        "model": "tasks.taskstatushistory",
        "pk": "0e64622e-a2ab-4211-a3d4-35730cd62bef",
        "fields": {
            "task": "6f23362b-5da4-4f5f-af3c-90e0e7192238",
            "old_status": null,
            "new_status": "PENDING",
            "changed_by": [
                "niti@nsj.com"
            ],
            "changed_at": "2025-12-24T09:33:02.927Z",
            "notes": "Task created"
        }
    },
    {
        "model": "tasks.taskstatushistory",
        "pk": "10c494fa-16a8-4871-9d3a-b84558a7353f",
        "fields": {
            "task": "711a5d5a-b524-4da4-9811-bcbc9caeb100",
            "old_status": "PENDING",
            "new_status": "COMPLETED",
            "changed_by": [
                "niti@nsj.com"
            ],
            "changed_at": "2025-12-24T06:30:16.262Z",
            "notes": "Status updated from Pending to Completed"
        }
    },
    {
        "model": "tasks.taskstatushistory",
        "pk": "19ff59f2-e663-46d4-8742-d04d1cbd99ef",
        "fields": {
            "task": "74f89832-8657-4368-b806-9c1fe8cc414d",
            "old_status": "PENDING",
            "new_status": "COMPLETED",
            "changed_by": [
                "sanjana@nsj.com"
            ],
            "changed_at": "2025-12-24T09:03:42.903Z",
            "notes": "Status updated from Pending to Completed"
        }
    },
    {
        "model": "tasks.taskstatushistory",
        "pk": "1d7880cb-e97c-4402-ae61-857ef714d6bd",
        "fields": {
            "task": "dfa0581a-b60f-4df9-9265-d358bdf81703",
            "old_status": null,
            "new_status": "PENDING",
            "changed_by": [
                "niti@nsj.com"
            ],
            "changed_at": "2025-12-24T10:11:48.242Z",
            "notes": "Task created"
        }
    },
    {
        "model": "tasks.taskstatushistory",
        "pk": "1e11f724-a73e-4bec-b3b0-c60bd08ddf0d",
        "fields": {
            "task": "74f89832-8657-4368-b806-9c1fe8cc414d",
            "old_status": "PENDING",
            "new_status": "COMPLETED",
            "changed_by": null,
            "changed_at": "2025-12-24T09:03:42.895Z",
            "notes": ""
        }
    },
    {
        "model": "tasks.taskstatushistory",
        "pk": "1f95d836-7fbb-4d52-b4cf-566bb31c5384",
        "fields": {
            "task": "75c97661-2366-422c-9047-0bbeb598de69",
            "old_status": "PENDING",
            "new_status": "NEED_FOUNDER",
            "changed_by": [
                "niti@nsj.com"
            ],
            "changed_at": "2026-01-21T18:06:32.591Z",
            "notes": "Status updated from Pending to Need Founder Intervention"
        }
    },
    {
        "model": "tasks.taskstatushistory",
        "pk": "21599880-89c9-4926-96b9-08dfc5118ff6",
        "fields": {
            "task": "74f89832-8657-4368-b806-9c1fe8cc414d",
            "old_status": null,
            "new_status": "PENDING",
            "changed_by": [
                "niti@nsj.com"
            ],
            "changed_at": "2025-12-24T09:02:03.781Z",
            "notes": "Task created"
        }
    },
    {
        "model": "tasks.taskstatushistory",
        "pk": "238d9604-2116-4454-913f-d548cef80305",
        "fields": {
            "task": "be5f2276-7fe4-4429-8c1b-f3116f4a0286",
            "old_status": "PENDING",
            "new_status": "COMPLETED",
            "changed_by": null,
            "changed_at": "2025-12-24T06:30:18.542Z",
            "notes": ""
        }
    },
    {
        "model": "tasks.taskstatushistory",
        "pk": "2dbd1f35-eb7a-4403-83a0-41718170fa19",
        "fields": {
            "task": "05b6dedc-f87a-4090-ac7b-ad341020f6f5",
            "old_status": null,
            "new_status": "PENDING",
            "changed_by": [
                "niti@nsj.com"
            ],
            "changed_at": "2025-12-24T10:11:06.162Z",
            "notes": "Task created"
        }
    },
    {
        "model": "tasks.taskstatushistory",
        "pk": "2f16b809-1795-4ad0-9adb-095570129c5d",
        "fields": {
            "task": "a1b03652-34c6-425a-aa9d-e57f2470ba75",
            "old_status": "PENDING",
            "new_status": "COMPLETED",
            "changed_by": [
                "niti@nsj.com"
            ],
            "changed_at": "2025-12-24T08:29:42.762Z",
            "notes": "Status updated from Pending to Completed"
        }
    },
    {
        "model": "tasks.taskstatushistory",
        "pk": "2ff700e0-0387-4f15-8560-0ff2803ce2c7",
        "fields": {
            "task": "38da7e5d-3ca8-4cb8-8cfe-a505deed6394",
            "old_status": null,
            "new_status": "PENDING",
            "changed_by": [
                "niti@nsj.com"
            ],
            "changed_at": "2025-12-24T10:11:48.214Z",
            "notes": "Task created"
        }
    },
    {
        "model": "tasks.taskstatushistory",
        "pk": "30afd8a2-de4a-4878-af22-f9fd46a07f7e",
        "fields": {
            "task": "75d2b8b1-9807-4214-921d-2993a63697f1",
            "old_status": null,
            "new_status": "PENDING",
            "changed_by": [
                "niti@nsj.com"
            ],
            "changed_at": "2025-12-24T09:35:23.705Z",
            "notes": "Task created"
        }
    },
    {
        "model": "tasks.taskstatushistory",
        "pk": "31a31896-0a32-482d-8b80-ceb46b612d01",
        "fields": {
            "task": "c9acd86f-ddcc-4d9c-b09e-a71040d484ff",
            "old_status": null,
            "new_status": "PENDING",
            "changed_by": [
                "niti@nsj.com"
            ],
            "changed_at": "2025-12-24T06:49:23.935Z",
            "notes": "Task created"
        }
    },
    {
        "model": "tasks.taskstatushistory",
        "pk": "35ce7aa4-8f3a-4487-931b-96ac175976c8",
        "fields": {
            "task": "a1b03652-34c6-425a-aa9d-e57f2470ba75",
            "old_status": "PENDING",
            "new_status": "COMPLETED",
            "changed_by": null,
            "changed_at": "2025-12-24T08:29:42.754Z",
            "notes": ""
        }
    },
    {
        "model": "tasks.taskstatushistory",
        "pk": "382ce0dc-a55e-4575-9f7c-bb699de4e19c",
        "fields": {
            "task": "8e927584-6cc9-490d-96cc-3c35d92dd6d4",
            "old_status": null,
            "new_status": "PENDING",
            "changed_by": [
                "niti@nsj.com"
            ],
            "changed_at": "2025-12-24T08:35:37.298Z",
            "notes": "Task created"
        }
    },
    {
        "model": "tasks.taskstatushistory",
        "pk": "3f060cfd-3b81-4e81-85b6-57ee0276a82d",
        "fields": {
            "task": "6dc3fcc8-77a8-47a4-a388-57b687e00632",
            "old_status": null,
            "new_status": "PENDING",
            "changed_by": [
                "niti@nsj.com"
            ],
            "changed_at": "2026-01-21T17:59:22.298Z",
            "notes": "Task created"
        }
    },
    {
        "model": "tasks.taskstatushistory",
        "pk": "4194df2a-7b3d-4c6b-b16e-31e432499abb",
        "fields": {
            "task": "848b4cdc-edcf-4bcc-89c8-5c10689fd6c9",
            "old_status": null,
            "new_status": "PENDING",
            "changed_by": [
                "niti@nsj.com"
            ],
            "changed_at": "2025-12-24T10:11:48.262Z",
            "notes": "Task created"
        }
    },
    {
        "model": "tasks.taskstatushistory",
        "pk": "432f6fec-2c12-4d41-948b-041102607a06",
        "fields": {
            "task": "c9acd86f-ddcc-4d9c-b09e-a71040d484ff",
            "old_status": "PENDING",
            "new_status": "COMPLETED",
            "changed_by": null,
            "changed_at": "2025-12-24T06:50:08.535Z",
            "notes": ""
        }
    },
    {
        "model": "tasks.taskstatushistory",
        "pk": "441ca781-97d0-4ce3-93b7-0b68e7240f63",
        "fields": {
            "task": "f12a3f52-524d-4609-8169-c8dca6b8175c",
            "old_status": null,
            "new_status": "PENDING",
            "changed_by": [
                "niti@nsj.com"
            ],
            "changed_at": "2025-12-24T06:24:17.292Z",
            "notes": "Task created"
        }
    },
    {
        "model": "tasks.taskstatushistory",
        "pk": "4a7d346b-e455-4116-be8e-1c20308729df",
        "fields": {
            "task": "be5f2276-7fe4-4429-8c1b-f3116f4a0286",
            "old_status": "PENDING",
            "new_status": "COMPLETED",
            "changed_by": [
                "niti@nsj.com"
            ],
            "changed_at": "2025-12-24T06:30:18.546Z",
            "notes": "Status updated from Pending to Completed"
        }
    },
    {
        "model": "tasks.taskstatushistory",
        "pk": "4b3716ed-d833-4154-bc76-63605eec9850",
        "fields": {
            "task": "8e927584-6cc9-490d-96cc-3c35d92dd6d4",
            "old_status": "PENDING",
            "new_status": "COMPLETED",
            "changed_by": null,
            "changed_at": "2025-12-24T08:35:43.186Z",
            "notes": ""
        }
    },
    {
        "model": "tasks.taskstatushistory",
        "pk": "52206f57-d3ec-44a1-b237-83bf7bb5fd5d",
        "fields": {
            "task": "684b143c-d178-45c2-92d0-665039585d60",
            "old_status": null,
            "new_status": "PENDING",
            "changed_by": [
                "niti@nsj.com"
            ],
            "changed_at": "2025-12-24T10:11:48.227Z",
            "notes": "Task created"
        }
    },
    {
        "model": "tasks.taskstatushistory",
        "pk": "5399b853-6e86-477a-92c7-222f9e52f705",
        "fields": {
            "task": "bbe35341-f027-4013-b38d-1cfdda1cb72e",
            "old_status": "PENDING",
            "new_status": "COMPLETED",
            "changed_by": [
                "sanjana@nsj.com"
            ],
            "changed_at": "2025-12-24T08:56:28.748Z",
            "notes": "Status updated from Pending to Completed"
        }
    },
    {
        "model": "tasks.taskstatushistory",
        "pk": "55c62625-fa13-4683-843b-72eb4b3209ad",
        "fields": {
            "task": "a1b03652-34c6-425a-aa9d-e57f2470ba75",
            "old_status": null,
            "new_status": "PENDING",
            "changed_by": [
                "niti@nsj.com"
            ],
            "changed_at": "2025-12-24T08:29:18.066Z",
            "notes": "Task created"
        }
    },
    {
        "model": "tasks.taskstatushistory",
        "pk": "5cbab1d6-d841-4299-8147-05e7d501de08",
        "fields": {
            "task": "4d458ee9-78fe-4087-a592-26fc3d0e655f",
            "old_status": null,
            "new_status": "PENDING",
            "changed_by": [
                "niti@nsj.com"
            ],
            "changed_at": "2025-12-24T10:11:48.194Z",
            "notes": "Task created"
        }
    },
    {
        "model": "tasks.taskstatushistory",
        "pk": "6ca6fd52-b5ae-4632-919a-a633db7f13bd",
        "fields": {
            "task": "d6447acf-81c8-4573-8ea6-a6c40c76f3fb",
            "old_status": null,
            "new_status": "PENDING",
            "changed_by": [
                "niti@nsj.com"
            ],
            "changed_at": "2025-12-24T10:11:48.280Z",
            "notes": "Task created"
        }
    },
    {
        "model": "tasks.taskstatushistory",
        "pk": "6e2d1793-2129-4d92-bec7-b98780e2ae23",
        "fields": {
            "task": "75c97661-2366-422c-9047-0bbeb598de69",
            "old_status": "PENDING",
            "new_status": "NEED_FOUNDER",
            "changed_by": null,
            "changed_at": "2026-01-21T18:06:32.585Z",
            "notes": ""
        }
    },
    {
        "model": "tasks.taskstatushistory",
        "pk": "72e94328-767e-47ed-baf4-eabb16ac0021",
        "fields": {
            "task": "c9794e24-b19e-4bd3-b8b0-dbc9a04d07ba",
            "old_status": null,
            "new_status": "PENDING",
            "changed_by": [
                "niti@nsj.com"
            ],
            "changed_at": "2025-12-24T09:35:23.721Z",
            "notes": "Task created"
        }
    },
    {
        "model": "tasks.taskstatushistory",
        "pk": "74896fa8-fbfc-4848-a256-8a09898a0450",
        "fields": {
            "task": "848b4cdc-edcf-4bcc-89c8-5c10689fd6c9",
            "old_status": "PENDING",
            "new_status": "COMPLETED",
            "changed_by": [
                "sanjana@nsj.com"
            ],
            "changed_at": "2026-01-15T10:34:17.197Z",
            "notes": "Status updated from Pending to Completed"
        }
    },
    {
        "model": "tasks.taskstatushistory",
        "pk": "7535f23b-a184-472a-b7c6-59704f10a882",
        "fields": {
            "task": "75c97661-2366-422c-9047-0bbeb598de69",
            "old_status": "NEED_FOUNDER",
            "new_status": "PENDING",
            "changed_by": null,
            "changed_at": "2026-01-21T18:20:28.860Z",
            "notes": ""
        }
    },
    {
        "model": "tasks.taskstatushistory",
        "pk": "8108072d-4776-409b-8ef8-d2895365384c",
        "fields": {
            "task": "75c97661-2366-422c-9047-0bbeb598de69",
            "old_status": "NEED_FOUNDER",
            "new_status": "PENDING",
            "changed_by": [
                "niti@nsj.com"
            ],
            "changed_at": "2026-01-21T18:20:28.868Z",
            "notes": "Status updated from Need Founder Intervention to Pending"
        }
    },
    {
        "model": "tasks.taskstatushistory",
        "pk": "95e293a1-73e5-44a0-b3c0-c270f6e13cd7",
        "fields": {
            "task": "6dc3fcc8-77a8-47a4-a388-57b687e00632",
            "old_status": "PENDING",
            "new_status": "NEED_FOUNDER",
            "changed_by": [
                "niti@nsj.com"
            ],
            "changed_at": "2026-01-21T18:04:24.686Z",
            "notes": "Status updated from Pending to Need Founder Intervention"
        }
    },
    {
        "model": "tasks.taskstatushistory",
        "pk": "99174cf7-a03a-4cac-8833-716c598fd658",
        "fields": {
            "task": "bdd4abfb-5909-445b-b83d-99d0377360eb",
            "old_status": null,
            "new_status": "PENDING",
            "changed_by": [
                "niti@nsj.com"
            ],
            "changed_at": "2025-12-24T06:48:04.267Z",
            "notes": "Task created"
        }
    },
    {
        "model": "tasks.taskstatushistory",
        "pk": "9c8c7a25-c0bd-4145-b9dc-f8b4fe95419c",
        "fields": {
            "task": "1665f488-0871-4aa7-ae4a-0bb6cad12710",
            "old_status": null,
            "new_status": "PENDING",
            "changed_by": [
                "niti@nsj.com"
            ],
            "changed_at": "2026-02-16T17:29:59.465Z",
            "notes": "Task created"
        }
    },
    {
        "model": "tasks.taskstatushistory",
        "pk": "9d809adf-eb38-4489-b749-189c23c28800",
        "fields": {
            "task": "43532c5f-5d2f-4005-9f53-9beec7be9e40",
            "old_status": "PENDING",
            "new_status": "COMPLETED",
            "changed_by": [
                "admin123@gmail.com"
            ],
            "changed_at": "2025-12-23T17:22:55.011Z",
            "notes": "Status updated from Pending to Completed"
        }
    },
    {
        "model": "tasks.taskstatushistory",
        "pk": "9ea7de3c-2a57-4d2f-82de-263b7e46a5ee",
        "fields": {
            "task": "75c97661-2366-422c-9047-0bbeb598de69",
            "old_status": "PENDING",
            "new_status": "NEED_FOUNDER",
            "changed_by": null,
            "changed_at": "2026-01-29T14:57:43.645Z",
            "notes": ""
        }
    },
    {
        "model": "tasks.taskstatushistory",
        "pk": "9f62bdb6-cbe5-4446-ad62-c2cf3ddb3ab2",
        "fields": {
            "task": "54f3329e-d76b-4f5a-96ce-12c8497e66bc",
            "old_status": null,
            "new_status": "PENDING",
            "changed_by": [
                "niti@nsj.com"
            ],
            "changed_at": "2025-12-24T09:35:23.653Z",
            "notes": "Task created"
        }
    },
    {
        "model": "tasks.taskstatushistory",
        "pk": "a87e5c63-3ba9-44eb-91ee-228ebe7c445b",
        "fields": {
            "task": "68c713f0-1528-4d81-82d5-e14c6c822019",
            "old_status": null,
            "new_status": "PENDING",
            "changed_by": [
                "niti@nsj.com"
            ],
            "changed_at": "2025-12-24T09:35:23.677Z",
            "notes": "Task created"
        }
    },
    {
        "model": "tasks.taskstatushistory",
        "pk": "ac26532f-633f-4d55-855b-2d9595f5af9a",
        "fields": {
            "task": "848b4cdc-edcf-4bcc-89c8-5c10689fd6c9",
            "old_status": "PENDING",
            "new_status": "COMPLETED",
            "changed_by": null,
            "changed_at": "2026-01-15T10:34:17.189Z",
            "notes": ""
        }
    },
    {
        "model": "tasks.taskstatushistory",
        "pk": "acd33f59-dd3c-492d-825b-29dd1e48b1d0",
        "fields": {
            "task": "bbe35341-f027-4013-b38d-1cfdda1cb72e",
            "old_status": null,
            "new_status": "PENDING",
            "changed_by": [
                "niti@nsj.com"
            ],
            "changed_at": "2025-12-24T08:53:04.457Z",
            "notes": "Task created"
        }
    },
    {
        "model": "tasks.taskstatushistory",
        "pk": "c096ad58-6398-45ef-bb8c-cef6c7ea85f1",
        "fields": {
            "task": "711a5d5a-b524-4da4-9811-bcbc9caeb100",
            "old_status": "PENDING",
            "new_status": "COMPLETED",
            "changed_by": null,
            "changed_at": "2025-12-24T06:30:16.258Z",
            "notes": ""
        }
    },
    {
        "model": "tasks.taskstatushistory",
        "pk": "d2703061-2454-45b3-a790-147509381806",
        "fields": {
            "task": "d6dd8369-17b8-41d4-b0b7-d0f7a4c0ef71",
            "old_status": null,
            "new_status": "PENDING",
            "changed_by": [
                "niti@nsj.com"
            ],
            "changed_at": "2025-12-24T09:35:23.688Z",
            "notes": "Task created"
        }
    },
    {
        "model": "tasks.taskstatushistory",
        "pk": "d49851d0-a4d7-4714-a3ec-d9126355ed59",
        "fields": {
            "task": "6dc3fcc8-77a8-47a4-a388-57b687e00632",
            "old_status": "PENDING",
            "new_status": "NEED_FOUNDER",
            "changed_by": null,
            "changed_at": "2026-01-21T18:04:24.681Z",
            "notes": ""
        }
    },
    {
        "model": "tasks.taskstatushistory",
        "pk": "e7c7d1ca-857a-4bed-b91e-490461acfd38",
        "fields": {
            "task": "0f27d06c-f210-4376-8d1d-eb0de515ebec",
            "old_status": null,
            "new_status": "PENDING",
            "changed_by": [
                "niti@nsj.com"
            ],
            "changed_at": "2026-02-16T17:30:27.817Z",
            "notes": "Task created"
        }
    },
    {
        "model": "tasks.taskstatushistory",
        "pk": "e94f6df8-7853-4e01-a4b4-b201e2cd2b6f",
        "fields": {
            "task": "1310ff21-2a9a-4638-add0-781546693501",
            "old_status": "PENDING",
            "new_status": "NEED_FOUNDER",
            "changed_by": [
                "admin123@gmail.com"
            ],
            "changed_at": "2025-12-22T11:05:27.719Z",
            "notes": "Status updated from Pending to Need Founder Intervention"
        }
    },
    {
        "model": "tasks.taskstatushistory",
        "pk": "f192faa3-bd3d-44e8-b9b2-a4d0456fa028",
        "fields": {
            "task": "c91fe8a4-6e35-4723-bfa3-823527ebe2d7",
            "old_status": null,
            "new_status": "PENDING",
            "changed_by": [
                "niti@nsj.com"
            ],
            "changed_at": "2025-12-24T09:35:23.736Z",
            "notes": "Task created"
        }
    },
    {
        "model": "tasks.taskstatushistory",
        "pk": "f23003b7-7069-49e3-b5f8-35b67aeb8279",
        "fields": {
            "task": "c9acd86f-ddcc-4d9c-b09e-a71040d484ff",
            "old_status": "PENDING",
            "new_status": "COMPLETED",
            "changed_by": [
                "niti@nsj.com"
            ],
            "changed_at": "2025-12-24T06:50:08.544Z",
            "notes": "Status updated from Pending to Completed"
        }
    },
    {
        "model": "tasks.taskstatushistory",
        "pk": "f3e71220-2d61-4bee-8361-001bb6ed23b1",
        "fields": {
            "task": "bbe35341-f027-4013-b38d-1cfdda1cb72e",
            "old_status": "PENDING",
            "new_status": "COMPLETED",
            "changed_by": null,
            "changed_at": "2025-12-24T08:56:28.740Z",
            "notes": ""
        }
    },
    {
        "model": "tasks.taskstatushistory",
        "pk": "f675107f-23a8-4ec5-a02e-9ffaba845d97",
        "fields": {
            "task": "99d969ba-1c21-4b36-980a-da157cf966a8",
            "old_status": "PENDING",
            "new_status": "COMPLETED",
            "changed_by": [
                "admin123@gmail.com"
            ],
            "changed_at": "2025-12-22T14:21:18.265Z",
            "notes": "Status updated from Pending to Completed"
        }
    },
    {
        "model": "tasks.tasknotification",
        "pk": "06c9e94c-8a85-48a0-9bc9-1ec3beb2c3e8",
        "fields": {
            "user": [
                "pradip@nsj.com"
            ],
            "task": "d6447acf-81c8-4573-8ea6-a6c40c76f3fb",
            "message": "Auto-assigned production task: Packaging & Dispatch - Order V-B0C24F1B3F",
            "is_read": false,
            "created_at": "2025-12-24T10:11:48.287Z"
        }
    },
    {
        "model": "tasks.tasknotification",
        "pk": "0af83ad5-5172-42ec-83e2-269108c597a1",
        "fields": {
            "user": [
                "jinu@nsj.com"
            ],
            "task": "54f3329e-d76b-4f5a-96ce-12c8497e66bc",
            "message": "Auto-assigned production task: Material Sourcing - Order V-07B82DFA48",
            "is_read": false,
            "created_at": "2025-12-24T09:35:23.664Z"
        }
    },
    {
        "model": "tasks.tasknotification",
        "pk": "11d9d092-48d5-40c4-b3e8-1fc57c17cca5",
        "fields": {
            "user": [
                "sanjana@nsj.com"
            ],
            "task": "dfa0581a-b60f-4df9-9265-d358bdf81703",
            "message": "Auto-assigned production task: Quality Check - Order V-B0C24F1B3F",
            "is_read": false,
            "created_at": "2025-12-24T10:11:48.250Z"
        }
    },
    {
        "model": "tasks.tasknotification",
        "pk": "15b80c78-f6af-42c2-876c-7dc19d52bdf8",
        "fields": {
            "user": [
                "sanjana@nsj.com"
            ],
            "task": "1665f488-0871-4aa7-ae4a-0bb6cad12710",
            "message": "New task assigned: New Order Alert - DIAMOND CHAIN",
            "is_read": false,
            "created_at": "2026-02-16T17:29:59.472Z"
        }
    },
    {
        "model": "tasks.tasknotification",
        "pk": "25bff4df-d023-48cb-bd28-7c5d1f0a2206",
        "fields": {
            "user": [
                "jinu@nsj.com"
            ],
            "task": "54f3329e-d76b-4f5a-96ce-12c8497e66bc",
            "message": "New task assigned: Material Sourcing - Order V-07B82DFA48",
            "is_read": false,
            "created_at": "2025-12-24T09:35:23.658Z"
        }
    },
    {
        "model": "tasks.tasknotification",
        "pk": "25fb3f6b-4c56-400f-8211-04a7030089dd",
        "fields": {
            "user": [
                "pradip@nsj.com"
            ],
            "task": "75c97661-2366-422c-9047-0bbeb598de69",
            "message": "New task assigned: dsf",
            "is_read": false,
            "created_at": "2026-01-21T18:06:24.465Z"
        }
    },
    {
        "model": "tasks.tasknotification",
        "pk": "2bddb55e-1b7a-4157-b92e-0df25db77e3c",
        "fields": {
            "user": [
                "sanjana@nsj.com"
            ],
            "task": "0f27d06c-f210-4376-8d1d-eb0de515ebec",
            "message": "New task assigned: New Order Alert - A D DIAMONDS",
            "is_read": false,
            "created_at": "2026-02-16T17:30:27.824Z"
        }
    },
    {
        "model": "tasks.tasknotification",
        "pk": "33da5647-0af2-472f-bd27-1cd0bcc81d28",
        "fields": {
            "user": [
                "sanjana@nsj.com"
            ],
            "task": "6f23362b-5da4-4f5f-af3c-90e0e7192238",
            "message": "New order received: ring7 for aryan33",
            "is_read": false,
            "created_at": "2025-12-24T09:33:02.937Z"
        }
    },
    {
        "model": "tasks.tasknotification",
        "pk": "38ec4d2b-cbad-4be4-aa6c-805351c6a1ad",
        "fields": {
            "user": [
                "sandhya@nsj.com"
            ],
            "task": "6dc3fcc8-77a8-47a4-a388-57b687e00632",
            "message": "New task assigned: test",
            "is_read": false,
            "created_at": "2026-01-21T17:59:22.304Z"
        }
    },
    {
        "model": "tasks.tasknotification",
        "pk": "3923ad6e-2c9d-4f7f-a259-307e0bfe0246",
        "fields": {
            "user": [
                "sanjana@nsj.com"
            ],
            "task": "05b6dedc-f87a-4090-ac7b-ad341020f6f5",
            "message": "New order received: ring7 for aryan33",
            "is_read": false,
            "created_at": "2025-12-24T10:11:06.174Z"
        }
    },
    {
        "model": "tasks.tasknotification",
        "pk": "3c89b04c-7267-4035-a49b-c8fb8b4496b6",
        "fields": {
            "user": [
                "sanjana@nsj.com"
            ],
            "task": "75d2b8b1-9807-4214-921d-2993a63697f1",
            "message": "New task assigned: Quality Check - Order V-07B82DFA48",
            "is_read": false,
            "created_at": "2025-12-24T09:35:23.708Z"
        }
    },
    {
        "model": "tasks.tasknotification",
        "pk": "3f45bbed-8076-471e-800e-71535c1c97a5",
        "fields": {
            "user": [
                "pradip@nsj.com"
            ],
            "task": "75c97661-2366-422c-9047-0bbeb598de69",
            "message": "You have been assigned a new task: dsf",
            "is_read": false,
            "created_at": "2026-01-21T18:06:24.481Z"
        }
    },
    {
        "model": "tasks.tasknotification",
        "pk": "50470946-d236-4034-b540-b27512326803",
        "fields": {
            "user": [
                "pradip@nsj.com"
            ],
            "task": "c91fe8a4-6e35-4723-bfa3-823527ebe2d7",
            "message": "New task assigned: Packaging & Dispatch - Order V-07B82DFA48",
            "is_read": false,
            "created_at": "2025-12-24T09:35:23.740Z"
        }
    },
    {
        "model": "tasks.tasknotification",
        "pk": "53bd77ad-84be-4fd4-9215-4a7156035738",
        "fields": {
            "user": [
                "sanjana@nsj.com"
            ],
            "task": "dfa0581a-b60f-4df9-9265-d358bdf81703",
            "message": "New task assigned: Quality Check - Order V-B0C24F1B3F",
            "is_read": false,
            "created_at": "2025-12-24T10:11:48.247Z"
        }
    },
    {
        "model": "tasks.tasknotification",
        "pk": "59f4f2fc-02c1-4412-af8e-8bc7129e0d6a",
        "fields": {
            "user": [
                "sanjana@nsj.com"
            ],
            "task": "75d2b8b1-9807-4214-921d-2993a63697f1",
            "message": "Auto-assigned production task: Quality Check - Order V-07B82DFA48",
            "is_read": false,
            "created_at": "2025-12-24T09:35:23.710Z"
        }
    },
    {
        "model": "tasks.tasknotification",
        "pk": "67db956f-fd77-4dbf-854e-c10fb490b507",
        "fields": {
            "user": [
                "sanjana@nsj.com"
            ],
            "task": "1665f488-0871-4aa7-ae4a-0bb6cad12710",
            "message": "New order received: DIAMOND CHAIN for aryan33",
            "is_read": false,
            "created_at": "2026-02-16T17:29:59.485Z"
        }
    },
    {
        "model": "tasks.tasknotification",
        "pk": "68bdfdac-7ecd-4513-8b63-dc06a87e0ddd",
        "fields": {
            "user": [
                "pradip@nsj.com"
            ],
            "task": "d6447acf-81c8-4573-8ea6-a6c40c76f3fb",
            "message": "New task assigned: Packaging & Dispatch - Order V-B0C24F1B3F",
            "is_read": false,
            "created_at": "2025-12-24T10:11:48.283Z"
        }
    },
    {
        "model": "tasks.tasknotification",
        "pk": "69781e17-dd4f-4afc-a52d-2e53418716b7",
        "fields": {
            "user": [
                "sanjana@nsj.com"
            ],
            "task": "d6dd8369-17b8-41d4-b0b7-d0f7a4c0ef71",
            "message": "Auto-assigned production task: Manufacturing - Order V-07B82DFA48",
            "is_read": false,
            "created_at": "2025-12-24T09:35:23.696Z"
        }
    },
    {
        "model": "tasks.tasknotification",
        "pk": "755fe172-1678-456a-9516-5d8a954ad315",
        "fields": {
            "user": [
                "sanjana@nsj.com"
            ],
            "task": "6f23362b-5da4-4f5f-af3c-90e0e7192238",
            "message": "New task assigned: New Order Alert - ring7",
            "is_read": false,
            "created_at": "2025-12-24T09:33:02.932Z"
        }
    },
    {
        "model": "tasks.tasknotification",
        "pk": "776f8ef9-70a3-4630-9324-e55b4af83ff2",
        "fields": {
            "user": [
                "admin123@gmail.com"
            ],
            "task": "244e4bdb-09a6-4c02-bca5-d50fa3131dd0",
            "message": "You have been assigned a new task: Test Task",
            "is_read": false,
            "created_at": "2025-12-19T17:57:09.342Z"
        }
    },
    {
        "model": "tasks.tasknotification",
        "pk": "81cebf24-ca70-4aa6-8254-9e4934fc1c0e",
        "fields": {
            "user": [
                "sanjana@nsj.com"
            ],
            "task": "0f27d06c-f210-4376-8d1d-eb0de515ebec",
            "message": "New order received: A D DIAMONDS for aryan33",
            "is_read": false,
            "created_at": "2026-02-16T17:30:27.830Z"
        }
    },
    {
        "model": "tasks.tasknotification",
        "pk": "9479b433-950e-47fa-bb69-856c2aeb1653",
        "fields": {
            "user": [
                "pradip@nsj.com"
            ],
            "task": "c91fe8a4-6e35-4723-bfa3-823527ebe2d7",
            "message": "Auto-assigned production task: Packaging & Dispatch - Order V-07B82DFA48",
            "is_read": false,
            "created_at": "2025-12-24T09:35:23.743Z"
        }
    },
    {
        "model": "tasks.tasknotification",
        "pk": "967c10a6-0ddd-4abd-aafc-cdde2ba00add",
        "fields": {
            "user": [
                "sanjana@nsj.com"
            ],
            "task": "05b6dedc-f87a-4090-ac7b-ad341020f6f5",
            "message": "New task assigned: New Order Alert - ring7",
            "is_read": false,
            "created_at": "2025-12-24T10:11:06.168Z"
        }
    },
    {
        "model": "tasks.tasknotification",
        "pk": "9fd0eb99-f9c2-4505-9da0-286888d62169",
        "fields": {
            "user": [
                "sanjana@nsj.com"
            ],
            "task": "c9794e24-b19e-4bd3-b8b0-dbc9a04d07ba",
            "message": "Auto-assigned production task: Final Finishing - Order V-07B82DFA48",
            "is_read": false,
            "created_at": "2025-12-24T09:35:23.729Z"
        }
    },
    {
        "model": "tasks.tasknotification",
        "pk": "a57bdf12-7215-49be-a2a5-1b69480ec79b",
        "fields": {
            "user": [
                "sanjana@nsj.com"
            ],
            "task": "684b143c-d178-45c2-92d0-665039585d60",
            "message": "Auto-assigned production task: Manufacturing - Order V-B0C24F1B3F",
            "is_read": false,
            "created_at": "2025-12-24T10:11:48.234Z"
        }
    },
    {
        "model": "tasks.tasknotification",
        "pk": "a6079b11-ba68-4eb1-827d-299dcee66caf",
        "fields": {
            "user": [
                "sanjana@nsj.com"
            ],
            "task": "684b143c-d178-45c2-92d0-665039585d60",
            "message": "New task assigned: Manufacturing - Order V-B0C24F1B3F",
            "is_read": false,
            "created_at": "2025-12-24T10:11:48.230Z"
        }
    },
    {
        "model": "tasks.tasknotification",
        "pk": "b52b8cd2-1abe-4e59-b95b-b7f79a984e76",
        "fields": {
            "user": [
                "sanjana@nsj.com"
            ],
            "task": "c9794e24-b19e-4bd3-b8b0-dbc9a04d07ba",
            "message": "New task assigned: Final Finishing - Order V-07B82DFA48",
            "is_read": false,
            "created_at": "2025-12-24T09:35:23.725Z"
        }
    },
    {
        "model": "tasks.tasknotification",
        "pk": "c9f8cf97-0c4b-45df-a662-ac59bd58ccde",
        "fields": {
            "user": [
                "sanjana@nsj.com"
            ],
            "task": "848b4cdc-edcf-4bcc-89c8-5c10689fd6c9",
            "message": "Auto-assigned production task: Final Finishing - Order V-B0C24F1B3F",
            "is_read": false,
            "created_at": "2025-12-24T10:11:48.270Z"
        }
    },
    {
        "model": "tasks.tasknotification",
        "pk": "e44190f6-adcd-45f8-add0-e5af85e1f7e9",
        "fields": {
            "user": [
                "sanjana@nsj.com"
            ],
            "task": "848b4cdc-edcf-4bcc-89c8-5c10689fd6c9",
            "message": "New task assigned: Final Finishing - Order V-B0C24F1B3F",
            "is_read": false,
            "created_at": "2025-12-24T10:11:48.266Z"
        }
    },
    {
        "model": "tasks.tasknotification",
        "pk": "ed08700c-5457-4fb8-a726-07806d27ee3d",
        "fields": {
            "user": [
                "jinu@nsj.com"
            ],
            "task": "4d458ee9-78fe-4087-a592-26fc3d0e655f",
            "message": "New task assigned: Material Sourcing - Order V-B0C24F1B3F",
            "is_read": false,
            "created_at": "2025-12-24T10:11:48.199Z"
        }
    },
    {
        "model": "tasks.tasknotification",
        "pk": "f395a280-1af4-4c75-ae48-bac629e351be",
        "fields": {
            "user": [
                "sanjana@nsj.com"
            ],
            "task": "d6dd8369-17b8-41d4-b0b7-d0f7a4c0ef71",
            "message": "New task assigned: Manufacturing - Order V-07B82DFA48",
            "is_read": false,
            "created_at": "2025-12-24T09:35:23.693Z"
        }
    },
    {
        "model": "tasks.tasknotification",
        "pk": "fd696ab6-c4fa-422b-99cc-e8c203d8d97b",
        "fields": {
            "user": [
                "jinu@nsj.com"
            ],
            "task": "4d458ee9-78fe-4087-a592-26fc3d0e655f",
            "message": "Auto-assigned production task: Material Sourcing - Order V-B0C24F1B3F",
            "is_read": false,
            "created_at": "2025-12-24T10:11:48.202Z"
        }
    },
    {
        "model": "sales_queries.salesquery",
        "pk": "4791abca-3232-43c3-9e10-9e0d02b7c96f",
        "fields": {
            "order_date": "2026-02-09",
            "sales_person": "fdsfds",
            "vendor": "fdsfds",
            "account": "9f35ad7e-abb0-4a9e-b8d4-d4461f764343",
            "sub_account": "",
            "phone_number": "990765878578",
            "email": "abc123@gmail.com",
            "city": "Mumbai",
            "client_delivery_type": "",
            "pan_gstin": "",
            "occasion": [
                "Wedding"
            ],
            "required_delivery_date": "2026-02-18",
            "stock_in_deadline": null,
            "purpose": [
                "Self"
            ],
            "jewellery_type": "ring9",
            "size_details": "",
            "fit_details": "",
            "follow_up_log": "",
            "style_preference": [],
            "metal_preference": [],
            "diamond_shape": "",
            "color_clarity": "",
            "origin": "",
            "diamond_budget": "",
            "diamond_priority": [
                "Size",
                "Quality"
            ],
            "sample_details": "",
            "gemstone_preference": "",
            "gemstone_color_clarity": "",
            "gemstone_origin": "",
            "other_details": "",
            "budget_range": "",
            "urgency_level": [],
            "reference_source": [],
            "must_have": "",
            "must_avoid": "",
            "special_instructions": "Final Estimate Selected: ring9 (ID: b5477a86-d5c6-42da-a4b5-7b02176ea60a)",
            "transfer_department": "",
            "follow_up_logs": [
                {
                    "date": "",
                    "mode": "",
                    "outcome": "",
                    "next_action": "",
                    "next_follow_up_date": "",
                    "comments": ""
                }
            ],
            "advance_handling": {
                "advance_type": "",
                "amount_weight": "",
                "date_received": "",
                "receipt_generated": false,
                "accounts_notified": false,
                "erp_entry_done": false,
                "gold_rate_locked": false,
                "gold_rate_fixed": "",
                "gold_rate_date": "",
                "next_dept_triggered": [],
                "verified_by": "",
                "colour_stone_demand": "",
                "raw_material_instructions": ""
            },
            "department_instructions": {
                "design": "",
                "production": "",
                "accounts": "",
                "reminders": ""
            },
            "design_delivery": {
                "rough_work_notes": "",
                "final_design_url": "",
                "delivery_notes": ""
            },
            "ledger_entries": [],
            "status": "pending",
            "is_deleted": false,
            "advance_amount": null,
            "sale_notes": null,
            "estimate_calculated": false,
            "estimate_id": null,
            "selected_estimate_id": "b5477a86-d5c6-42da-a4b5-7b02176ea60a",
            "final_order_id": null,
            "workflow_status": "estimate_selected",
            "reference_photo": "",
            "created_by": [
                "niti@nsj.com"
            ],
            "created_at": "2026-02-09T13:51:06.315Z",
            "updated_at": "2026-02-09T15:20:21.885Z"
        }
    },
    {
        "model": "sales_queries.salesquery",
        "pk": "74df53e4-f186-4400-81f0-8e84ebde05df",
        "fields": {
            "order_date": "2026-02-16",
            "sales_person": "SDDSA",
            "vendor": "",
            "account": "ea34cf39-48f9-4bb6-91fc-425b585c6fc6",
            "sub_account": "",
            "phone_number": "",
            "email": "admin1232@gmail.com",
            "city": "",
            "client_delivery_type": "",
            "pan_gstin": "",
            "occasion": [
                "Wedding",
                "Engagement"
            ],
            "required_delivery_date": "2026-02-18",
            "stock_in_deadline": null,
            "purpose": [
                "Gift"
            ],
            "jewellery_type": "ring9",
            "size_details": "",
            "fit_details": "",
            "follow_up_log": "",
            "style_preference": [],
            "metal_preference": [],
            "diamond_shape": "",
            "color_clarity": "",
            "origin": "",
            "diamond_budget": "",
            "diamond_priority": [],
            "sample_details": "",
            "gemstone_preference": "",
            "gemstone_color_clarity": "",
            "gemstone_origin": "",
            "other_details": "",
            "budget_range": "",
            "urgency_level": [],
            "reference_source": [],
            "must_have": "",
            "must_avoid": "",
            "special_instructions": "Final Estimate Selected: ring9 (ID: b5477a86-d5c6-42da-a4b5-7b02176ea60a)",
            "transfer_department": "",
            "follow_up_logs": [
                {
                    "date": "",
                    "mode": "",
                    "outcome": "",
                    "next_action": "",
                    "next_follow_up_date": "",
                    "comments": ""
                }
            ],
            "advance_handling": {
                "advance_type": "",
                "amount_weight": "",
                "date_received": "",
                "receipt_generated": false,
                "accounts_notified": false,
                "erp_entry_done": false,
                "gold_rate_locked": false,
                "gold_rate_fixed": "",
                "gold_rate_date": "",
                "next_dept_triggered": [],
                "verified_by": "",
                "colour_stone_demand": "",
                "raw_material_instructions": ""
            },
            "department_instructions": {
                "design": "",
                "production": "",
                "accounts": "",
                "reminders": ""
            },
            "design_delivery": {
                "rough_work_notes": "",
                "final_design_url": "",
                "delivery_notes": ""
            },
            "ledger_entries": [],
            "status": "pending",
            "is_deleted": false,
            "advance_amount": null,
            "sale_notes": null,
            "estimate_calculated": false,
            "estimate_id": null,
            "selected_estimate_id": "b5477a86-d5c6-42da-a4b5-7b02176ea60a",
            "final_order_id": null,
            "workflow_status": "converted_to_sale",
            "reference_photo": "",
            "created_by": [
                "niti@nsj.com"
            ],
            "created_at": "2026-02-16T17:18:59.674Z",
            "updated_at": "2026-02-16T17:22:07.049Z"
        }
    },
    {
        "model": "sales_queries.salesquery",
        "pk": "9fa8c990-a5a9-43f9-ba7f-f8baa090c8ec",
        "fields": {
            "order_date": "2026-01-17",
            "sales_person": "aryan",
            "vendor": "",
            "account": "01cd52f4-e7b3-4038-8344-b7dede78fbf5",
            "sub_account": "",
            "phone_number": "9876543210",
            "email": "admin2712@gmail.com",
            "city": "Mumbai",
            "client_delivery_type": "",
            "pan_gstin": "",
            "occasion": [
                "Engagement",
                "Wedding"
            ],
            "required_delivery_date": "2026-01-19",
            "stock_in_deadline": null,
            "purpose": [],
            "jewellery_type": "ring9",
            "size_details": "",
            "fit_details": "",
            "follow_up_log": "",
            "style_preference": [],
            "metal_preference": [],
            "diamond_shape": "",
            "color_clarity": "",
            "origin": "",
            "diamond_budget": "",
            "diamond_priority": [],
            "sample_details": "",
            "gemstone_preference": "",
            "gemstone_color_clarity": "",
            "gemstone_origin": "",
            "other_details": "",
            "budget_range": "",
            "urgency_level": [],
            "reference_source": [],
            "must_have": "",
            "must_avoid": "",
            "special_instructions": "",
            "transfer_department": "",
            "follow_up_logs": [],
            "advance_handling": {
                "advance_type": "",
                "amount_weight": "",
                "date_received": "",
                "receipt_generated": false,
                "accounts_notified": false,
                "erp_entry_done": false,
                "gold_rate_locked": false,
                "gold_rate_fixed": "",
                "gold_rate_date": "",
                "next_dept_triggered": [],
                "verified_by": "",
                "colour_stone_demand": "",
                "raw_material_instructions": ""
            },
            "department_instructions": {
                "design": "",
                "production": "",
                "accounts": "",
                "reminders": ""
            },
            "design_delivery": {
                "rough_work_notes": "",
                "final_design_url": "",
                "delivery_notes": ""
            },
            "ledger_entries": [],
            "status": "pending",
            "is_deleted": false,
            "advance_amount": null,
            "sale_notes": null,
            "estimate_calculated": false,
            "estimate_id": null,
            "selected_estimate_id": null,
            "final_order_id": null,
            "workflow_status": "inquiry_received",
            "reference_photo": "",
            "created_by": [
                "sales@nsj.com"
            ],
            "created_at": "2026-01-17T09:24:26.139Z",
            "updated_at": "2026-01-17T09:24:26.139Z"
        }
    },
    {
        "model": "sales_queries.salesquery",
        "pk": "a237bab6-8e10-400e-96a8-459f8d9bcc03",
        "fields": {
            "order_date": "2026-01-17",
            "sales_person": "aryan",
            "vendor": "",
            "account": "01cd52f4-e7b3-4038-8344-b7dede78fbf5",
            "sub_account": "",
            "phone_number": "9920271641",
            "email": "admin2712@gmail.com",
            "city": "Mumbai",
            "client_delivery_type": "",
            "pan_gstin": "",
            "occasion": [
                "Wedding"
            ],
            "required_delivery_date": "2026-01-22",
            "stock_in_deadline": "2026-01-23",
            "purpose": [
                "Gift"
            ],
            "jewellery_type": "ring7",
            "size_details": "1.2",
            "fit_details": "",
            "follow_up_log": "",
            "style_preference": [],
            "metal_preference": [],
            "diamond_shape": "",
            "color_clarity": "",
            "origin": "",
            "diamond_budget": "",
            "diamond_priority": [],
            "sample_details": "",
            "gemstone_preference": "",
            "gemstone_color_clarity": "",
            "gemstone_origin": "",
            "other_details": "",
            "budget_range": "",
            "urgency_level": [],
            "reference_source": [
                "Instagram"
            ],
            "must_have": "",
            "must_avoid": "",
            "special_instructions": "Final Estimate Selected: ring7 (ID: ebad818c-e3e6-43d9-8b2d-ff21e3e09e59)\r\n\r\nFinal Estimate Selected: Pendant (ID: d9f50b2e-1d82-4c60-8ca6-0d715dd7e983)",
            "transfer_department": "",
            "follow_up_logs": [
                {
                    "date": "",
                    "mode": "",
                    "outcome": "",
                    "next_action": "",
                    "next_follow_up_date": "",
                    "comments": ""
                }
            ],
            "advance_handling": {
                "advance_type": "",
                "amount_weight": "",
                "date_received": "",
                "receipt_generated": false,
                "accounts_notified": false,
                "erp_entry_done": false,
                "gold_rate_locked": false,
                "gold_rate_fixed": "",
                "gold_rate_date": "",
                "next_dept_triggered": [],
                "verified_by": "",
                "colour_stone_demand": "",
                "raw_material_instructions": ""
            },
            "department_instructions": {
                "design": "",
                "production": "",
                "accounts": "",
                "reminders": ""
            },
            "design_delivery": {
                "rough_work_notes": "",
                "final_design_url": "",
                "delivery_notes": ""
            },
            "ledger_entries": [],
            "status": "pending",
            "is_deleted": false,
            "advance_amount": null,
            "sale_notes": null,
            "estimate_calculated": false,
            "estimate_id": null,
            "selected_estimate_id": "d9f50b2e-1d82-4c60-8ca6-0d715dd7e983",
            "final_order_id": null,
            "workflow_status": "estimate_selected",
            "reference_photo": "sales_query_photos/download_1.jpeg",
            "created_by": [
                "sales@nsj.com"
            ],
            "created_at": "2026-01-17T09:34:56.672Z",
            "updated_at": "2026-02-12T13:08:48.908Z"
        }
    },
    {
        "model": "sales_queries.salesquery",
        "pk": "f46c284d-4ea3-4699-936d-8d97284f16d1",
        "fields": {
            "order_date": "2026-02-16",
            "sales_person": "asdsad",
            "vendor": "",
            "account": "29adc30c-1668-449e-9be3-5239bc112e2f",
            "sub_account": "",
            "phone_number": "",
            "email": "admin27@gmail.com",
            "city": "",
            "client_delivery_type": "",
            "pan_gstin": "",
            "occasion": [
                "Wedding"
            ],
            "required_delivery_date": "2026-02-18",
            "stock_in_deadline": null,
            "purpose": [
                "Gift"
            ],
            "jewellery_type": "ring7",
            "size_details": "",
            "fit_details": "",
            "follow_up_log": "",
            "style_preference": [],
            "metal_preference": [
                "White",
                "Yellow"
            ],
            "diamond_shape": "",
            "color_clarity": "",
            "origin": "",
            "diamond_budget": "",
            "diamond_priority": [],
            "sample_details": "",
            "gemstone_preference": "",
            "gemstone_color_clarity": "",
            "gemstone_origin": "",
            "other_details": "",
            "budget_range": "",
            "urgency_level": [],
            "reference_source": [],
            "must_have": "",
            "must_avoid": "",
            "special_instructions": "",
            "transfer_department": "",
            "follow_up_logs": [
                {
                    "date": "",
                    "mode": "",
                    "outcome": "",
                    "next_action": "",
                    "next_follow_up_date": "",
                    "comments": ""
                }
            ],
            "advance_handling": {
                "advance_type": "",
                "amount_weight": "",
                "date_received": "",
                "receipt_generated": false,
                "accounts_notified": false,
                "erp_entry_done": false,
                "gold_rate_locked": false,
                "gold_rate_fixed": "",
                "gold_rate_date": "",
                "next_dept_triggered": [],
                "verified_by": "",
                "colour_stone_demand": "",
                "raw_material_instructions": ""
            },
            "department_instructions": {
                "design": "",
                "production": "",
                "accounts": "",
                "reminders": ""
            },
            "design_delivery": {
                "rough_work_notes": "",
                "final_design_url": "",
                "delivery_notes": ""
            },
            "ledger_entries": [],
            "status": "pending",
            "is_deleted": false,
            "advance_amount": null,
            "sale_notes": null,
            "estimate_calculated": false,
            "estimate_id": null,
            "selected_estimate_id": null,
            "final_order_id": null,
            "workflow_status": "converted_to_sale",
            "reference_photo": "",
            "created_by": [
                "niti@nsj.com"
            ],
            "created_at": "2026-02-16T15:52:49.531Z",
            "updated_at": "2026-02-16T15:54:02.339Z"
        }
    },
    {
        "model": "core.goldratechangelog",
        "pk": "26c3a78e-999e-4c7e-ae23-531e3eccd20e",
        "fields": {
            "gold_rate": "510b6f49-0132-444b-b578-ef7ba9e769ba",
            "action": "CREATE",
            "field_changed": null,
            "old_value": null,
            "new_value": null,
            "changed_by": [
                "niti@nsj.com"
            ],
            "changed_at": "2026-02-10T04:12:44.657Z",
            "notes": "Created OPENING rate for 2026-02-10",
            "ip_address": "127.0.0.1"
        }
    },
    {
        "model": "core.goldratechangelog",
        "pk": "26d6aa5f-45e4-4b7c-ba46-5a06320b9f76",
        "fields": {
            "gold_rate": "cb9b2849-6afc-41e5-a0c5-9e24b12417ec",
            "action": "CREATE",
            "field_changed": null,
            "old_value": null,
            "new_value": null,
            "changed_by": [
                "niti@nsj.com"
            ],
            "changed_at": "2026-02-08T20:10:10.373Z",
            "notes": "Created INTERMEDIATE rate for 2026-02-08",
            "ip_address": "127.0.0.1"
        }
    },
    {
        "model": "core.goldratechangelog",
        "pk": "2971183f-ad14-42e1-86dc-34ca2fa93018",
        "fields": {
            "gold_rate": "a6ac43ae-407a-4d5d-81e1-b4f66d926dce",
            "action": "CREATE",
            "field_changed": null,
            "old_value": null,
            "new_value": null,
            "changed_by": [
                "niti@nsj.com"
            ],
            "changed_at": "2026-02-08T20:14:09.291Z",
            "notes": "Created INTERMEDIATE rate for 2026-02-08",
            "ip_address": "127.0.0.1"
        }
    },
    {
        "model": "core.goldratechangelog",
        "pk": "32a9706a-84d4-4ec2-8db5-8850cfd468c1",
        "fields": {
            "gold_rate": "ff463869-a330-4ec6-80fd-576f6e62cd81",
            "action": "CREATE",
            "field_changed": null,
            "old_value": null,
            "new_value": null,
            "changed_by": [
                "niti@nsj.com"
            ],
            "changed_at": "2026-02-08T19:29:31.980Z",
            "notes": "Created INTERMEDIATE rate for 2026-02-08",
            "ip_address": "127.0.0.1"
        }
    },
    {
        "model": "core.goldratechangelog",
        "pk": "37ce382f-f803-46cc-a327-e6b2a27a604e",
        "fields": {
            "gold_rate": "018de8ac-2a80-4b78-a211-fa5b5e821d10",
            "action": "CREATE",
            "field_changed": null,
            "old_value": null,
            "new_value": null,
            "changed_by": [
                "niti@nsj.com"
            ],
            "changed_at": "2026-02-15T17:59:24.160Z",
            "notes": "Created OPENING rate for 2026-02-15",
            "ip_address": "127.0.0.1"
        }
    },
    {
        "model": "core.goldratechangelog",
        "pk": "380ec733-bcab-4836-9622-a8b7647baefd",
        "fields": {
            "gold_rate": "408e7a5d-00c7-445c-890e-80123d47a673",
            "action": "CREATE",
            "field_changed": null,
            "old_value": null,
            "new_value": null,
            "changed_by": [
                "niti@nsj.com"
            ],
            "changed_at": "2026-02-11T19:48:28.584Z",
            "notes": "Created INTERMEDIATE rate for 2026-02-11",
            "ip_address": "127.0.0.1"
        }
    },
    {
        "model": "core.goldratechangelog",
        "pk": "3b036eb3-235c-4b6b-9aba-9009bb5999dc",
        "fields": {
            "gold_rate": "5e7e3689-f9ff-4653-82c6-c51d32d59cc6",
            "action": "CREATE",
            "field_changed": null,
            "old_value": null,
            "new_value": null,
            "changed_by": [
                "niti@nsj.com"
            ],
            "changed_at": "2026-02-11T16:42:44.923Z",
            "notes": "Created INTERMEDIATE rate for 2026-02-11",
            "ip_address": "127.0.0.1"
        }
    },
    {
        "model": "core.goldratechangelog",
        "pk": "40f9a0d1-f991-4ab6-92cf-3c8ee3f3ac3b",
        "fields": {
            "gold_rate": "2c46b9f3-a7d3-4cc2-802e-a9e4195b5090",
            "action": "CREATE",
            "field_changed": null,
            "old_value": null,
            "new_value": null,
            "changed_by": [
                "niti@nsj.com"
            ],
            "changed_at": "2026-02-12T12:36:49.891Z",
            "notes": "Created OPENING rate for 2026-02-12",
            "ip_address": "127.0.0.1"
        }
    },
    {
        "model": "core.goldratechangelog",
        "pk": "429541d7-b8f4-42ed-8202-71d8a1d9a49b",
        "fields": {
            "gold_rate": "2704d9af-a79e-4e0d-be66-cd31f9068ef6",
            "action": "CREATE",
            "field_changed": null,
            "old_value": null,
            "new_value": null,
            "changed_by": [
                "niti@nsj.com"
            ],
            "changed_at": "2026-02-13T09:41:50.671Z",
            "notes": "Created OPENING rate for 2026-02-13",
            "ip_address": "127.0.0.1"
        }
    },
    {
        "model": "core.goldratechangelog",
        "pk": "4bd1e2f3-2f8c-48e2-8079-183fe90bb338",
        "fields": {
            "gold_rate": "34620d72-d0b1-4379-9a3d-cb67b23a180a",
            "action": "CREATE",
            "field_changed": null,
            "old_value": null,
            "new_value": null,
            "changed_by": [
                "niti@nsj.com"
            ],
            "changed_at": "2026-02-08T20:14:40.011Z",
            "notes": "Created INTERMEDIATE rate for 2026-02-08",
            "ip_address": "127.0.0.1"
        }
    },
    {
        "model": "core.goldratechangelog",
        "pk": "54ccf7b2-e5d7-4577-b1e7-6432605d152d",
        "fields": {
            "gold_rate": "a5804eba-3031-42a7-a5f6-a570fc791a94",
            "action": "CREATE",
            "field_changed": null,
            "old_value": null,
            "new_value": null,
            "changed_by": [
                "niti@nsj.com"
            ],
            "changed_at": "2026-02-08T19:38:58.421Z",
            "notes": "Created INTERMEDIATE rate for 2026-02-08",
            "ip_address": "127.0.0.1"
        }
    },
    {
        "model": "core.goldratechangelog",
        "pk": "6549dc1e-64b0-42e5-82e7-1489542c05c2",
        "fields": {
            "gold_rate": "39175da5-5bac-4ad6-9990-fec43a84cb3c",
            "action": "CREATE",
            "field_changed": null,
            "old_value": null,
            "new_value": null,
            "changed_by": [
                "niti@nsj.com"
            ],
            "changed_at": "2026-02-08T20:20:30.926Z",
            "notes": "Created INTERMEDIATE rate for 2026-02-08",
            "ip_address": "127.0.0.1"
        }
    },
    {
        "model": "core.goldratechangelog",
        "pk": "65aa1d59-fba4-49fe-9157-ad47e6475317",
        "fields": {
            "gold_rate": "92aba423-2061-440b-b6cf-5e69a1931175",
            "action": "CREATE",
            "field_changed": null,
            "old_value": null,
            "new_value": null,
            "changed_by": [
                "niti@nsj.com"
            ],
            "changed_at": "2026-02-16T07:12:01.081Z",
            "notes": "Created OPENING rate for 2026-02-16",
            "ip_address": "127.0.0.1"
        }
    },
    {
        "model": "core.goldratechangelog",
        "pk": "9bbb95ff-19d3-40a1-b3db-845f2ecb6a15",
        "fields": {
            "gold_rate": "8b538774-cc4c-4753-bffc-1fc297553278",
            "action": "CREATE",
            "field_changed": null,
            "old_value": null,
            "new_value": null,
            "changed_by": [
                "niti@nsj.com"
            ],
            "changed_at": "2026-02-10T04:13:37.645Z",
            "notes": "Created INTERMEDIATE rate for 2026-02-10",
            "ip_address": "127.0.0.1"
        }
    },
    {
        "model": "core.goldratechangelog",
        "pk": "a58b2a60-913c-4476-9b38-e17fad4d6daa",
        "fields": {
            "gold_rate": "c4b6a220-c835-457a-9708-01f2ee3e405e",
            "action": "CREATE",
            "field_changed": null,
            "old_value": null,
            "new_value": null,
            "changed_by": [
                "niti@nsj.com"
            ],
            "changed_at": "2026-02-09T04:13:56.652Z",
            "notes": "Created OPENING rate for 2026-02-09",
            "ip_address": "127.0.0.1"
        }
    },
    {
        "model": "core.goldratechangelog",
        "pk": "af9c798a-a9a3-4e13-8110-f70725d39122",
        "fields": {
            "gold_rate": "201d9da9-c413-4aac-b9e4-9d0deaa153b1",
            "action": "CREATE",
            "field_changed": null,
            "old_value": null,
            "new_value": null,
            "changed_by": [
                "niti@nsj.com"
            ],
            "changed_at": "2026-02-12T18:06:54.586Z",
            "notes": "Created INTERMEDIATE rate for 2026-02-12",
            "ip_address": "127.0.0.1"
        }
    },
    {
        "model": "core.goldratechangelog",
        "pk": "b1c84371-5083-4245-9fb5-4e9e451c4bbb",
        "fields": {
            "gold_rate": "5b3bc18a-b6ef-4f0d-a02f-9c67e88335d3",
            "action": "CREATE",
            "field_changed": null,
            "old_value": null,
            "new_value": null,
            "changed_by": [
                "niti@nsj.com"
            ],
            "changed_at": "2026-02-11T16:37:39.171Z",
            "notes": "Created OPENING rate for 2026-02-11",
            "ip_address": "127.0.0.1"
        }
    },
    {
        "model": "core.goldratechangelog",
        "pk": "b3418a7d-8e04-4530-9748-d342775ef4cb",
        "fields": {
            "gold_rate": "cf91e9ec-af26-42f7-bddf-e618483a6fb7",
            "action": "CREATE",
            "field_changed": null,
            "old_value": null,
            "new_value": null,
            "changed_by": [
                "niti@nsj.com"
            ],
            "changed_at": "2026-02-09T04:52:42.613Z",
            "notes": "Created INTERMEDIATE rate for 2026-02-09",
            "ip_address": "127.0.0.1"
        }
    },
    {
        "model": "core.goldratechangelog",
        "pk": "d20a2286-9473-4671-9c40-c902f72aae9f",
        "fields": {
            "gold_rate": "018de8ac-2a80-4b78-a211-fa5b5e821d10",
            "action": "UPDATE",
            "field_changed": null,
            "old_value": null,
            "new_value": null,
            "changed_by": [
                "niti@nsj.com"
            ],
            "changed_at": "2026-02-15T19:56:58.721Z",
            "notes": "Updated OPENING rate for 2026-02-15 (re-submitted)",
            "ip_address": "127.0.0.1"
        }
    },
    {
        "model": "core.goldratechangelog",
        "pk": "dca6d813-9317-4642-a3de-698dfc7b1871",
        "fields": {
            "gold_rate": "70d8ae20-ed3e-405d-ad4d-b8eadd88d0a7",
            "action": "CREATE",
            "field_changed": null,
            "old_value": null,
            "new_value": null,
            "changed_by": [
                "niti@nsj.com"
            ],
            "changed_at": "2026-02-08T17:46:05.733Z",
            "notes": "Created INTERMEDIATE rate for 2026-02-08",
            "ip_address": "127.0.0.1"
        }
    },
    {
        "model": "core.goldratechangelog",
        "pk": "ddc839eb-8d5c-4429-9e45-1f50f0406bd9",
        "fields": {
            "gold_rate": "018de8ac-2a80-4b78-a211-fa5b5e821d10",
            "action": "UPDATE",
            "field_changed": null,
            "old_value": null,
            "new_value": null,
            "changed_by": [
                "niti@nsj.com"
            ],
            "changed_at": "2026-02-15T19:56:33.557Z",
            "notes": "Updated OPENING rate for 2026-02-15 (re-submitted)",
            "ip_address": "127.0.0.1"
        }
    },
    {
        "model": "core.goldratechangelog",
        "pk": "e617444d-ff25-4f15-8661-540178653279",
        "fields": {
            "gold_rate": "15a278a3-6001-421e-a379-fca182e0d158",
            "action": "CREATE",
            "field_changed": null,
            "old_value": null,
            "new_value": null,
            "changed_by": [
                "niti@nsj.com"
            ],
            "changed_at": "2026-02-08T17:45:52.855Z",
            "notes": "Created OPENING rate for 2026-02-08",
            "ip_address": "127.0.0.1"
        }
    },
    {
        "model": "core.dailygoldrate",
        "pk": "018de8ac-2a80-4b78-a211-fa5b5e821d10",
        "fields": {
            "company": "0d1fac01-4068-42b0-a8f6-f2c47375185d",
            "rate_date": "2026-02-15",
            "rate_type": "OPENING",
            "gold_24k_999": "11111.00",
            "gold_24k_995": "212121.00",
            "gold_22k": "10111.01",
            "gold_18k": "8333.25",
            "gold_14k": "6666.60",
            "silver_rate": null,
            "is_locked": true,
            "entered_by": [
                "niti@nsj.com"
            ],
            "entered_at": "2026-02-15T17:59:24.150Z",
            "last_modified_by": [
                "niti@nsj.com"
            ],
            "last_modified_at": "2026-02-15T19:56:58.711Z",
            "correction_notes": null,
            "created_at": "2026-02-15T17:59:24.150Z",
            "updated_at": "2026-02-15T19:56:58.711Z"
        }
    },
    {
        "model": "core.dailygoldrate",
        "pk": "15a278a3-6001-421e-a379-fca182e0d158",
        "fields": {
            "company": "0d1fac01-4068-42b0-a8f6-f2c47375185d",
            "rate_date": "2026-02-08",
            "rate_type": "OPENING",
            "gold_24k_999": "44441.00",
            "gold_24k_995": "11111.00",
            "gold_22k": "40441.31",
            "gold_18k": "33330.75",
            "gold_14k": "26664.60",
            "silver_rate": null,
            "is_locked": true,
            "entered_by": [
                "niti@nsj.com"
            ],
            "entered_at": "2026-02-08T17:45:52.846Z",
            "last_modified_by": null,
            "last_modified_at": null,
            "correction_notes": null,
            "created_at": "2026-02-08T17:45:52.846Z",
            "updated_at": "2026-02-08T17:45:52.846Z"
        }
    },
    {
        "model": "core.dailygoldrate",
        "pk": "201d9da9-c413-4aac-b9e4-9d0deaa153b1",
        "fields": {
            "company": "0d1fac01-4068-42b0-a8f6-f2c47375185d",
            "rate_date": "2026-02-12",
            "rate_type": "INTERMEDIATE",
            "gold_24k_999": "23333.00",
            "gold_24k_995": "11112.00",
            "gold_22k": "21233.03",
            "gold_18k": "17499.75",
            "gold_14k": "13999.80",
            "silver_rate": null,
            "is_locked": false,
            "entered_by": [
                "niti@nsj.com"
            ],
            "entered_at": "2026-02-12T18:06:54.570Z",
            "last_modified_by": null,
            "last_modified_at": null,
            "correction_notes": null,
            "created_at": "2026-02-12T18:06:54.570Z",
            "updated_at": "2026-02-12T18:06:54.570Z"
        }
    },
    {
        "model": "core.dailygoldrate",
        "pk": "2704d9af-a79e-4e0d-be66-cd31f9068ef6",
        "fields": {
            "company": "0d1fac01-4068-42b0-a8f6-f2c47375185d",
            "rate_date": "2026-02-13",
            "rate_type": "OPENING",
            "gold_24k_999": "90000.00",
            "gold_24k_995": "78888.00",
            "gold_22k": "81900.00",
            "gold_18k": "67500.00",
            "gold_14k": "54000.00",
            "silver_rate": null,
            "is_locked": true,
            "entered_by": [
                "niti@nsj.com"
            ],
            "entered_at": "2026-02-13T09:41:50.656Z",
            "last_modified_by": null,
            "last_modified_at": null,
            "correction_notes": null,
            "created_at": "2026-02-13T09:41:50.656Z",
            "updated_at": "2026-02-13T09:41:50.656Z"
        }
    },
    {
        "model": "core.dailygoldrate",
        "pk": "2c46b9f3-a7d3-4cc2-802e-a9e4195b5090",
        "fields": {
            "company": "0d1fac01-4068-42b0-a8f6-f2c47375185d",
            "rate_date": "2026-02-12",
            "rate_type": "OPENING",
            "gold_24k_999": "55555.00",
            "gold_24k_995": "123343.00",
            "gold_22k": "50555.05",
            "gold_18k": "41666.25",
            "gold_14k": "33333.00",
            "silver_rate": null,
            "is_locked": true,
            "entered_by": [
                "niti@nsj.com"
            ],
            "entered_at": "2026-02-12T12:36:49.882Z",
            "last_modified_by": null,
            "last_modified_at": null,
            "correction_notes": null,
            "created_at": "2026-02-12T12:36:49.882Z",
            "updated_at": "2026-02-12T12:36:49.882Z"
        }
    },
    {
        "model": "core.dailygoldrate",
        "pk": "34620d72-d0b1-4379-9a3d-cb67b23a180a",
        "fields": {
            "company": "0d1fac01-4068-42b0-a8f6-f2c47375185d",
            "rate_date": "2026-02-08",
            "rate_type": "INTERMEDIATE",
            "gold_24k_999": "8868.00",
            "gold_24k_995": "8787.00",
            "gold_22k": "8069.88",
            "gold_18k": "6651.00",
            "gold_14k": "5320.80",
            "silver_rate": null,
            "is_locked": false,
            "entered_by": [
                "niti@nsj.com"
            ],
            "entered_at": "2026-02-08T20:14:40.002Z",
            "last_modified_by": null,
            "last_modified_at": null,
            "correction_notes": null,
            "created_at": "2026-02-08T20:14:40.002Z",
            "updated_at": "2026-02-08T20:14:40.002Z"
        }
    },
    {
        "model": "core.dailygoldrate",
        "pk": "39175da5-5bac-4ad6-9990-fec43a84cb3c",
        "fields": {
            "company": "0d1fac01-4068-42b0-a8f6-f2c47375185d",
            "rate_date": "2026-02-08",
            "rate_type": "INTERMEDIATE",
            "gold_24k_999": "8888.00",
            "gold_24k_995": "7657.00",
            "gold_22k": "8088.08",
            "gold_18k": "6666.00",
            "gold_14k": "5332.80",
            "silver_rate": null,
            "is_locked": false,
            "entered_by": [
                "niti@nsj.com"
            ],
            "entered_at": "2026-02-08T20:20:30.912Z",
            "last_modified_by": null,
            "last_modified_at": null,
            "correction_notes": null,
            "created_at": "2026-02-08T20:20:30.912Z",
            "updated_at": "2026-02-08T20:20:30.912Z"
        }
    },
    {
        "model": "core.dailygoldrate",
        "pk": "408e7a5d-00c7-445c-890e-80123d47a673",
        "fields": {
            "company": "0d1fac01-4068-42b0-a8f6-f2c47375185d",
            "rate_date": "2026-02-11",
            "rate_type": "INTERMEDIATE",
            "gold_24k_999": "11111.00",
            "gold_24k_995": "1111.00",
            "gold_22k": "10111.01",
            "gold_18k": "8333.25",
            "gold_14k": "6666.60",
            "silver_rate": null,
            "is_locked": false,
            "entered_by": [
                "niti@nsj.com"
            ],
            "entered_at": "2026-02-11T19:48:28.572Z",
            "last_modified_by": null,
            "last_modified_at": null,
            "correction_notes": null,
            "created_at": "2026-02-11T19:48:28.572Z",
            "updated_at": "2026-02-11T19:48:28.572Z"
        }
    },
    {
        "model": "core.dailygoldrate",
        "pk": "510b6f49-0132-444b-b578-ef7ba9e769ba",
        "fields": {
            "company": "0d1fac01-4068-42b0-a8f6-f2c47375185d",
            "rate_date": "2026-02-10",
            "rate_type": "OPENING",
            "gold_24k_999": "33333.00",
            "gold_24k_995": "22222.00",
            "gold_22k": "30333.03",
            "gold_18k": "24999.75",
            "gold_14k": "19999.80",
            "silver_rate": null,
            "is_locked": true,
            "entered_by": [
                "niti@nsj.com"
            ],
            "entered_at": "2026-02-10T04:12:44.648Z",
            "last_modified_by": null,
            "last_modified_at": null,
            "correction_notes": null,
            "created_at": "2026-02-10T04:12:44.648Z",
            "updated_at": "2026-02-10T04:12:44.648Z"
        }
    },
    {
        "model": "core.dailygoldrate",
        "pk": "5b3bc18a-b6ef-4f0d-a02f-9c67e88335d3",
        "fields": {
            "company": "0d1fac01-4068-42b0-a8f6-f2c47375185d",
            "rate_date": "2026-02-11",
            "rate_type": "OPENING",
            "gold_24k_999": "11111.00",
            "gold_24k_995": "22222.00",
            "gold_22k": "10111.01",
            "gold_18k": "8333.25",
            "gold_14k": "6666.60",
            "silver_rate": null,
            "is_locked": true,
            "entered_by": [
                "niti@nsj.com"
            ],
            "entered_at": "2026-02-11T16:37:39.159Z",
            "last_modified_by": null,
            "last_modified_at": null,
            "correction_notes": null,
            "created_at": "2026-02-11T16:37:39.159Z",
            "updated_at": "2026-02-11T16:37:39.159Z"
        }
    },
    {
        "model": "core.dailygoldrate",
        "pk": "5e7e3689-f9ff-4653-82c6-c51d32d59cc6",
        "fields": {
            "company": "0d1fac01-4068-42b0-a8f6-f2c47375185d",
            "rate_date": "2026-02-11",
            "rate_type": "INTERMEDIATE",
            "gold_24k_999": "1111111.00",
            "gold_24k_995": "11111111.00",
            "gold_22k": "1011111.01",
            "gold_18k": "833333.25",
            "gold_14k": "666666.60",
            "silver_rate": null,
            "is_locked": false,
            "entered_by": [
                "niti@nsj.com"
            ],
            "entered_at": "2026-02-11T16:42:44.915Z",
            "last_modified_by": null,
            "last_modified_at": null,
            "correction_notes": null,
            "created_at": "2026-02-11T16:42:44.915Z",
            "updated_at": "2026-02-11T16:42:44.915Z"
        }
    },
    {
        "model": "core.dailygoldrate",
        "pk": "70d8ae20-ed3e-405d-ad4d-b8eadd88d0a7",
        "fields": {
            "company": "0d1fac01-4068-42b0-a8f6-f2c47375185d",
            "rate_date": "2026-02-08",
            "rate_type": "INTERMEDIATE",
            "gold_24k_999": "34332.00",
            "gold_24k_995": "12121.00",
            "gold_22k": "31242.12",
            "gold_18k": "25749.00",
            "gold_14k": "20599.20",
            "silver_rate": null,
            "is_locked": false,
            "entered_by": [
                "niti@nsj.com"
            ],
            "entered_at": "2026-02-08T17:46:05.727Z",
            "last_modified_by": null,
            "last_modified_at": null,
            "correction_notes": null,
            "created_at": "2026-02-08T17:46:05.727Z",
            "updated_at": "2026-02-08T17:46:05.727Z"
        }
    },
    {
        "model": "core.dailygoldrate",
        "pk": "8b538774-cc4c-4753-bffc-1fc297553278",
        "fields": {
            "company": "0d1fac01-4068-42b0-a8f6-f2c47375185d",
            "rate_date": "2026-02-10",
            "rate_type": "INTERMEDIATE",
            "gold_24k_999": "11111.00",
            "gold_24k_995": "22222.00",
            "gold_22k": "10111.01",
            "gold_18k": "8333.25",
            "gold_14k": "6666.60",
            "silver_rate": null,
            "is_locked": false,
            "entered_by": [
                "niti@nsj.com"
            ],
            "entered_at": "2026-02-10T04:13:37.639Z",
            "last_modified_by": null,
            "last_modified_at": null,
            "correction_notes": null,
            "created_at": "2026-02-10T04:13:37.639Z",
            "updated_at": "2026-02-10T04:13:37.639Z"
        }
    },
    {
        "model": "core.dailygoldrate",
        "pk": "92aba423-2061-440b-b6cf-5e69a1931175",
        "fields": {
            "company": "0d1fac01-4068-42b0-a8f6-f2c47375185d",
            "rate_date": "2026-02-16",
            "rate_type": "OPENING",
            "gold_24k_999": "45122.99",
            "gold_24k_995": "12312.00",
            "gold_22k": "41061.92",
            "gold_18k": "33842.24",
            "gold_14k": "27073.79",
            "silver_rate": null,
            "is_locked": true,
            "entered_by": [
                "niti@nsj.com"
            ],
            "entered_at": "2026-02-16T07:12:01.065Z",
            "last_modified_by": null,
            "last_modified_at": null,
            "correction_notes": null,
            "created_at": "2026-02-16T07:12:01.065Z",
            "updated_at": "2026-02-16T07:12:01.065Z"
        }
    },
    {
        "model": "core.dailygoldrate",
        "pk": "a5804eba-3031-42a7-a5f6-a570fc791a94",
        "fields": {
            "company": "0d1fac01-4068-42b0-a8f6-f2c47375185d",
            "rate_date": "2026-02-08",
            "rate_type": "INTERMEDIATE",
            "gold_24k_999": "121212.00",
            "gold_24k_995": "11111.00",
            "gold_22k": "110302.92",
            "gold_18k": "90909.00",
            "gold_14k": "72727.20",
            "silver_rate": "2121.00",
            "is_locked": false,
            "entered_by": [
                "niti@nsj.com"
            ],
            "entered_at": "2026-02-08T19:38:58.412Z",
            "last_modified_by": null,
            "last_modified_at": null,
            "correction_notes": null,
            "created_at": "2026-02-08T19:38:58.412Z",
            "updated_at": "2026-02-08T19:38:58.412Z"
        }
    },
    {
        "model": "core.dailygoldrate",
        "pk": "a6ac43ae-407a-4d5d-81e1-b4f66d926dce",
        "fields": {
            "company": "0d1fac01-4068-42b0-a8f6-f2c47375185d",
            "rate_date": "2026-02-08",
            "rate_type": "INTERMEDIATE",
            "gold_24k_999": "66666.00",
            "gold_24k_995": "66664.00",
            "gold_22k": "60666.06",
            "gold_18k": "49999.50",
            "gold_14k": "39999.60",
            "silver_rate": null,
            "is_locked": false,
            "entered_by": [
                "niti@nsj.com"
            ],
            "entered_at": "2026-02-08T20:14:09.281Z",
            "last_modified_by": null,
            "last_modified_at": null,
            "correction_notes": null,
            "created_at": "2026-02-08T20:14:09.281Z",
            "updated_at": "2026-02-08T20:14:09.281Z"
        }
    },
    {
        "model": "core.dailygoldrate",
        "pk": "c4b6a220-c835-457a-9708-01f2ee3e405e",
        "fields": {
            "company": "0d1fac01-4068-42b0-a8f6-f2c47375185d",
            "rate_date": "2026-02-09",
            "rate_type": "OPENING",
            "gold_24k_999": "66666.00",
            "gold_24k_995": "11111.00",
            "gold_22k": "60666.06",
            "gold_18k": "49999.50",
            "gold_14k": "39999.60",
            "silver_rate": "222222.00",
            "is_locked": true,
            "entered_by": [
                "niti@nsj.com"
            ],
            "entered_at": "2026-02-09T04:13:56.635Z",
            "last_modified_by": null,
            "last_modified_at": null,
            "correction_notes": null,
            "created_at": "2026-02-09T04:13:56.635Z",
            "updated_at": "2026-02-09T04:13:56.635Z"
        }
    },
    {
        "model": "core.dailygoldrate",
        "pk": "cb9b2849-6afc-41e5-a0c5-9e24b12417ec",
        "fields": {
            "company": "0d1fac01-4068-42b0-a8f6-f2c47375185d",
            "rate_date": "2026-02-08",
            "rate_type": "INTERMEDIATE",
            "gold_24k_999": "65000.00",
            "gold_24k_995": "6480.00",
            "gold_22k": "59150.00",
            "gold_18k": "48750.00",
            "gold_14k": "39000.00",
            "silver_rate": null,
            "is_locked": false,
            "entered_by": [
                "niti@nsj.com"
            ],
            "entered_at": "2026-02-08T20:10:10.368Z",
            "last_modified_by": null,
            "last_modified_at": null,
            "correction_notes": null,
            "created_at": "2026-02-08T20:10:10.368Z",
            "updated_at": "2026-02-08T20:10:10.368Z"
        }
    },
    {
        "model": "core.dailygoldrate",
        "pk": "cf91e9ec-af26-42f7-bddf-e618483a6fb7",
        "fields": {
            "company": "0d1fac01-4068-42b0-a8f6-f2c47375185d",
            "rate_date": "2026-02-09",
            "rate_type": "INTERMEDIATE",
            "gold_24k_999": "11111.00",
            "gold_24k_995": "222221.99",
            "gold_22k": "10111.01",
            "gold_18k": "8333.25",
            "gold_14k": "6666.60",
            "silver_rate": null,
            "is_locked": false,
            "entered_by": [
                "niti@nsj.com"
            ],
            "entered_at": "2026-02-09T04:52:42.592Z",
            "last_modified_by": null,
            "last_modified_at": null,
            "correction_notes": null,
            "created_at": "2026-02-09T04:52:42.592Z",
            "updated_at": "2026-02-09T04:52:42.592Z"
        }
    },
    {
        "model": "core.dailygoldrate",
        "pk": "ff463869-a330-4ec6-80fd-576f6e62cd81",
        "fields": {
            "company": "0d1fac01-4068-42b0-a8f6-f2c47375185d",
            "rate_date": "2026-02-08",
            "rate_type": "INTERMEDIATE",
            "gold_24k_999": "11111.00",
            "gold_24k_995": "111112.00",
            "gold_22k": "10111.01",
            "gold_18k": "8333.25",
            "gold_14k": "6666.60",
            "silver_rate": null,
            "is_locked": false,
            "entered_by": [
                "niti@nsj.com"
            ],
            "entered_at": "2026-02-08T19:29:31.969Z",
            "last_modified_by": null,
            "last_modified_at": null,
            "correction_notes": null,
            "created_at": "2026-02-08T19:29:31.969Z",
            "updated_at": "2026-02-08T19:29:31.969Z"
        }
    },
    {
        "model": "core.goldpricefeeding",
        "pk": "3de13b10-ed0a-4b66-be51-dea3590aafe1",
        "fields": {
            "company": "0d1fac01-4068-42b0-a8f6-f2c47375185d",
            "gold_24k_rate": "10000.00",
            "gold_22k_rate": "12000.00",
            "silver_rate": "231212.00",
            "update_type": "OPENING",
            "feeding_date": "2026-02-02",
            "fed_by": [
                "niti@nsj.com"
            ],
            "fed_at": "2026-02-02T04:51:54.240Z",
            "updated_at": "2026-02-02T04:51:54.241Z",
            "notes": ""
        }
    },
    {
        "model": "core.goldpricefeeding",
        "pk": "72743112-13a9-46a3-addc-4a9b958dc405",
        "fields": {
            "company": "0d1fac01-4068-42b0-a8f6-f2c47375185d",
            "gold_24k_rate": "12222.00",
            "gold_22k_rate": "11111.00",
            "silver_rate": null,
            "update_type": "OPENING",
            "feeding_date": "2026-02-04",
            "fed_by": [
                "niti@nsj.com"
            ],
            "fed_at": "2026-02-04T17:36:36.518Z",
            "updated_at": "2026-02-04T17:36:36.518Z",
            "notes": ""
        }
    },
    {
        "model": "core.goldpricefeeding",
        "pk": "8fa5b1fb-beb5-4a63-a828-f21cece07d4d",
        "fields": {
            "company": "0d1fac01-4068-42b0-a8f6-f2c47375185d",
            "gold_24k_rate": "11133.00",
            "gold_22k_rate": "22223.00",
            "silver_rate": "111223.00",
            "update_type": "OPENING",
            "feeding_date": "2026-02-03",
            "fed_by": [
                "niti@nsj.com"
            ],
            "fed_at": "2026-02-03T13:34:35.717Z",
            "updated_at": "2026-02-03T13:34:35.718Z",
            "notes": ""
        }
    },
    {
        "model": "core.goldpricefeeding",
        "pk": "d0932420-78f0-46de-8553-9cc55b5c5824",
        "fields": {
            "company": "0d1fac01-4068-42b0-a8f6-f2c47375185d",
            "gold_24k_rate": "12222.00",
            "gold_22k_rate": "11111.00",
            "silver_rate": "111112.00",
            "update_type": "OPENING",
            "feeding_date": "2026-02-09",
            "fed_by": [
                "niti@nsj.com"
            ],
            "fed_at": "2026-02-09T03:14:17.303Z",
            "updated_at": "2026-02-09T03:14:17.303Z",
            "notes": ""
        }
    },
    {
        "model": "core.goldpricefeeding",
        "pk": "db5098d9-d03a-49ba-90ee-f56994ceebfb",
        "fields": {
            "company": "0d1fac01-4068-42b0-a8f6-f2c47375185d",
            "gold_24k_rate": "1111.00",
            "gold_22k_rate": "2222.00",
            "silver_rate": "3333.00",
            "update_type": "OPENING",
            "feeding_date": "2026-02-10",
            "fed_by": [
                "niti@nsj.com"
            ],
            "fed_at": "2026-02-10T04:03:16.849Z",
            "updated_at": "2026-02-10T04:03:16.849Z",
            "notes": ""
        }
    },
    {
        "model": "core.goldpricefeeding",
        "pk": "f9d00eb4-7dd2-4fdb-81e0-1690baee670d",
        "fields": {
            "company": "0d1fac01-4068-42b0-a8f6-f2c47375185d",
            "gold_24k_rate": "12222.00",
            "gold_22k_rate": "11111.00",
            "silver_rate": "12211.00",
            "update_type": "OPENING",
            "feeding_date": "2026-02-08",
            "fed_by": [
                "niti@nsj.com"
            ],
            "fed_at": "2026-02-08T15:18:43.626Z",
            "updated_at": "2026-02-08T15:18:43.626Z",
            "notes": ""
        }
    }
]